-- phpMyAdmin SQL Dump
-- version 5.2.1deb3
-- https://www.phpmyadmin.net/
--
-- Host: localhost:3306
-- Generation Time: Jun 16, 2026 at 06:56 AM
-- Server version: 8.0.46-0ubuntu0.24.04.2
-- PHP Version: 8.3.6

SET FOREIGN_KEY_CHECKS=0;
SET SQL_MODE = "NO_AUTO_VALUE_ON_ZERO";
START TRANSACTION;
SET time_zone = "+00:00";


/*!40101 SET @OLD_CHARACTER_SET_CLIENT=@@CHARACTER_SET_CLIENT */;
/*!40101 SET @OLD_CHARACTER_SET_RESULTS=@@CHARACTER_SET_RESULTS */;
/*!40101 SET @OLD_COLLATION_CONNECTION=@@COLLATION_CONNECTION */;
/*!40101 SET NAMES utf8mb4 */;

--
-- Database: `test`
--

--
-- Dumping data for table `amenities`
--

INSERT INTO `amenities` (`id`, `title`, `icon`, `amenityable_id`, `amenityable_type`, `created_at`, `updated_at`) VALUES
(1, 'Free Wi-Fi', 'bi-wifi', 11, 'App\\Models\\Hotel', '2026-04-23 05:23:15', '2026-04-23 05:23:15'),
(2, 'Air Conditioning', 'bi-snow', 11, 'App\\Models\\Hotel', '2026-04-23 05:23:15', '2026-04-23 05:23:15'),
(3, 'Swimming Pool', 'bi-water', 11, 'App\\Models\\Hotel', '2026-04-23 05:23:15', '2026-04-23 05:23:15'),
(4, 'Bar / Lounge', 'bi-cup-straw', 11, 'App\\Models\\Hotel', '2026-04-23 05:23:15', '2026-04-23 05:23:15'),
(5, 'Free Parking', 'bi-p-circle', 11, 'App\\Models\\Hotel', '2026-04-23 05:23:15', '2026-04-23 05:23:15'),
(6, '24/7 Front Desk', 'bi-person-badge', 11, 'App\\Models\\Hotel', '2026-04-23 05:23:15', '2026-04-23 05:23:15'),
(7, 'Laundry Service', 'bi-tsunami', 11, 'App\\Models\\Hotel', '2026-04-23 05:23:15', '2026-04-23 05:23:15'),
(8, 'Free Wi-Fi', 'bi-wifi', 1, 'App\\Models\\Hotel', '2026-04-23 05:24:19', '2026-04-23 05:24:19'),
(9, 'Air Conditioning', 'bi-snow', 1, 'App\\Models\\Hotel', '2026-04-23 05:24:19', '2026-04-23 05:24:19'),
(10, 'Restaurant', 'bi-cup-hot', 1, 'App\\Models\\Hotel', '2026-04-23 05:24:19', '2026-04-23 05:24:19'),
(11, 'Room Service', 'bi-bell', 1, 'App\\Models\\Hotel', '2026-04-23 05:24:20', '2026-04-23 05:24:20'),
(12, 'Laundry Service', 'bi-tsunami', 1, 'App\\Models\\Hotel', '2026-04-23 05:24:20', '2026-04-23 05:24:20'),
(13, 'Conference Room', 'bi-people', 1, 'App\\Models\\Hotel', '2026-04-23 05:24:20', '2026-04-23 05:24:20'),
(14, 'Swimming Pool', 'bi-water', 2, 'App\\Models\\Hotel', '2026-04-23 05:24:42', '2026-04-23 05:24:42'),
(15, 'Fitness Center', 'bi-bicycle', 2, 'App\\Models\\Hotel', '2026-04-23 05:24:42', '2026-04-23 05:24:42'),
(16, 'Free Parking', 'bi-p-circle', 2, 'App\\Models\\Hotel', '2026-04-23 05:24:42', '2026-04-23 05:24:42'),
(17, '24/7 Front Desk', 'bi-person-badge', 2, 'App\\Models\\Hotel', '2026-04-23 05:24:42', '2026-04-23 05:24:42'),
(18, 'Airport Shuttle', 'bi-bus-front', 2, 'App\\Models\\Hotel', '2026-04-23 05:24:42', '2026-04-23 05:24:42'),
(23, 'Free Wi-Fi', 'bi-wifi', 4, 'App\\Models\\Hotel', '2026-04-23 05:24:56', '2026-04-23 05:24:56'),
(24, 'Restaurant', 'bi-cup-hot', 4, 'App\\Models\\Hotel', '2026-04-23 05:24:56', '2026-04-23 05:24:56'),
(25, 'Bar / Lounge', 'bi-cup-straw', 4, 'App\\Models\\Hotel', '2026-04-23 05:24:56', '2026-04-23 05:24:56'),
(26, 'Pet Friendly', 'bi-heart', 4, 'App\\Models\\Hotel', '2026-04-23 05:24:56', '2026-04-23 05:24:56'),
(27, 'Free Wi-Fi', 'bi-wifi', 3, 'App\\Models\\Hotel', '2026-04-30 07:12:51', '2026-04-30 07:12:51'),
(28, 'Spa & Wellness', 'bi-magic', 3, 'App\\Models\\Hotel', '2026-04-30 07:12:51', '2026-04-30 07:12:51'),
(29, 'Free Parking', 'bi-p-circle', 3, 'App\\Models\\Hotel', '2026-04-30 07:12:51', '2026-04-30 07:12:51'),
(30, '24/7 Front Desk', 'bi-person-badge', 3, 'App\\Models\\Hotel', '2026-04-30 07:12:51', '2026-04-30 07:12:51');

--
-- Dumping data for table `bookings`
--

INSERT INTO `bookings` (`id`, `user_id`, `hotel_id`, `status`, `reference_number`, `discount_id`, `discount_amount`, `total_amount`, `created_at`, `updated_at`, `instructions`, `sub_amount`, `currency`, `guest_name`, `guest_email`, `guest_phone`, `arrival`, `leaved`) VALUES
(1, 1, 1, 1, '1776847410LW730001', NULL, 0.00, 8598.00, '2025-05-02 08:43:30', '2026-04-22 08:43:31', NULL, 8598.00, 'INR', 'Ibrahim Garana', 'ibrahim.g@texhxperts.co.in', '9725847556', NULL, NULL),
(2, 1, 10, 5, '1776929182ZADO0001', 1, 4.00, 36.00, '2026-04-23 07:26:22', '2026-04-29 11:19:13', NULL, 40.00, 'SAR', 'Ibrahim Garana', 'ibrahim@gmail.com', '9725847556', '2026-04-23 16:23:14', NULL),
(3, 10, 7, 5, '1776942017AKQP0010', 1, 4.50, 40.50, '2026-04-23 11:00:17', '2026-04-23 11:02:14', NULL, 45.00, 'EUR', 'Neoma Little', 'ashlee57@example.com', '958546542', NULL, NULL),
(8, 10, 2, 2, '1776947372QLCG0010', 1, 580.00, 5220.00, '2026-04-23 12:29:32', '2026-04-24 12:29:33', NULL, 5800.00, 'INR', 'Neoma Little', 'ashlee57@example.com', '987586589', NULL, NULL),
(14, 10, 8, 2, '1777007957VHFX0010', 1, 12.00, 108.00, '2026-04-24 05:19:17', '2026-04-24 05:49:17', NULL, 120.00, 'USD', 'Neoma Little', 'ashlee57@example.com', '985784589', NULL, NULL),
(15, 10, 11, 2, '1777029282WH4H0010', 8, 3040.00, 160.00, '2026-04-16 11:14:42', '2026-04-24 11:44:43', NULL, 3200.00, 'INR', 'Neoma Little', 'ashlee57@example.com', '32453235', NULL, NULL),
(16, 9, 11, 6, '1777267727TR180009', 8, 3000.00, 4000.00, '2026-04-27 05:28:47', '2026-05-07 04:33:32', NULL, 7000.00, 'INR', 'Jaren Vandervort III', 'ggreen@example.com', '567857985', NULL, NULL),
(17, 1, 5, 1, '1777356699IMGI0001', 1, 210.00, 1890.00, '2026-04-28 06:11:39', '2026-04-28 06:11:40', NULL, 2100.00, 'INR', 'Ibrahim Garana', 'ibrahim.g@techxperts.co.in', '9725847556', NULL, NULL),
(18, 1, 11, 1, '1777357969MANA0001', 1, 350.00, 3150.00, '2026-04-28 06:32:49', '2026-04-28 06:32:57', NULL, 3500.00, 'INR', 'Ibrahim Garana', 'ibrahim.g@techxperts.co.in', '9725847556', NULL, NULL),
(19, 1, 11, 1, '1777360990TSG80001', 8, 3000.00, 3400.00, '2026-04-28 07:23:10', '2026-04-28 07:24:13', NULL, 6400.00, 'INR', 'Ibrahim Garana', 'ibrahim.g@techxperts.co.in', '9725847556', NULL, NULL),
(20, 1, 9, 1, '1777450589JPRP0001', 2, 32.00, 128.00, '2026-04-29 08:16:29', '2026-04-29 08:16:31', NULL, 160.00, 'SAR', 'Ibrahim Garana', 'ibrahim.g@techxperts.co.in', '9725847556', NULL, NULL),
(21, 17, 3, 1, '1777533638VKDI0017', 1, 840.00, 7560.00, '2026-04-30 07:20:38', '2026-04-30 07:20:48', NULL, 8400.00, 'INR', 'Jess Purdy', 'iggarana7@gmail.com', '98745858585', NULL, NULL),
(22, 17, 11, 1, '1777534170S5E10017', 2, 1200.00, 4800.00, '2026-04-30 07:29:30', '2026-04-30 07:29:41', NULL, 6000.00, 'INR', 'Jess Purdy', 'iggarana7@gmail.com', '985745896', NULL, NULL),
(23, 17, 6, 1, '177753977523G50017', 2, 18.80, 75.20, '2026-04-30 09:02:55', '2026-04-30 09:03:07', NULL, 94.00, 'AED', 'Jess Purdy', 'marques.spencer@example.org', '7467866874', NULL, NULL),
(24, 1, 1, 4, '1777541045B2QE0001', 1, 1000.00, 81485.00, '2026-04-30 09:24:05', '2026-04-30 09:54:05', 'High floor preferred', 82485.00, 'INR', 'John Doe', 'john@example.com', '9876543210', NULL, NULL),
(25, 17, 11, 1, '1777549755V01H0017', 2, 1400.00, 5600.00, '2026-04-30 11:49:15', '2026-04-30 11:49:25', NULL, 7000.00, 'INR', 'Jess Purdy', 'marques.spencer@example.org', '64998598', NULL, NULL),
(26, 2, 11, 1, '1777549975CWKM0002', 1, 1000.00, 114500.00, '2026-04-30 11:52:55', '2026-06-05 06:34:45', NULL, 115500.00, 'INR', 'Admin of System', 'ibrahimgarana704@gmail.com', '9100292900', '2026-05-05 11:32:09', '2026-06-05 12:04:45'),
(27, 1, 3, 1, '1777616288CR9Q0001', 1, 700.00, 6300.00, '2026-05-01 06:18:08', '2026-05-05 05:58:27', NULL, 7000.00, 'INR', 'Ibrahim Garana', 'ibrahim.g@techxperts.co.in', '9725847556', '2026-05-01 11:53:28', '2026-05-05 11:28:27'),
(28, 1, 3, 1, '1777616686YQLQ0001', 1, 350.00, 3150.00, '2026-05-01 06:24:46', '2026-05-01 06:24:55', NULL, 3500.00, 'INR', 'Ibrahim Garana', 'ibrahim.g@techxperts.co.in', '9725847556', NULL, NULL),
(29, 22, 10, 1, '1777634197BEZK0022', 2, 24.00, 96.00, '2026-05-01 11:16:37', '2026-05-05 05:55:13', NULL, 120.00, 'SAR', 'Dr. Clement Marvin', 'teagan.lebsack@example.org', '8974968496', '2026-05-01 16:49:02', '2026-05-05 11:25:13'),
(30, 1, 3, 1, '1777695429UWQC0001', 2, 1200.00, 4800.00, '2026-05-02 04:17:09', '2026-05-05 08:46:39', NULL, 6000.00, 'INR', 'Ibrahim Garana', 'ibrahim.g@techxperts.co.in', '9725847556', NULL, NULL),
(31, 1, 3, 1, '1777707603R2Z80001', NULL, 0.00, 16800.00, '2026-05-02 07:40:03', '2026-05-02 07:40:15', NULL, 16800.00, 'INR', 'Ibrahim Garana', 'ibrahim.g@techxperts.co.in', '9725847556', NULL, NULL),
(32, 20, 10, 1, '1777957717TBVW0020', 1, 8.00, 72.00, '2026-05-05 05:08:37', '2026-05-07 12:42:57', NULL, 80.00, 'SAR', 'Armand Effertz', 'mortimer.breitenberg@example.net', '958745823', '2026-05-07 18:12:57', NULL),
(33, 1, 10, 1, '1777966839TPKA0001', 1, 8.00, 72.00, '2026-05-05 07:40:39', '2026-05-07 12:44:29', NULL, 80.00, 'SAR', 'Ibrahim Garana', 'ibrahim.g@techxperts.co.in', '9725847556', '2026-05-05 14:02:47', '2026-05-07 18:14:29'),
(34, 1, 11, 1, '1777970997SOLT0001', 1, 1000.00, 13000.00, '2026-05-05 08:49:57', '2026-05-05 08:51:27', NULL, 14000.00, 'INR', 'Ibrahim Garana', 'ibrahim.g@techxperts.co.in', '9725847556', NULL, NULL),
(35, 1, 11, 1, '1777971173WD6H0001', 1, 700.00, 6300.00, '2026-05-05 08:52:53', '2026-05-05 08:55:29', NULL, 7000.00, 'INR', 'Ibrahim Garana', 'ibrahim.g@techxperts.co.in', '9725847556', NULL, NULL),
(36, 2, 11, 1, '1777975966F1BK0002', 1, 1000.00, 11000.00, '2026-05-05 10:12:46', '2026-05-07 12:44:40', NULL, 12000.00, 'INR', 'Admin of System', 'ibrahimgarana704@gmail.com', '9100292900', '2026-05-05 19:04:56', '2026-05-07 18:14:40'),
(37, 16, 1, 1, '1778042777FX2H0016', 1, 599.80, 5398.20, '2026-05-06 04:46:17', '2026-05-07 12:43:14', NULL, 5998.00, 'INR', 'Anabelle Hammes', 'rogahn.braden@example.net', '8585749685', '2026-05-07 18:13:14', NULL),
(38, 16, 2, 2, '1778044823WU9S0016', 1, 1000.00, 9400.00, '2026-05-06 05:20:23', '2026-05-06 05:22:03', NULL, 10400.00, 'INR', 'Anabelle Hammes', 'rogahn.braden@example.net', '857465896', NULL, NULL),
(39, 16, 2, 1, '1778048060EHRV0016', 1, 440.00, 3960.00, '2026-05-06 06:14:20', '2026-05-07 12:43:22', NULL, 4400.00, 'INR', 'Anabelle Hammes', 'rogahn.braden@example.net', '6352857485', '2026-05-07 18:13:22', NULL),
(40, 16, 2, 1, '1778048842I6BO0016', 1, 950.00, 8550.00, '2026-05-06 06:27:22', '2026-05-06 07:01:03', NULL, 9500.00, 'INR', 'Anabelle Hammes', 'rogahn.braden@example.net', '987987987', NULL, NULL),
(41, 16, 2, 3, '1778049408FDSW0016', 1, 220.00, 1980.00, '2026-05-06 06:36:48', '2026-05-06 06:36:49', NULL, 2200.00, 'INR', 'Anabelle Hammes', 'rogahn.braden@example.net', '879684668476', NULL, NULL),
(42, 16, 2, 3, '1778049604FNWY0016', 1, 220.00, 1980.00, '2026-05-06 06:40:04', '2026-05-06 06:40:05', NULL, 2200.00, 'INR', 'Anabelle Hammes', 'rogahn.braden@example.net', '87968476', NULL, NULL),
(43, 16, 2, 3, '1778049744MYL30016', 1, 220.00, 1980.00, '2026-05-06 06:42:24', '2026-05-06 06:42:25', NULL, 2200.00, 'INR', 'Anabelle Hammes', 'rogahn.braden@example.net', '8685464', NULL, NULL),
(44, 16, 2, 3, '1778049928B78I0016', 1, 220.00, 1980.00, '2026-05-06 06:45:28', '2026-05-06 06:45:29', NULL, 2200.00, 'INR', 'Anabelle Hammes', 'rogahn.braden@example.net', '646946', NULL, NULL),
(45, 16, 2, 3, '1778050010SALL0016', 1, 220.00, 1980.00, '2026-05-06 06:46:50', '2026-05-06 06:46:51', NULL, 2200.00, 'INR', 'Anabelle Hammes', 'rogahn.braden@example.net', '654645', NULL, NULL),
(46, 16, 2, 3, '1778050084GOAI0016', 1, 220.00, 1980.00, '2026-05-06 06:48:04', '2026-05-06 06:48:05', NULL, 2200.00, 'INR', 'Anabelle Hammes', 'rogahn.braden@example.net', '6546546', NULL, NULL),
(47, 16, 2, 3, '1778050155WWOV0016', 1, 220.00, 1980.00, '2026-05-06 06:49:15', '2026-05-06 06:49:16', NULL, 2200.00, 'INR', 'Anabelle Hammes', 'rogahn.braden@example.net', '6476465', NULL, NULL),
(48, 16, 2, 3, '1778050156ZMIR0016', 1, 220.00, 1980.00, '2026-05-06 06:49:16', '2026-05-06 06:49:17', NULL, 2200.00, 'INR', 'Anabelle Hammes', 'rogahn.braden@example.net', '6476465', NULL, NULL),
(49, 16, 2, 3, '1778050256VSZ10016', 1, 220.00, 1980.00, '2026-05-06 06:50:56', '2026-05-06 06:50:57', NULL, 2200.00, 'INR', 'Anabelle Hammes', 'rogahn.braden@example.net', '254654', NULL, NULL),
(50, 16, 2, 3, '1778050331TCCZ0016', 1, 220.00, 1980.00, '2026-05-06 06:52:11', '2026-05-06 06:52:12', NULL, 2200.00, 'INR', 'Anabelle Hammes', 'rogahn.braden@example.net', '6461', NULL, NULL),
(51, 16, 2, 3, '17780504100NXW0016', 1, 220.00, 1980.00, '2026-05-06 06:53:30', '2026-05-06 06:53:31', NULL, 2200.00, 'INR', 'Anabelle Hammes', 'rogahn.braden@example.net', '64654', NULL, NULL),
(52, 16, 2, 3, '1778050699HYXE0016', 1, 220.00, 1980.00, '2026-05-06 06:58:19', '2026-05-06 06:58:20', NULL, 2200.00, 'INR', 'Anabelle Hammes', 'rogahn.braden@example.net', '65463465', NULL, NULL),
(53, 16, 2, 3, '177805109590TO0016', 1, 220.00, 1980.00, '2026-05-06 07:04:55', '2026-05-06 07:04:57', NULL, 2200.00, 'INR', 'Anabelle Hammes', 'rogahn.braden@example.net', '654646', NULL, NULL),
(54, 16, 2, 3, '1778051272ZN5F0016', 1, 220.00, 1980.00, '2026-05-06 07:07:52', '2026-05-06 07:07:54', NULL, 2200.00, 'INR', 'Anabelle Hammes', 'rogahn.braden@example.net', '65464614', NULL, NULL),
(55, 16, 2, 3, '1778051383VH9S0016', 1, 220.00, 1980.00, '2026-05-06 07:09:43', '2026-05-06 07:09:44', NULL, 2200.00, 'INR', 'Anabelle Hammes', 'rogahn.braden@example.net', '5456464', NULL, NULL),
(56, 16, 2, 3, '1778051449MI7J0016', 1, 220.00, 1980.00, '2026-05-06 07:10:49', '2026-05-06 07:10:50', NULL, 2200.00, 'INR', 'Anabelle Hammes', 'rogahn.braden@example.net', '65468431', NULL, NULL),
(57, 16, 2, 3, '17780515407DVL0016', 1, 220.00, 1980.00, '2026-05-06 07:12:20', '2026-05-06 07:12:21', NULL, 2200.00, 'INR', 'Anabelle Hammes', 'rogahn.braden@example.net', '5546', NULL, NULL),
(58, 16, 2, 3, '17780515670R460016', 1, 220.00, 1980.00, '2026-05-06 07:12:47', '2026-05-06 07:12:48', NULL, 2200.00, 'INR', 'Anabelle Hammes', 'rogahn.braden@example.net', '56465', NULL, NULL),
(59, 16, 2, 3, '1778052460LMO40016', 1, 220.00, 1980.00, '2026-05-06 07:27:40', '2026-05-06 07:27:41', NULL, 2200.00, 'INR', 'Anabelle Hammes', 'rogahn.braden@example.net', '65464', NULL, NULL),
(60, 16, 2, 3, '1778052565OBYQ0016', 1, 220.00, 1980.00, '2026-05-06 07:29:25', '2026-05-06 07:29:26', NULL, 2200.00, 'INR', 'Anabelle Hammes', 'rogahn.braden@example.net', '8574698425', NULL, NULL),
(61, 16, 2, 1, '1778052692NTSE0016', 1, 220.00, 1980.00, '2026-05-06 07:31:32', '2026-05-06 07:31:42', NULL, 2200.00, 'INR', 'Anabelle Hammes', 'rogahn.braden@example.net', '8574698425', NULL, NULL),
(62, 16, 2, 1, '17780529709I870016', 1, 220.00, 1980.00, '2026-05-06 07:36:10', '2026-05-07 12:43:50', NULL, 2200.00, 'INR', 'Anabelle Hammes', 'rogahn.braden@example.net', '8574698425', '2026-05-07 18:13:50', NULL),
(63, 16, 2, 1, '1778053050OWH20016', 1, 440.00, 3960.00, '2026-05-06 07:37:30', '2026-05-07 12:43:38', NULL, 4400.00, 'INR', 'Anabelle Hammes', 'rogahn.braden@example.net', '8574698425', '2026-05-07 18:13:38', NULL),
(64, 16, 2, 1, '1778053134PNSN0016', 1, 220.00, 1980.00, '2026-05-06 07:38:54', '2026-05-07 12:43:58', NULL, 2200.00, 'INR', 'Anabelle Hammes', 'rogahn.braden@example.net', '8574698425', '2026-05-07 18:13:58', NULL),
(65, 16, 2, 1, '1778053210OZBC0016', 1, 220.00, 1980.00, '2026-05-06 07:40:10', '2026-05-07 12:44:07', NULL, 2200.00, 'INR', 'Anabelle Hammes', 'rogahn.braden@example.net', '8574698425', '2026-05-07 18:14:07', NULL),
(66, 16, 2, 2, '1778053383UHAG0016', 1, 580.00, 5220.00, '2026-05-06 07:43:03', '2026-05-06 07:43:12', NULL, 5800.00, 'INR', 'Anabelle Hammes', 'rogahn.braden@example.net', '8574698425', NULL, NULL),
(67, 16, 3, 1, '17780535409YXX0016', 1, 200.00, 1800.00, '2026-05-06 07:45:40', '2026-05-07 12:44:15', NULL, 2000.00, 'INR', 'Anabelle Hammes', 'rogahn.braden@example.net', '8574698425', '2026-05-07 18:14:15', NULL),
(68, 16, 3, 2, '1778053609AIV30016', 1, 120.00, 1080.00, '2026-05-06 07:46:49', '2026-05-06 07:48:53', NULL, 1200.00, 'INR', 'Anabelle Hammes', 'rogahn.braden@example.net', '8574698425', NULL, NULL),
(69, 16, 5, 2, '1778054137L7OI0016', 1, 380.00, 3420.00, '2026-05-06 07:55:37', '2026-05-06 07:55:57', NULL, 3800.00, 'INR', 'Anabelle Hammes', 'rogahn.braden@example.net', '8574698425', NULL, NULL),
(70, 16, 5, 6, '1778054292LDVQ0016', 1, 610.00, 5490.00, '2026-05-06 07:58:12', '2026-05-06 07:59:31', NULL, 6100.00, 'INR', 'Anabelle Hammes', 'rogahn.braden@example.net', '8574698425', NULL, NULL),
(71, 16, 5, 6, '1778058589UHCH0016', 1, 190.00, 1710.00, '2026-05-06 09:09:49', '2026-05-06 09:12:53', NULL, 1900.00, 'INR', 'Anabelle Hammes', 'rogahn.braden@example.net', '8574698425', NULL, NULL),
(72, 23, 7, 6, '1778066683OC2I0023', 1, 9.00, 81.00, '2026-05-06 11:24:43', '2026-05-06 13:28:21', NULL, 90.00, 'EUR', 'Lorenz Daugherty DDS', 'hsmith@example.net', '549649652', NULL, NULL),
(73, 23, 6, 1, '1778068451E1CF0023', 1, 4.70, 42.30, '2026-05-06 11:54:11', '2026-05-06 11:54:30', NULL, 47.00, 'AED', 'Lorenz Daugherty DDS', 'hsmith@example.net', '23543253532', NULL, NULL),
(74, 23, 8, 1, '17780685095WTW0023', 1, 6.00, 54.00, '2026-05-06 11:55:09', '2026-05-06 11:55:19', NULL, 60.00, 'USD', 'Lorenz Daugherty DDS', 'hsmith@example.net', '2352255', NULL, NULL),
(75, 22, 2, 1, '1778127328OSHP0022', 1, 1000.00, 9400.00, '2026-05-07 04:15:28', '2026-05-07 04:15:37', NULL, 10400.00, 'INR', 'Dr. Clement Marvin', 'teagan.lebsack@example.org', '654698456512', NULL, NULL),
(76, 22, 2, 6, '1778128648DLHC0022', 1, 1000.00, 9400.00, '2026-05-07 04:37:28', '2026-05-07 04:39:09', NULL, 10400.00, 'INR', 'Dr. Clement Marvin', 'teagan.lebsack@example.org', '546365536521', NULL, NULL),
(77, 22, 2, 6, '1778128924APEA0022', 1, 440.00, 3960.00, '2026-05-07 04:42:04', '2026-05-07 04:44:03', NULL, 4400.00, 'INR', 'Dr. Clement Marvin', 'teagan.lebsack@example.org', '22541231', NULL, NULL),
(78, 22, 3, 6, '177812912227CG0022', 1, 400.00, 3600.00, '2026-05-07 04:45:22', '2026-05-07 04:46:43', NULL, 4000.00, 'INR', 'Dr. Clement Marvin', 'teagan.lebsack@example.org', '3452351325', NULL, NULL),
(79, 22, 6, 6, '1778129983YNDC0022', 1, 2.00, 18.00, '2026-05-07 04:59:43', '2026-05-07 05:08:41', NULL, 20.00, 'AED', 'Dr. Clement Marvin', 'teagan.lebsack@example.org', '25843', NULL, NULL),
(80, 22, 6, 6, '1778131616HXCM0022', 1, 4.50, 40.50, '2026-05-07 05:26:56', '2026-05-07 05:43:28', NULL, 45.00, 'AED', 'Dr. Clement Marvin', 'teagan.lebsack@example.org', '325464', NULL, NULL),
(81, 22, 6, 6, '177813191732UQ0022', 1, 8.00, 72.00, '2026-05-07 05:31:57', '2026-05-07 05:40:25', NULL, 80.00, 'AED', 'Dr. Clement Marvin', 'teagan.lebsack@example.org', '546', NULL, NULL),
(82, 22, 8, 6, '1778132855SCWQ0022', 1, 6.00, 54.00, '2026-05-07 05:47:35', '2026-05-07 05:53:19', NULL, 60.00, 'USD', 'Dr. Clement Marvin', 'teagan.lebsack@example.org', '9846', NULL, NULL),
(83, 22, 9, 6, '1778132908AQ4K0022', 1, 2.20, 19.80, '2026-05-07 05:48:28', '2026-05-07 06:44:40', NULL, 22.00, 'SAR', 'Dr. Clement Marvin', 'teagan.lebsack@example.org', '34532', NULL, NULL),
(84, 22, 8, 1, '1778137509X8PT0022', 1, 6.00, 54.00, '2026-05-07 07:05:09', '2026-05-07 07:05:19', NULL, 60.00, 'USD', 'Dr. Clement Marvin', 'teagan.lebsack@example.org', '3655463541', NULL, NULL),
(85, 1, 3, 1, '1778214046BFED0001', 4, 2000.00, 400.00, '2026-05-08 04:20:46', '2026-05-12 11:52:29', NULL, 2400.00, 'INR', 'Ibrahim Garana', 'ibrahim.g@techxperts.co.in', '9725847556', '2026-05-12 17:22:29', NULL),
(86, 1, 3, 1, '1778587425OMVS0001', 1, 120.00, 1080.00, '2026-05-12 12:03:45', '2026-05-12 12:04:11', NULL, 1200.00, 'INR', 'Ibrahim Garana', 'ibrahim.g@techxperts.co.in', '9725847556', NULL, NULL),
(87, 1, 3, 2, '1778587524ATOY0001', 1, 220.00, 1980.00, '2026-05-12 12:05:24', '2026-05-12 12:05:51', NULL, 2200.00, 'INR', 'Ibrahim Garana', 'ibrahim.g@techxperts.co.in', '9725847556', NULL, NULL),
(88, 1, 3, 1, '1778587641AT0K0001', 1, 220.00, 1980.00, '2026-05-12 12:07:21', '2026-05-12 12:20:41', NULL, 2200.00, 'INR', 'Ibrahim Garana', 'ibrahim.g@techxperts.co.in', '9725847556', NULL, NULL),
(89, 2, 11, 1, '1779250130X6ZW0002', 1, 300.00, 2700.00, '2026-05-20 04:08:50', '2026-05-20 04:10:57', NULL, 3000.00, 'INR', 'Admin of System', 'ibrahimgarana704@gmail.com', '9100292900', NULL, NULL),
(90, 1, 1, 3, '1779347067GVVP0001', 3, 689.90, 6209.10, '2026-05-21 07:04:27', '2026-05-21 07:04:28', NULL, 6899.00, 'INR', 'Ibrahim Garana', 'ibrahim.g@techxperts.co.in', '9725847556', NULL, NULL),
(91, 1, 1, 3, '1779347276PPA70001', 3, 689.90, 6209.10, '2026-05-21 07:07:56', '2026-05-21 07:07:57', NULL, 6899.00, 'INR', 'Ibrahim Garana', 'ibrahim.g@techxperts.co.in', '9725847556', NULL, NULL),
(92, 1, 1, 1, '1779347315OXZB0001', 3, 689.90, 6209.10, '2026-05-21 07:08:35', '2026-05-21 07:12:32', NULL, 6899.00, 'INR', 'Ibrahim Garana', 'ibrahim.g@techxperts.co.in', '9725847556', NULL, NULL),
(93, 1, 1, 4, '177936988856V30001', NULL, 0.00, 4299.00, '2026-05-21 13:24:48', '2026-05-21 13:54:49', NULL, 4299.00, 'INR', 'Ibrahim Garana', 'ibrahim.g@techxperts.co.in', '9725847556', NULL, NULL),
(94, 1, 1, 4, '1779369902BRLG0001', NULL, 0.00, 4299.00, '2026-05-21 13:25:02', '2026-05-21 13:55:03', NULL, 4299.00, 'INR', 'Ibrahim Garana', 'ibrahim.g@techxperts.co.in', '9725847556', NULL, NULL),
(95, 1, 1, 1, '1779369935CYHK0001', NULL, 0.00, 4299.00, '2026-05-21 13:25:35', '2026-05-21 13:29:07', NULL, 4299.00, 'INR', 'Ibrahim Garana', 'ibrahim.g@techxperts.co.in', '9725847556', NULL, NULL),
(96, 1, 1, 1, '1779370374O4IF0001', NULL, 0.00, 7899.00, '2026-05-21 13:32:54', '2026-05-21 13:33:04', NULL, 7899.00, 'INR', 'Ibrahim Garana', 'ibrahim.g@techxperts.co.in', '9725847556', NULL, NULL),
(97, 1, 1, 1, '17793705322SFU0001', NULL, 0.00, 6899.00, '2026-05-21 13:35:32', '2026-05-21 13:35:44', NULL, 6899.00, 'INR', 'Ibrahim Garana', 'ibrahim.g@techxperts.co.in', '9725847556', NULL, NULL),
(98, 1, 1, 1, '1779370805WTGP0001', NULL, 0.00, 4299.00, '2026-05-21 13:40:05', '2026-05-21 13:40:17', NULL, 4299.00, 'INR', 'Ibrahim Garana', 'ibrahim.g@techxperts.co.in', '9725847556', NULL, NULL),
(99, 1, 1, 1, '1779371219NMF70001', NULL, 0.00, 2999.00, '2026-05-21 13:46:59', '2026-05-21 13:47:08', NULL, 2999.00, 'INR', 'Ibrahim Garana', 'ibrahim.g@techxperts.co.in', '9725847556', NULL, NULL),
(102, 1, 6, 1, '1779713809G0YK0001', NULL, 0.00, 240.00, '2026-05-25 12:56:49', '2026-05-25 12:56:58', NULL, 240.00, 'AED', 'Ibrahim Garana', 'ibrahim.g@techxperts.co.in', '9725847556', NULL, NULL),
(107, 1, 9, 1, '1779716265KKRT0001', 3, 17.40, 156.60, '2026-05-25 13:37:45', '2026-05-25 13:37:55', NULL, 174.00, 'SAR', 'Ibrahim Garana', 'ibrahim.g@techxperts.co.in', '9725847556', NULL, NULL),
(108, 1, 1, 1, '1780051131V9SF0001', 3, 1000.00, 11198.00, '2026-05-29 10:38:51', '2026-05-29 10:39:03', NULL, 12198.00, 'INR', 'Ibrahim Garana', 'ibrahim.g@techxperts.co.in', '9725847556', NULL, NULL),
(109, 1, 1, 1, '1780298648NUDU0001', NULL, 0.00, 4299.00, '2026-06-01 07:24:08', '2026-06-01 07:24:29', NULL, 4299.00, 'INR', 'Ibrahim Garana', 'ibrahim.g@techxperts.co.in', '9725847556', NULL, NULL),
(110, 1, 1, 1, '1780298717Q6FM0001', NULL, 0.00, 6899.00, '2026-06-01 07:25:17', '2026-06-01 07:25:28', NULL, 6899.00, 'INR', 'Ibrahim Garana', 'ibrahim.g@techxperts.co.in', '9725847556', NULL, NULL),
(111, 1, 1, 1, '1780298780HY0C0001', NULL, 0.00, 13798.00, '2026-06-01 07:26:20', '2026-06-04 05:22:52', NULL, 13798.00, 'INR', 'Ibrahim Garana', 'ibrahim.g@techxperts.co.in', '9725847556', '2026-06-02 10:53:23', '2026-06-04 10:52:52'),
(112, 1, 1, 1, '1780477579SO0S0001', NULL, 0.00, 4299.00, '2026-06-03 09:06:19', '2026-06-03 09:06:29', NULL, 4299.00, 'INR', 'Ibrahim Garana', 'ibrahim.g@techxperts.co.in', '9725847556', NULL, NULL),
(113, 1, 6, 1, '1780552915MAG30001', NULL, 0.00, 20.00, '2026-06-04 06:01:55', '2026-06-04 06:02:06', NULL, 20.00, 'AED', 'Ibrahim Garana', 'ibrahim.g@techxperts.co.in', '9725847556', NULL, NULL),
(114, 1, 1, 4, '1780572731OIEM0001', NULL, 0.00, 4299.00, '2026-06-04 11:32:11', '2026-06-04 12:02:12', NULL, 4299.00, 'INR', 'Ibrahim Garana', 'ibrahim.g@techxperts.co.in', '9725847556', NULL, NULL);

--
-- Dumping data for table `booking_items`
--

INSERT INTO `booking_items` (`id`, `booking_id`, `room_id`, `check_in`, `check_out`, `price_at_booking`, `created_at`, `updated_at`) VALUES
(1, 1, 1, '2026-04-22 00:00:00', '2026-04-24 00:00:00', 4299.00, '2026-04-22 08:43:30', '2026-04-22 08:43:30'),
(2, 2, 221, '2026-04-23 00:00:00', '2026-04-24 00:00:00', 40.00, '2026-04-23 07:26:22', '2026-04-23 07:26:22'),
(3, 3, 181, '2026-04-24 00:00:00', '2026-04-25 00:00:00', 45.00, '2026-04-23 11:00:17', '2026-04-23 11:00:17'),
(8, 8, 121, '2026-04-23 00:00:00', '2026-04-24 00:00:00', 5800.00, '2026-04-23 12:29:32', '2026-04-23 12:29:32'),
(19, 14, 191, '2026-04-25 00:00:00', '2026-04-26 00:00:00', 60.00, '2026-04-24 05:19:17', '2026-04-24 05:19:17'),
(20, 14, 191, '2026-04-25 00:00:00', '2026-04-26 00:00:00', 60.00, '2026-04-24 05:19:17', '2026-04-24 05:19:17'),
(21, 15, 241, '2026-04-25 00:00:00', '2026-04-26 00:00:00', 3200.00, '2026-04-24 11:14:42', '2026-04-24 11:14:42'),
(22, 16, 231, '2026-04-27 00:00:00', '2026-04-29 00:00:00', 3500.00, '2026-04-27 05:28:47', '2026-04-27 05:28:47'),
(23, 17, 151, '2026-04-29 00:00:00', '2026-04-30 00:00:00', 2100.00, '2026-04-28 06:11:39', '2026-04-28 06:11:39'),
(24, 18, 231, '2026-04-29 00:00:00', '2026-04-30 00:00:00', 3500.00, '2026-04-28 06:32:49', '2026-04-28 06:32:49'),
(25, 19, 241, '2026-04-29 00:00:00', '2026-05-01 00:00:00', 3200.00, '2026-04-28 07:23:10', '2026-04-28 07:23:10'),
(26, 20, 201, '2026-05-01 00:00:00', '2026-05-03 00:00:00', 22.00, '2026-04-29 08:16:29', '2026-04-29 08:16:29'),
(27, 20, 304, '2026-05-01 00:00:00', '2026-05-03 00:00:00', 58.00, '2026-04-29 08:16:29', '2026-04-29 08:16:29'),
(28, 21, 56, '2026-04-30 00:00:00', '2026-05-02 00:00:00', 2200.00, '2026-04-30 07:20:38', '2026-04-30 07:20:38'),
(29, 21, 96, '2026-04-30 00:00:00', '2026-05-02 00:00:00', 2000.00, '2026-04-30 07:20:38', '2026-04-30 07:20:38'),
(30, 22, 314, '2026-04-30 00:00:00', '2026-05-02 00:00:00', 3000.00, '2026-04-30 07:29:30', '2026-04-30 07:29:30'),
(31, 23, 171, '2026-04-30 00:00:00', '2026-05-02 00:00:00', 47.00, '2026-04-30 09:02:55', '2026-04-30 09:02:55'),
(32, 24, 1, '2026-05-10 00:00:00', '2026-05-15 00:00:00', 4299.00, '2026-04-30 09:24:05', '2026-04-30 09:24:05'),
(33, 24, 2, '2026-05-10 00:00:00', '2026-05-15 00:00:00', 4299.00, '2026-04-30 09:24:05', '2026-04-30 09:24:05'),
(34, 24, 41, '2026-05-10 00:00:00', '2026-05-15 00:00:00', 7899.00, '2026-04-30 09:24:05', '2026-04-30 09:24:05'),
(35, 25, 231, '2026-04-30 00:00:00', '2026-05-02 00:00:00', 3500.00, '2026-04-30 11:49:15', '2026-04-30 11:49:15'),
(36, 26, 231, '2026-05-03 00:00:00', '2026-06-05 00:00:00', 3500.00, '2026-04-30 11:52:55', '2026-04-30 11:52:55'),
(37, 27, 91, '2026-05-01 00:00:00', '2026-05-03 00:00:00', 3500.00, '2026-05-01 06:18:08', '2026-05-01 06:18:08'),
(38, 28, 91, '2026-05-04 00:00:00', '2026-05-05 00:00:00', 3500.00, '2026-05-01 06:24:46', '2026-05-01 06:24:46'),
(39, 29, 221, '2026-05-01 00:00:00', '2026-05-04 00:00:00', 40.00, '2026-05-01 11:16:37', '2026-05-01 11:16:37'),
(40, 30, 46, '2026-05-06 00:00:00', '2026-05-11 00:00:00', 1200.00, '2026-05-02 04:17:09', '2026-05-02 04:17:09'),
(41, 31, 48, '2026-05-06 00:00:00', '2026-05-20 00:00:00', 1200.00, '2026-05-02 07:40:03', '2026-05-02 07:40:03'),
(42, 32, 221, '2026-05-07 00:00:00', '2026-05-09 00:00:00', 40.00, '2026-05-05 05:08:37', '2026-05-05 05:08:37'),
(43, 33, 221, '2026-05-05 00:00:00', '2026-05-07 00:00:00', 40.00, '2026-05-05 07:40:39', '2026-05-05 07:40:39'),
(44, 34, 234, '2026-05-05 00:00:00', '2026-05-07 00:00:00', 3500.00, '2026-05-05 08:49:57', '2026-05-05 08:49:57'),
(45, 34, 234, '2026-05-05 00:00:00', '2026-05-07 00:00:00', 3500.00, '2026-05-05 08:49:57', '2026-05-05 08:49:57'),
(46, 35, 235, '2026-05-05 00:00:00', '2026-05-07 00:00:00', 3500.00, '2026-05-05 08:52:53', '2026-05-05 08:52:53'),
(47, 36, 314, '2026-05-05 00:00:00', '2026-05-07 00:00:00', 3000.00, '2026-05-05 10:12:46', '2026-05-05 10:12:46'),
(48, 36, 315, '2026-05-05 00:00:00', '2026-05-07 00:00:00', 3000.00, '2026-05-05 10:12:46', '2026-05-05 10:12:46'),
(49, 37, 31, '2026-05-07 00:00:00', '2026-05-09 00:00:00', 2999.00, '2026-05-06 04:46:17', '2026-05-06 04:46:17'),
(50, 38, 111, '2026-05-07 00:00:00', '2026-05-09 00:00:00', 5200.00, '2026-05-06 05:20:23', '2026-05-06 05:20:23'),
(51, 39, 131, '2026-05-07 00:00:00', '2026-05-09 00:00:00', 2200.00, '2026-05-06 06:14:20', '2026-05-06 06:14:20'),
(52, 40, 106, '2026-05-07 00:00:00', '2026-05-08 00:00:00', 9500.00, '2026-05-06 06:27:22', '2026-05-06 06:27:22'),
(53, 41, 132, '2026-05-07 00:00:00', '2026-05-08 00:00:00', 2200.00, '2026-05-06 06:36:48', '2026-05-06 06:36:48'),
(54, 42, 132, '2026-05-07 00:00:00', '2026-05-08 00:00:00', 2200.00, '2026-05-06 06:40:04', '2026-05-06 06:40:04'),
(55, 43, 132, '2026-05-07 00:00:00', '2026-05-08 00:00:00', 2200.00, '2026-05-06 06:42:24', '2026-05-06 06:42:24'),
(56, 44, 132, '2026-05-07 00:00:00', '2026-05-08 00:00:00', 2200.00, '2026-05-06 06:45:28', '2026-05-06 06:45:28'),
(57, 45, 132, '2026-05-07 00:00:00', '2026-05-08 00:00:00', 2200.00, '2026-05-06 06:46:50', '2026-05-06 06:46:50'),
(58, 46, 132, '2026-05-07 00:00:00', '2026-05-08 00:00:00', 2200.00, '2026-05-06 06:48:04', '2026-05-06 06:48:04'),
(59, 47, 132, '2026-05-07 00:00:00', '2026-05-08 00:00:00', 2200.00, '2026-05-06 06:49:15', '2026-05-06 06:49:15'),
(60, 48, 132, '2026-05-07 00:00:00', '2026-05-08 00:00:00', 2200.00, '2026-05-06 06:49:16', '2026-05-06 06:49:16'),
(61, 49, 132, '2026-05-07 00:00:00', '2026-05-08 00:00:00', 2200.00, '2026-05-06 06:50:56', '2026-05-06 06:50:56'),
(62, 50, 132, '2026-05-07 00:00:00', '2026-05-08 00:00:00', 2200.00, '2026-05-06 06:52:11', '2026-05-06 06:52:11'),
(63, 51, 132, '2026-05-07 00:00:00', '2026-05-08 00:00:00', 2200.00, '2026-05-06 06:53:30', '2026-05-06 06:53:30'),
(64, 52, 132, '2026-05-07 00:00:00', '2026-05-08 00:00:00', 2200.00, '2026-05-06 06:58:19', '2026-05-06 06:58:19'),
(65, 53, 132, '2026-05-07 00:00:00', '2026-05-08 00:00:00', 2200.00, '2026-05-06 07:04:55', '2026-05-06 07:04:55'),
(66, 54, 132, '2026-05-07 00:00:00', '2026-05-08 00:00:00', 2200.00, '2026-05-06 07:07:52', '2026-05-06 07:07:52'),
(67, 55, 132, '2026-05-07 00:00:00', '2026-05-08 00:00:00', 2200.00, '2026-05-06 07:09:43', '2026-05-06 07:09:43'),
(68, 56, 132, '2026-05-07 00:00:00', '2026-05-08 00:00:00', 2200.00, '2026-05-06 07:10:49', '2026-05-06 07:10:49'),
(69, 57, 132, '2026-05-07 00:00:00', '2026-05-08 00:00:00', 2200.00, '2026-05-06 07:12:20', '2026-05-06 07:12:20'),
(70, 58, 132, '2026-05-07 00:00:00', '2026-05-08 00:00:00', 2200.00, '2026-05-06 07:12:47', '2026-05-06 07:12:47'),
(71, 59, 132, '2026-05-07 00:00:00', '2026-05-08 00:00:00', 2200.00, '2026-05-06 07:27:40', '2026-05-06 07:27:40'),
(72, 60, 132, '2026-05-07 00:00:00', '2026-05-08 00:00:00', 2200.00, '2026-05-06 07:29:25', '2026-05-06 07:29:25'),
(73, 61, 132, '2026-05-07 00:00:00', '2026-05-08 00:00:00', 2200.00, '2026-05-06 07:31:32', '2026-05-06 07:31:32'),
(74, 62, 133, '2026-05-07 00:00:00', '2026-05-08 00:00:00', 2200.00, '2026-05-06 07:36:10', '2026-05-06 07:36:10'),
(75, 63, 134, '2026-05-07 00:00:00', '2026-05-08 00:00:00', 2200.00, '2026-05-06 07:37:30', '2026-05-06 07:37:30'),
(76, 63, 135, '2026-05-07 00:00:00', '2026-05-08 00:00:00', 2200.00, '2026-05-06 07:37:30', '2026-05-06 07:37:30'),
(77, 64, 136, '2026-05-07 00:00:00', '2026-05-08 00:00:00', 2200.00, '2026-05-06 07:38:54', '2026-05-06 07:38:54'),
(78, 65, 137, '2026-05-07 00:00:00', '2026-05-08 00:00:00', 2200.00, '2026-05-06 07:40:10', '2026-05-06 07:40:10'),
(79, 66, 121, '2026-05-07 00:00:00', '2026-05-08 00:00:00', 5800.00, '2026-05-06 07:43:03', '2026-05-06 07:43:03'),
(80, 67, 96, '2026-05-07 00:00:00', '2026-05-08 00:00:00', 2000.00, '2026-05-06 07:45:40', '2026-05-06 07:45:40'),
(81, 68, 50, '2026-05-07 00:00:00', '2026-05-08 00:00:00', 1200.00, '2026-05-06 07:46:49', '2026-05-06 07:46:49'),
(82, 69, 141, '2026-05-07 00:00:00', '2026-05-08 00:00:00', 1900.00, '2026-05-06 07:55:37', '2026-05-06 07:55:37'),
(83, 69, 142, '2026-05-07 00:00:00', '2026-05-08 00:00:00', 1900.00, '2026-05-06 07:55:37', '2026-05-06 07:55:37'),
(84, 70, 141, '2026-05-07 00:00:00', '2026-05-08 00:00:00', 1900.00, '2026-05-06 07:58:12', '2026-05-06 07:58:12'),
(85, 70, 151, '2026-05-07 00:00:00', '2026-05-08 00:00:00', 2100.00, '2026-05-06 07:58:12', '2026-05-06 07:58:12'),
(86, 70, 152, '2026-05-07 00:00:00', '2026-05-08 00:00:00', 2100.00, '2026-05-06 07:58:12', '2026-05-06 07:58:12'),
(87, 71, 141, '2026-05-07 00:00:00', '2026-05-08 00:00:00', 1900.00, '2026-05-06 09:09:49', '2026-05-06 09:09:49'),
(88, 72, 181, '2026-05-09 00:00:00', '2026-05-10 00:00:00', 45.00, '2026-05-06 11:24:43', '2026-05-06 11:24:43'),
(89, 72, 182, '2026-05-09 00:00:00', '2026-05-10 00:00:00', 45.00, '2026-05-06 11:24:43', '2026-05-06 11:24:43'),
(90, 73, 171, '2026-05-09 00:00:00', '2026-05-10 00:00:00', 47.00, '2026-05-06 11:54:11', '2026-05-06 11:54:11'),
(91, 74, 191, '2026-05-09 00:00:00', '2026-05-10 00:00:00', 60.00, '2026-05-06 11:55:09', '2026-05-06 11:55:09'),
(92, 75, 111, '2026-05-10 00:00:00', '2026-05-12 00:00:00', 5200.00, '2026-05-07 04:15:28', '2026-05-07 04:15:28'),
(93, 76, 112, '2026-05-10 00:00:00', '2026-05-12 00:00:00', 5200.00, '2026-05-07 04:37:28', '2026-05-07 04:37:28'),
(94, 77, 131, '2026-05-10 00:00:00', '2026-05-12 00:00:00', 2200.00, '2026-05-07 04:42:04', '2026-05-07 04:42:04'),
(95, 78, 96, '2026-05-10 00:00:00', '2026-05-12 00:00:00', 2000.00, '2026-05-07 04:45:22', '2026-05-07 04:45:22'),
(96, 79, 261, '2026-05-08 00:00:00', '2026-05-09 00:00:00', 20.00, '2026-05-07 04:59:43', '2026-05-07 04:59:43'),
(97, 80, 251, '2026-05-08 00:00:00', '2026-05-09 00:00:00', 45.00, '2026-05-07 05:26:56', '2026-05-07 05:26:56'),
(98, 81, 161, '2026-05-08 00:00:00', '2026-05-09 00:00:00', 80.00, '2026-05-07 05:31:57', '2026-05-07 05:31:57'),
(99, 82, 191, '2026-05-08 00:00:00', '2026-05-09 00:00:00', 60.00, '2026-05-07 05:47:35', '2026-05-07 05:47:35'),
(100, 83, 201, '2026-05-08 00:00:00', '2026-05-09 00:00:00', 22.00, '2026-05-07 05:48:28', '2026-05-07 05:48:28'),
(101, 84, 191, '2026-05-08 00:00:00', '2026-05-09 00:00:00', 60.00, '2026-05-07 07:05:09', '2026-05-07 07:05:09'),
(102, 85, 46, '2026-05-12 00:00:00', '2026-05-14 00:00:00', 1200.00, '2026-05-08 04:20:46', '2026-05-08 04:20:46'),
(103, 86, 50, '2026-05-13 00:00:00', '2026-05-14 00:00:00', 1200.00, '2026-05-12 12:03:45', '2026-05-12 12:03:45'),
(104, 87, 56, '2026-05-13 00:00:00', '2026-05-14 00:00:00', 2200.00, '2026-05-12 12:05:24', '2026-05-12 12:05:24'),
(105, 88, 56, '2026-05-13 00:00:00', '2026-05-14 00:00:00', 2200.00, '2026-05-12 12:07:21', '2026-05-12 12:07:21'),
(106, 89, 314, '2026-05-21 00:00:00', '2026-05-22 00:00:00', 3000.00, '2026-05-20 04:08:50', '2026-05-20 04:08:50'),
(107, 90, 11, '2026-05-20 00:00:00', '2026-05-21 00:00:00', 6899.00, '2026-05-21 07:04:27', '2026-05-21 07:04:27'),
(108, 91, 11, '2026-05-20 00:00:00', '2026-05-21 00:00:00', 6899.00, '2026-05-21 07:07:56', '2026-05-21 07:07:56'),
(109, 92, 11, '2026-05-20 00:00:00', '2026-05-21 00:00:00', 6899.00, '2026-05-21 07:08:35', '2026-05-21 07:08:35'),
(110, 93, 1, '2026-05-20 00:00:00', '2026-05-21 00:00:00', 4299.00, '2026-05-21 13:24:48', '2026-05-21 13:24:48'),
(111, 94, 1, '2026-05-20 00:00:00', '2026-05-21 00:00:00', 4299.00, '2026-05-21 13:25:02', '2026-05-21 13:25:02'),
(112, 95, 1, '2026-05-20 00:00:00', '2026-05-21 00:00:00', 4299.00, '2026-05-21 13:25:35', '2026-05-21 13:25:35'),
(113, 96, 41, '2026-05-20 00:00:00', '2026-05-21 00:00:00', 7899.00, '2026-05-21 13:32:54', '2026-05-21 13:32:54'),
(114, 97, 12, '2026-05-20 00:00:00', '2026-05-21 00:00:00', 6899.00, '2026-05-21 13:35:32', '2026-05-21 13:35:32'),
(115, 98, 2, '2026-05-20 00:00:00', '2026-05-21 00:00:00', 4299.00, '2026-05-21 13:40:05', '2026-05-21 13:40:05'),
(116, 99, 31, '2026-05-20 00:00:00', '2026-05-21 00:00:00', 2999.00, '2026-05-21 13:46:59', '2026-05-21 13:46:59'),
(119, 102, 161, '2026-05-25 00:00:00', '2026-05-28 00:00:00', 80.00, '2026-05-25 12:56:49', '2026-05-25 12:56:49'),
(124, 107, 304, '2026-05-25 00:00:00', '2026-05-28 00:00:00', 58.00, '2026-05-25 13:37:45', '2026-05-25 13:37:45'),
(125, 108, 1, '2026-05-28 00:00:00', '2026-05-29 00:00:00', 4299.00, '2026-05-29 10:38:51', '2026-05-29 10:38:51'),
(126, 108, 41, '2026-05-28 00:00:00', '2026-05-29 00:00:00', 7899.00, '2026-05-29 10:38:51', '2026-05-29 10:38:51'),
(127, 109, 1, '2026-05-31 00:00:00', '2026-06-01 00:00:00', 4299.00, '2026-06-01 07:24:08', '2026-06-01 07:24:08'),
(128, 110, 11, '2026-05-31 00:00:00', '2026-06-01 00:00:00', 6899.00, '2026-06-01 07:25:17', '2026-06-01 07:25:17'),
(129, 111, 11, '2026-06-02 00:00:00', '2026-06-04 00:00:00', 6899.00, '2026-06-01 07:26:20', '2026-06-01 07:26:20'),
(130, 112, 1, '2026-06-02 00:00:00', '2026-06-03 00:00:00', 4299.00, '2026-06-03 09:06:19', '2026-06-03 09:06:19'),
(131, 113, 261, '2026-06-03 00:00:00', '2026-06-04 00:00:00', 20.00, '2026-06-04 06:01:55', '2026-06-04 06:01:55'),
(132, 114, 1, '2026-06-03 00:00:00', '2026-06-04 00:00:00', 4299.00, '2026-06-04 11:32:11', '2026-06-04 11:32:11');

--
-- Dumping data for table `cities`
--

INSERT INTO `cities` (`id`, `state_id`, `name`) VALUES
(1, 7, 'Ahmedabad'),
(2, 7, 'Amreli'),
(3, 7, 'Anand'),
(4, 7, 'Aravalli'),
(5, 7, 'Banaskantha'),
(6, 7, 'Bharuch'),
(7, 7, 'Bhavnagar'),
(8, 7, 'Botad'),
(9, 7, 'Chhota Udaipur'),
(10, 7, 'Dahod'),
(11, 7, 'Dang'),
(12, 7, 'Devbhoomi Dwarka'),
(13, 7, 'Gandhinagar'),
(14, 7, 'Gir Somnath'),
(15, 7, 'Jamnagar'),
(16, 7, 'Junagadh'),
(17, 7, 'Kheda'),
(18, 7, 'Kutch'),
(19, 7, 'Mahisagar'),
(20, 7, 'Mehsana'),
(21, 7, 'Morbi'),
(22, 7, 'Narmada'),
(23, 7, 'Navsari'),
(24, 7, 'Panchmahal'),
(25, 7, 'Patan'),
(26, 7, 'Porbandar'),
(27, 7, 'Rajkot'),
(28, 7, 'Sabarkantha'),
(29, 7, 'Surat'),
(30, 7, 'Surendranagar'),
(31, 7, 'Tapi'),
(32, 7, 'Vadodara'),
(33, 7, 'Valsad'),
(34, 1, 'Visakhapatnam'),
(35, 1, 'Vijayawada'),
(36, 2, 'Itanagar'),
(37, 3, 'Guwahati'),
(38, 4, 'Patna'),
(39, 5, 'Raipur'),
(40, 6, 'Panaji'),
(41, 8, 'Gurgaon'),
(42, 8, 'Faridabad'),
(43, 9, 'Shimla'),
(44, 10, 'Ranchi'),
(45, 11, 'Bangalore'),
(46, 11, 'Mysore'),
(47, 12, 'Kochi'),
(48, 12, 'Thiruvananthapuram'),
(49, 13, 'Indore'),
(50, 13, 'Bhopal'),
(51, 14, 'Mumbai'),
(52, 14, 'Pune'),
(53, 14, 'Nagpur'),
(54, 15, 'Imphal'),
(55, 16, 'Shillong'),
(56, 17, 'Aizawl'),
(57, 18, 'Kohima'),
(58, 19, 'Bhubaneswar'),
(59, 20, 'Amritsar'),
(60, 20, 'Ludhiana'),
(61, 21, 'Jaipur'),
(62, 21, 'Udaipur'),
(63, 21, 'Jodhpur'),
(64, 22, 'Gangtok'),
(65, 23, 'Chennai'),
(66, 23, 'Coimbatore'),
(67, 23, 'Madurai'),
(68, 24, 'Hyderabad'),
(69, 25, 'Agartala'),
(70, 26, 'Lucknow'),
(71, 26, 'Varanasi'),
(72, 26, 'Agra'),
(73, 27, 'Dehradun'),
(74, 28, 'Kolkata'),
(75, 29, 'Port Blair'),
(76, 30, 'Chandigarh'),
(77, 31, 'Daman'),
(78, 32, 'New Delhi'),
(79, 33, 'Srinagar'),
(80, 33, 'Jammu'),
(81, 34, 'Leh'),
(82, 35, 'Kavaratti'),
(83, 36, 'Puducherry'),
(84, 197, 'Los Angeles'),
(85, 197, 'San Francisco'),
(86, 198, 'Houston'),
(87, 199, 'Miami'),
(88, 200, 'New York City'),
(89, 201, 'London'),
(90, 202, 'Edinburgh'),
(91, 203, 'Cardiff'),
(92, 204, 'Belfast'),
(93, 205, 'Toronto'),
(94, 206, 'Montreal'),
(95, 207, 'Vancouver'),
(96, 208, 'Calgary'),
(97, 209, 'Sydney'),
(98, 210, 'Melbourne'),
(99, 211, 'Brisbane'),
(100, 212, 'Perth'),
(101, 213, 'Munich'),
(102, 214, 'Berlin'),
(103, 215, 'Hamburg'),
(104, 216, 'Frankfurt'),
(105, 217, 'Paris'),
(106, 218, 'Marseille'),
(107, 219, 'Toulouse'),
(108, 220, 'Bordeaux'),
(109, 221, 'Guangzhou'),
(110, 222, 'Beijing'),
(111, 223, 'Shanghai'),
(112, 224, 'Chengdu'),
(113, 225, 'Tokyo'),
(114, 226, 'Osaka'),
(115, 227, 'Sapporo'),
(116, 228, 'Kyoto'),
(117, 229, 'São Paulo'),
(118, 230, 'Rio de Janeiro'),
(119, 231, 'Salvador'),
(120, 232, 'Belo Horizonte'),
(121, 233, 'Moscow'),
(122, 234, 'Saint Petersburg'),
(123, 235, 'Kazan'),
(124, 236, 'Novosibirsk'),
(125, 237, 'Guadalajara'),
(126, 238, 'Monterrey'),
(127, 239, 'Puebla City'),
(128, 240, 'Merida'),
(129, 241, 'Milan'),
(130, 242, 'Rome'),
(131, 243, 'Florence'),
(132, 244, 'Palermo'),
(133, 245, 'Barcelona'),
(134, 246, 'Madrid'),
(135, 247, 'Seville'),
(136, 248, 'Valencia'),
(137, 249, 'Istanbul'),
(138, 250, 'Ankara'),
(139, 251, 'Izmir'),
(140, 252, 'Antalya'),
(141, 253, 'Riyadh'),
(142, 254, 'Mecca'),
(143, 255, 'Dammam'),
(144, 256, 'Abha'),
(145, 257, 'Dubai'),
(146, 258, 'Abu Dhabi'),
(147, 259, 'Sharjah'),
(148, 260, 'Ajman'),
(149, 261, 'Lahore'),
(150, 262, 'Karachi'),
(151, 263, 'Peshawar'),
(152, 264, 'Quetta'),
(153, 265, 'Dhaka'),
(154, 266, 'Chattogram'),
(155, 267, 'Khulna'),
(156, 268, 'Rajshahi'),
(157, 269, 'Jakarta'),
(158, 270, 'Medan'),
(159, 271, 'Denpasar'),
(160, 272, 'Balikpapan'),
(161, 273, 'Johannesburg'),
(162, 274, 'Cape Town'),
(163, 275, 'Durban'),
(164, 276, 'Port Elizabeth');

--
-- Dumping data for table `countries`
--

INSERT INTO `countries` (`id`, `name`, `iso_code`, `currency_code`, `currency_symbol`) VALUES
(1, 'Afghanistan', 'AF', 'AFN', '؋'),
(2, 'Albania', 'AL', 'ALL', 'L'),
(3, 'Algeria', 'DZ', 'DZD', 'د.ج'),
(4, 'Andorra', 'AD', 'EUR', '€'),
(5, 'Angola', 'AO', 'AOA', 'Kz'),
(6, 'Argentina', 'AR', 'ARS', '$'),
(7, 'Armenia', 'AM', 'AMD', '֏'),
(8, 'Australia', 'AU', 'AUD', '$'),
(9, 'Austria', 'AT', 'EUR', '€'),
(10, 'Azerbaijan', 'AZ', 'AZN', '₼'),
(11, 'Bahamas', 'BS', 'BSD', '$'),
(12, 'Bahrain', 'BH', 'BHD', '.د.ب'),
(13, 'Bangladesh', 'BD', 'BDT', '৳'),
(14, 'Barbados', 'BB', 'BBD', '$'),
(15, 'Belarus', 'BY', 'BYN', 'Br'),
(16, 'Belgium', 'BE', 'EUR', '€'),
(17, 'Belize', 'BZ', 'BZD', '$'),
(18, 'Benin', 'BJ', 'XOF', 'CFA'),
(19, 'Bhutan', 'BT', 'BTN', 'Nu.'),
(20, 'Bolivia', 'BO', 'BOB', 'Bs.'),
(21, 'Bosnia and Herzegovina', 'BA', 'BAM', 'KM'),
(22, 'Botswana', 'BW', 'BWP', 'P'),
(23, 'Brazil', 'BR', 'BRL', 'R$'),
(24, 'Brunei', 'BN', 'BND', '$'),
(25, 'Bulgaria', 'BG', 'BGN', 'лв'),
(26, 'Burkina Faso', 'BF', 'XOF', 'CFA'),
(27, 'Burundi', 'BI', 'BIF', 'FBu'),
(28, 'Cambodia', 'KH', 'KHR', '៛'),
(29, 'Cameroon', 'CM', 'XAF', 'CFA'),
(30, 'Canada', 'CA', 'CAD', '$'),
(31, 'Cape Verde', 'CV', 'CVE', '$'),
(32, 'Central African Republic', 'CF', 'XAF', 'CFA'),
(33, 'Chad', 'TD', 'XAF', 'CFA'),
(34, 'Chile', 'CL', 'CLP', '$'),
(35, 'China', 'CN', 'CNY', '¥'),
(36, 'Colombia', 'CO', 'COP', '$'),
(37, 'Comoros', 'KM', 'KMF', 'CF'),
(38, 'Congo', 'CG', 'XAF', 'CFA'),
(39, 'Costa Rica', 'CR', 'CRC', '₡'),
(40, 'Croatia', 'HR', 'EUR', '€'),
(41, 'Cuba', 'CU', 'CUP', '$'),
(42, 'Cyprus', 'CY', 'EUR', '€'),
(43, 'Czech Republic', 'CZ', 'CZK', 'Kč'),
(44, 'Denmark', 'DK', 'DKK', 'kr'),
(45, 'Djibouti', 'DJ', 'DJF', 'Fdj'),
(46, 'Dominica', 'DM', 'XCD', '$'),
(47, 'Dominican Republic', 'DO', 'DOP', '$'),
(48, 'Ecuador', 'EC', 'USD', '$'),
(49, 'Egypt', 'EG', 'EGP', '£'),
(50, 'El Salvador', 'SV', 'USD', '$'),
(51, 'Estonia', 'EE', 'EUR', '€'),
(52, 'Eswatini', 'SZ', 'SZL', 'L'),
(53, 'Ethiopia', 'ET', 'ETB', 'Br'),
(54, 'Fiji', 'FJ', 'FJD', '$'),
(55, 'Finland', 'FI', 'EUR', '€'),
(56, 'France', 'FR', 'EUR', '€'),
(57, 'Gabon', 'GA', 'XAF', 'CFA'),
(58, 'Gambia', 'GM', 'GMD', 'D'),
(59, 'Georgia', 'GE', 'GEL', '₾'),
(60, 'Germany', 'DE', 'EUR', '€'),
(61, 'Ghana', 'GH', 'GHS', '₵'),
(62, 'Greece', 'GR', 'EUR', '€'),
(63, 'Guatemala', 'GT', 'GTQ', 'Q'),
(64, 'Guinea', 'GN', 'GNF', 'FG'),
(65, 'Guyana', 'GY', 'GYD', '$'),
(66, 'Haiti', 'HT', 'HTG', 'G'),
(67, 'Honduras', 'HN', 'HNL', 'L'),
(68, 'Hungary', 'HU', 'HUF', 'Ft'),
(69, 'Iceland', 'IS', 'ISK', 'kr'),
(70, 'India', 'IN', 'INR', '₹'),
(71, 'Indonesia', 'ID', 'IDR', 'Rp'),
(72, 'Iran', 'IR', 'IRR', '﷼'),
(73, 'Iraq', 'IQ', 'IQD', 'ع.د'),
(74, 'Ireland', 'IE', 'EUR', '€'),
(75, 'Israel', 'IL', 'ILS', '₪'),
(76, 'Italy', 'IT', 'EUR', '€'),
(77, 'Jamaica', 'JM', 'JMD', '$'),
(78, 'Japan', 'JP', 'JPY', '¥'),
(79, 'Jordan', 'JO', 'JOD', 'JD'),
(80, 'Kazakhstan', 'KZ', 'KZT', '₸'),
(81, 'Kenya', 'KE', 'KES', 'KSh'),
(82, 'Kuwait', 'KW', 'KWD', 'KD'),
(83, 'Kyrgyzstan', 'KG', 'KGS', 'с'),
(84, 'Laos', 'LA', 'LAK', '₭'),
(85, 'Latvia', 'LV', 'EUR', '€'),
(86, 'Lebanon', 'LB', 'LBP', '£'),
(87, 'Lesotho', 'LS', 'LSL', 'L'),
(88, 'Liberia', 'LR', 'LRD', '$'),
(89, 'Libya', 'LY', 'LYD', 'LD'),
(90, 'Lithuania', 'LT', 'EUR', '€'),
(91, 'Luxembourg', 'LU', 'EUR', '€'),
(92, 'Madagascar', 'MG', 'MGA', 'Ar'),
(93, 'Malawi', 'MW', 'MWK', 'MK'),
(94, 'Malaysia', 'MY', 'MYR', 'RM'),
(95, 'Maldives', 'MV', 'MVR', 'Rf'),
(96, 'Mali', 'ML', 'XOF', 'CFA'),
(97, 'Malta', 'MT', 'EUR', '€'),
(98, 'Mauritania', 'MR', 'MRU', 'UM'),
(99, 'Mauritius', 'MU', 'MUR', '₨'),
(100, 'Mexico', 'MX', 'MXN', '$'),
(101, 'Moldova', 'MD', 'MDL', 'L'),
(102, 'Mongolia', 'MN', 'MNT', '₮'),
(103, 'Montenegro', 'ME', 'EUR', '€'),
(104, 'Morocco', 'MA', 'MAD', 'DH'),
(105, 'Mozambique', 'MZ', 'MZN', 'MT'),
(106, 'Myanmar', 'MM', 'MMK', 'K'),
(107, 'Namibia', 'NA', 'NAD', '$'),
(108, 'Nepal', 'NP', 'NPR', '₨'),
(109, 'Netherlands', 'NL', 'EUR', '€'),
(110, 'New Zealand', 'NZ', 'NZD', '$'),
(111, 'Nicaragua', 'NI', 'NIO', 'C$'),
(112, 'Niger', 'NE', 'XOF', 'CFA'),
(113, 'Nigeria', 'NG', 'NGN', '₦'),
(114, 'North Korea', 'KP', 'KPW', '₩'),
(115, 'Norway', 'NO', 'NOK', 'kr'),
(116, 'Oman', 'OM', 'OMR', 'ر.ع.'),
(117, 'Pakistan', 'PK', 'PKR', '₨'),
(118, 'Panama', 'PA', 'PAB', '$'),
(119, 'Paraguay', 'PY', 'PYG', '₲'),
(120, 'Peru', 'PE', 'PEN', 'S/'),
(121, 'Philippines', 'PH', 'PHP', '₱'),
(122, 'Poland', 'PL', 'PLN', 'zł'),
(123, 'Portugal', 'PT', 'EUR', '€'),
(124, 'Qatar', 'QA', 'QAR', 'ر.ق'),
(125, 'Romania', 'RO', 'RON', 'lei'),
(126, 'Russia', 'RU', 'RUB', '₽'),
(127, 'Rwanda', 'RW', 'RWF', 'FRw'),
(128, 'Saudi Arabia', 'SA', 'SAR', '﷼'),
(129, 'Senegal', 'SN', 'XOF', 'CFA'),
(130, 'Serbia', 'RS', 'RSD', 'дин'),
(131, 'Singapore', 'SG', 'SGD', '$'),
(132, 'Slovakia', 'SK', 'EUR', '€'),
(133, 'Slovenia', 'SI', 'EUR', '€'),
(134, 'Somalia', 'SO', 'SOS', 'S'),
(135, 'South Africa', 'ZA', 'ZAR', 'R'),
(136, 'South Korea', 'KR', 'KRW', '₩'),
(137, 'Spain', 'ES', 'EUR', '€'),
(138, 'Sri Lanka', 'LK', 'LKR', '₨'),
(139, 'Sudan', 'SD', 'SDG', 'ج.س.'),
(140, 'Sweden', 'SE', 'SEK', 'kr'),
(141, 'Switzerland', 'CH', 'CHF', 'CHF'),
(142, 'Syria', 'SY', 'SYP', '£'),
(143, 'Taiwan', 'TW', 'TWD', '$'),
(144, 'Tanzania', 'TZ', 'TZS', 'Sh'),
(145, 'Thailand', 'TH', 'THB', '฿'),
(146, 'Tunisia', 'TN', 'TND', 'DT'),
(147, 'Turkey', 'TR', 'TRY', '₺'),
(148, 'Uganda', 'UG', 'UGX', 'USh'),
(149, 'Ukraine', 'UA', 'UAH', '₴'),
(150, 'United Arab Emirates', 'AE', 'AED', 'د.إ'),
(151, 'United Kingdom', 'GB', 'GBP', '£'),
(152, 'United States', 'US', 'USD', '$'),
(153, 'Uruguay', 'UY', 'UYU', '$'),
(154, 'Uzbekistan', 'UZ', 'UZS', 'soʻm'),
(155, 'Venezuela', 'VE', 'VES', 'Bs'),
(156, 'Vietnam', 'VN', 'VND', '₫'),
(157, 'Yemen', 'YE', 'YER', '﷼'),
(158, 'Zambia', 'ZM', 'ZMW', 'ZK'),
(159, 'Zimbabwe', 'ZW', 'ZWL', '$');

--
-- Dumping data for table `discounts`
--

INSERT INTO `discounts` (`id`, `coupen_code`, `type`, `value`, `required_code`, `message`, `hotel_id`, `active_status`, `starts_from`, `ends_at`, `min_nights`, `usage_limit`, `used_count`, `user_limit`, `min_amount`, `max_discount`, `created_at`, `updated_at`, `country_id`) VALUES
(1, 'LIMITED OFFER', 'percentage', 10.00, 0, 'Limited Time Discount, Grab it Faster', NULL, 0, '2026-04-22 00:00:00', '2026-05-31 00:00:00', 1, 100, 28, 10, 1, 1000.00, '2026-04-22 10:14:09', '2026-05-20 07:30:12', 70),
(2, 'SUMMER OFFER', 'percentage', 20.00, 0, 'Limited Time Summer Offer, Grab it Fast', NULL, 0, '2026-04-27 00:00:00', '2026-05-25 00:00:00', 2, 99, 2, 99, 1000, 4000.00, '2026-04-22 11:55:36', '2026-05-05 08:46:39', NULL),
(3, 'all10', 'percentage', 10.00, 1, NULL, NULL, 1, '2026-04-23 00:00:00', '2026-07-31 00:00:00', 1, 1000, 3, 20, NULL, 1000.00, '2026-04-23 12:00:06', '2026-05-29 10:39:03', NULL),
(4, 'TEST20', 'fixed', 2000.00, 1, NULL, NULL, 1, '2026-04-23 00:00:00', '2026-05-30 00:00:00', 1, 20, 1, 5, 100, 2000.00, '2026-04-23 13:14:26', '2026-05-08 04:21:34', 70),
(5, '12', 'percentage', 50.00, 1, NULL, NULL, 0, '2026-04-23 00:00:00', '2026-04-30 00:00:00', 1, NULL, 0, NULL, NULL, 5000.00, '2026-04-23 13:19:28', '2026-04-23 13:19:28', NULL),
(7, 'TEST90', 'fixed', 90.00, 0, NULL, NULL, 1, '2026-04-23 00:00:00', '2026-05-31 00:00:00', 1, NULL, 0, NULL, NULL, NULL, '2026-04-23 13:22:59', '2026-05-20 08:21:39', NULL),
(8, 'OFFER-95', 'percentage', 95.00, 0, 'This is Test Offer, Grab it Fast', '11', 0, '2026-04-23 00:00:00', '2026-04-30 00:00:00', 2, NULL, 1, NULL, 1000, 3000.00, '2026-04-23 13:35:03', '2026-05-07 04:33:32', NULL);

--
-- Dumping data for table `failed_jobs`
--

INSERT INTO `failed_jobs` (`id`, `uuid`, `connection`, `queue`, `payload`, `exception`, `failed_at`) VALUES
(37, '7c220369-c6c3-49d6-b827-b8368e96fd66', 'redis', 'default', '{\"uuid\":\"7c220369-c6c3-49d6-b827-b8368e96fd66\",\"displayName\":\"App\\\\Notifications\\\\BookingUpcomingNotification\",\"job\":\"Illuminate\\\\Queue\\\\CallQueuedHandler@call\",\"maxTries\":null,\"maxExceptions\":null,\"failOnTimeout\":false,\"backoff\":null,\"timeout\":null,\"retryUntil\":null,\"data\":{\"commandName\":\"Illuminate\\\\Notifications\\\\SendQueuedNotifications\",\"command\":\"O:48:\\\"Illuminate\\\\Notifications\\\\SendQueuedNotifications\\\":3:{s:11:\\\"notifiables\\\";O:45:\\\"Illuminate\\\\Contracts\\\\Database\\\\ModelIdentifier\\\":5:{s:5:\\\"class\\\";s:15:\\\"App\\\\Models\\\\User\\\";s:2:\\\"id\\\";a:1:{i:0;i:23;}s:9:\\\"relations\\\";a:0:{}s:10:\\\"connection\\\";s:5:\\\"mysql\\\";s:15:\\\"collectionClass\\\";N;}s:12:\\\"notification\\\";O:45:\\\"App\\\\Notifications\\\\BookingUpcomingNotification\\\":2:{s:10:\\\"\\u0000*\\u0000booking\\\";O:45:\\\"Illuminate\\\\Contracts\\\\Database\\\\ModelIdentifier\\\":5:{s:5:\\\"class\\\";s:18:\\\"App\\\\Models\\\\Booking\\\";s:2:\\\"id\\\";i:73;s:9:\\\"relations\\\";a:1:{i:0;s:4:\\\"user\\\";}s:10:\\\"connection\\\";s:5:\\\"mysql\\\";s:15:\\\"collectionClass\\\";N;}s:2:\\\"id\\\";s:36:\\\"f6799412-4b58-4d0b-875e-6f367fe76e47\\\";}s:8:\\\"channels\\\";a:1:{i:0;s:4:\\\"mail\\\";}}\",\"batchId\":null},\"createdAt\":1778214803,\"id\":\"olkS1p0XU6uAB21qi9iLDlAA4ByaMqJ0\",\"attempts\":0,\"delay\":null}', 'Symfony\\Component\\Mailer\\Exception\\UnexpectedResponseException: Expected response code \"354\" but got code \"550\", with message \"550 5.7.0 Too many emails per second. Please upgrade your plan https://mailtrap.io/billing/plans/testing\". in /home/x26001/ibrahim/Hotel-Booking-System/vendor/symfony/mailer/Transport/Smtp/SmtpTransport.php:331\nStack trace:\n#0 /home/x26001/ibrahim/Hotel-Booking-System/vendor/symfony/mailer/Transport/Smtp/SmtpTransport.php(187): Symfony\\Component\\Mailer\\Transport\\Smtp\\SmtpTransport->assertResponseCode()\n#1 /home/x26001/ibrahim/Hotel-Booking-System/vendor/symfony/mailer/Transport/Smtp/EsmtpTransport.php(150): Symfony\\Component\\Mailer\\Transport\\Smtp\\SmtpTransport->executeCommand()\n#2 /home/x26001/ibrahim/Hotel-Booking-System/vendor/symfony/mailer/Transport/Smtp/SmtpTransport.php(209): Symfony\\Component\\Mailer\\Transport\\Smtp\\EsmtpTransport->executeCommand()\n#3 /home/x26001/ibrahim/Hotel-Booking-System/vendor/symfony/mailer/Transport/AbstractTransport.php(69): Symfony\\Component\\Mailer\\Transport\\Smtp\\SmtpTransport->doSend()\n#4 /home/x26001/ibrahim/Hotel-Booking-System/vendor/symfony/mailer/Transport/Smtp/SmtpTransport.php(138): Symfony\\Component\\Mailer\\Transport\\AbstractTransport->send()\n#5 /home/x26001/ibrahim/Hotel-Booking-System/vendor/laravel/framework/src/Illuminate/Mail/Mailer.php(584): Symfony\\Component\\Mailer\\Transport\\Smtp\\SmtpTransport->send()\n#6 /home/x26001/ibrahim/Hotel-Booking-System/vendor/laravel/framework/src/Illuminate/Mail/Mailer.php(331): Illuminate\\Mail\\Mailer->sendSymfonyMessage()\n#7 /home/x26001/ibrahim/Hotel-Booking-System/vendor/laravel/framework/src/Illuminate/Notifications/Channels/MailChannel.php(66): Illuminate\\Mail\\Mailer->send()\n#8 /home/x26001/ibrahim/Hotel-Booking-System/vendor/laravel/framework/src/Illuminate/Notifications/NotificationSender.php(161): Illuminate\\Notifications\\Channels\\MailChannel->send()\n#9 /home/x26001/ibrahim/Hotel-Booking-System/vendor/laravel/framework/src/Illuminate/Notifications/NotificationSender.php(116): Illuminate\\Notifications\\NotificationSender->sendToNotifiable()\n#10 /home/x26001/ibrahim/Hotel-Booking-System/vendor/laravel/framework/src/Illuminate/Support/Traits/Localizable.php(19): Illuminate\\Notifications\\NotificationSender->Illuminate\\Notifications\\{closure}()\n#11 /home/x26001/ibrahim/Hotel-Booking-System/vendor/laravel/framework/src/Illuminate/Notifications/NotificationSender.php(111): Illuminate\\Notifications\\NotificationSender->withLocale()\n#12 /home/x26001/ibrahim/Hotel-Booking-System/vendor/laravel/framework/src/Illuminate/Notifications/ChannelManager.php(60): Illuminate\\Notifications\\NotificationSender->sendNow()\n#13 /home/x26001/ibrahim/Hotel-Booking-System/vendor/laravel/framework/src/Illuminate/Notifications/SendQueuedNotifications.php(118): Illuminate\\Notifications\\ChannelManager->sendNow()\n#14 /home/x26001/ibrahim/Hotel-Booking-System/vendor/laravel/framework/src/Illuminate/Container/BoundMethod.php(36): Illuminate\\Notifications\\SendQueuedNotifications->handle()\n#15 /home/x26001/ibrahim/Hotel-Booking-System/vendor/laravel/framework/src/Illuminate/Container/Util.php(43): Illuminate\\Container\\BoundMethod::Illuminate\\Container\\{closure}()\n#16 /home/x26001/ibrahim/Hotel-Booking-System/vendor/laravel/framework/src/Illuminate/Container/BoundMethod.php(96): Illuminate\\Container\\Util::unwrapIfClosure()\n#17 /home/x26001/ibrahim/Hotel-Booking-System/vendor/laravel/framework/src/Illuminate/Container/BoundMethod.php(35): Illuminate\\Container\\BoundMethod::callBoundMethod()\n#18 /home/x26001/ibrahim/Hotel-Booking-System/vendor/laravel/framework/src/Illuminate/Container/Container.php(799): Illuminate\\Container\\BoundMethod::call()\n#19 /home/x26001/ibrahim/Hotel-Booking-System/vendor/laravel/framework/src/Illuminate/Bus/Dispatcher.php(129): Illuminate\\Container\\Container->call()\n#20 /home/x26001/ibrahim/Hotel-Booking-System/vendor/laravel/framework/src/Illuminate/Pipeline/Pipeline.php(180): Illuminate\\Bus\\Dispatcher->Illuminate\\Bus\\{closure}()\n#21 /home/x26001/ibrahim/Hotel-Booking-System/vendor/laravel/framework/src/Illuminate/Pipeline/Pipeline.php(137): Illuminate\\Pipeline\\Pipeline->Illuminate\\Pipeline\\{closure}()\n#22 /home/x26001/ibrahim/Hotel-Booking-System/vendor/laravel/framework/src/Illuminate/Bus/Dispatcher.php(133): Illuminate\\Pipeline\\Pipeline->then()\n#23 /home/x26001/ibrahim/Hotel-Booking-System/vendor/laravel/framework/src/Illuminate/Queue/CallQueuedHandler.php(136): Illuminate\\Bus\\Dispatcher->dispatchNow()\n#24 /home/x26001/ibrahim/Hotel-Booking-System/vendor/laravel/framework/src/Illuminate/Pipeline/Pipeline.php(180): Illuminate\\Queue\\CallQueuedHandler->Illuminate\\Queue\\{closure}()\n#25 /home/x26001/ibrahim/Hotel-Booking-System/vendor/laravel/framework/src/Illuminate/Pipeline/Pipeline.php(137): Illuminate\\Pipeline\\Pipeline->Illuminate\\Pipeline\\{closure}()\n#26 /home/x26001/ibrahim/Hotel-Booking-System/vendor/laravel/framework/src/Illuminate/Queue/CallQueuedHandler.php(129): Illuminate\\Pipeline\\Pipeline->then()\n#27 /home/x26001/ibrahim/Hotel-Booking-System/vendor/laravel/framework/src/Illuminate/Queue/CallQueuedHandler.php(70): Illuminate\\Queue\\CallQueuedHandler->dispatchThroughMiddleware()\n#28 /home/x26001/ibrahim/Hotel-Booking-System/vendor/laravel/framework/src/Illuminate/Queue/Jobs/Job.php(102): Illuminate\\Queue\\CallQueuedHandler->call()\n#29 /home/x26001/ibrahim/Hotel-Booking-System/vendor/laravel/framework/src/Illuminate/Queue/Worker.php(485): Illuminate\\Queue\\Jobs\\Job->fire()\n#30 /home/x26001/ibrahim/Hotel-Booking-System/vendor/laravel/framework/src/Illuminate/Queue/Worker.php(435): Illuminate\\Queue\\Worker->process()\n#31 /home/x26001/ibrahim/Hotel-Booking-System/vendor/laravel/framework/src/Illuminate/Queue/Worker.php(201): Illuminate\\Queue\\Worker->runJob()\n#32 /home/x26001/ibrahim/Hotel-Booking-System/vendor/laravel/framework/src/Illuminate/Queue/Console/WorkCommand.php(148): Illuminate\\Queue\\Worker->daemon()\n#33 /home/x26001/ibrahim/Hotel-Booking-System/vendor/laravel/framework/src/Illuminate/Queue/Console/WorkCommand.php(131): Illuminate\\Queue\\Console\\WorkCommand->runWorker()\n#34 /home/x26001/ibrahim/Hotel-Booking-System/vendor/laravel/framework/src/Illuminate/Container/BoundMethod.php(36): Illuminate\\Queue\\Console\\WorkCommand->handle()\n#35 /home/x26001/ibrahim/Hotel-Booking-System/vendor/laravel/framework/src/Illuminate/Container/Util.php(43): Illuminate\\Container\\BoundMethod::Illuminate\\Container\\{closure}()\n#36 /home/x26001/ibrahim/Hotel-Booking-System/vendor/laravel/framework/src/Illuminate/Container/BoundMethod.php(96): Illuminate\\Container\\Util::unwrapIfClosure()\n#37 /home/x26001/ibrahim/Hotel-Booking-System/vendor/laravel/framework/src/Illuminate/Container/BoundMethod.php(35): Illuminate\\Container\\BoundMethod::callBoundMethod()\n#38 /home/x26001/ibrahim/Hotel-Booking-System/vendor/laravel/framework/src/Illuminate/Container/Container.php(799): Illuminate\\Container\\BoundMethod::call()\n#39 /home/x26001/ibrahim/Hotel-Booking-System/vendor/laravel/framework/src/Illuminate/Console/Command.php(211): Illuminate\\Container\\Container->call()\n#40 /home/x26001/ibrahim/Hotel-Booking-System/vendor/symfony/console/Command/Command.php(341): Illuminate\\Console\\Command->execute()\n#41 /home/x26001/ibrahim/Hotel-Booking-System/vendor/laravel/framework/src/Illuminate/Console/Command.php(180): Symfony\\Component\\Console\\Command\\Command->run()\n#42 /home/x26001/ibrahim/Hotel-Booking-System/vendor/symfony/console/Application.php(1117): Illuminate\\Console\\Command->run()\n#43 /home/x26001/ibrahim/Hotel-Booking-System/vendor/symfony/console/Application.php(356): Symfony\\Component\\Console\\Application->doRunCommand()\n#44 /home/x26001/ibrahim/Hotel-Booking-System/vendor/symfony/console/Application.php(195): Symfony\\Component\\Console\\Application->doRun()\n#45 /home/x26001/ibrahim/Hotel-Booking-System/vendor/laravel/framework/src/Illuminate/Foundation/Console/Kernel.php(198): Symfony\\Component\\Console\\Application->run()\n#46 /home/x26001/ibrahim/Hotel-Booking-System/vendor/laravel/framework/src/Illuminate/Foundation/Application.php(1235): Illuminate\\Foundation\\Console\\Kernel->handle()\n#47 /home/x26001/ibrahim/Hotel-Booking-System/artisan(16): Illuminate\\Foundation\\Application->handleCommand()\n#48 {main}', '2026-05-12 11:50:36'),
(38, 'bc0259c1-d2b3-44e1-8901-6888497b6817', 'redis', 'default', '{\"uuid\":\"bc0259c1-d2b3-44e1-8901-6888497b6817\",\"displayName\":\"App\\\\Notifications\\\\BookingConfirmNotification\",\"job\":\"Illuminate\\\\Queue\\\\CallQueuedHandler@call\",\"maxTries\":null,\"maxExceptions\":null,\"failOnTimeout\":false,\"backoff\":null,\"timeout\":null,\"retryUntil\":null,\"data\":{\"commandName\":\"Illuminate\\\\Notifications\\\\SendQueuedNotifications\",\"command\":\"O:48:\\\"Illuminate\\\\Notifications\\\\SendQueuedNotifications\\\":3:{s:11:\\\"notifiables\\\";O:45:\\\"Illuminate\\\\Contracts\\\\Database\\\\ModelIdentifier\\\":5:{s:5:\\\"class\\\";s:15:\\\"App\\\\Models\\\\User\\\";s:2:\\\"id\\\";a:1:{i:0;i:22;}s:9:\\\"relations\\\";a:0:{}s:10:\\\"connection\\\";s:5:\\\"mysql\\\";s:15:\\\"collectionClass\\\";N;}s:12:\\\"notification\\\";O:44:\\\"App\\\\Notifications\\\\BookingConfirmNotification\\\":2:{s:10:\\\"\\u0000*\\u0000booking\\\";O:45:\\\"Illuminate\\\\Contracts\\\\Database\\\\ModelIdentifier\\\":5:{s:5:\\\"class\\\";s:18:\\\"App\\\\Models\\\\Booking\\\";s:2:\\\"id\\\";i:81;s:9:\\\"relations\\\";a:3:{i:0;s:4:\\\"user\\\";i:1;s:7:\\\"payment\\\";i:2;s:5:\\\"hotel\\\";}s:10:\\\"connection\\\";s:5:\\\"mysql\\\";s:15:\\\"collectionClass\\\";N;}s:2:\\\"id\\\";s:36:\\\"52c8d5d4-949d-4870-a038-93448cfe8600\\\";}s:8:\\\"channels\\\";a:1:{i:0;s:4:\\\"mail\\\";}}\",\"batchId\":null},\"createdAt\":1778131926,\"id\":\"yTFq6jJnVVdcVwDvci8TGJY4ldfcc15E\",\"attempts\":0,\"delay\":null}', 'Symfony\\Component\\Mailer\\Exception\\UnexpectedResponseException: Expected response code \"354\" but got code \"550\", with message \"550 5.7.0 Too many emails per second. Please upgrade your plan https://mailtrap.io/billing/plans/testing\". in /home/x26001/ibrahim/Hotel-Booking-System/vendor/symfony/mailer/Transport/Smtp/SmtpTransport.php:331\nStack trace:\n#0 /home/x26001/ibrahim/Hotel-Booking-System/vendor/symfony/mailer/Transport/Smtp/SmtpTransport.php(187): Symfony\\Component\\Mailer\\Transport\\Smtp\\SmtpTransport->assertResponseCode()\n#1 /home/x26001/ibrahim/Hotel-Booking-System/vendor/symfony/mailer/Transport/Smtp/EsmtpTransport.php(150): Symfony\\Component\\Mailer\\Transport\\Smtp\\SmtpTransport->executeCommand()\n#2 /home/x26001/ibrahim/Hotel-Booking-System/vendor/symfony/mailer/Transport/Smtp/SmtpTransport.php(209): Symfony\\Component\\Mailer\\Transport\\Smtp\\EsmtpTransport->executeCommand()\n#3 /home/x26001/ibrahim/Hotel-Booking-System/vendor/symfony/mailer/Transport/AbstractTransport.php(69): Symfony\\Component\\Mailer\\Transport\\Smtp\\SmtpTransport->doSend()\n#4 /home/x26001/ibrahim/Hotel-Booking-System/vendor/symfony/mailer/Transport/Smtp/SmtpTransport.php(138): Symfony\\Component\\Mailer\\Transport\\AbstractTransport->send()\n#5 /home/x26001/ibrahim/Hotel-Booking-System/vendor/laravel/framework/src/Illuminate/Mail/Mailer.php(584): Symfony\\Component\\Mailer\\Transport\\Smtp\\SmtpTransport->send()\n#6 /home/x26001/ibrahim/Hotel-Booking-System/vendor/laravel/framework/src/Illuminate/Mail/Mailer.php(331): Illuminate\\Mail\\Mailer->sendSymfonyMessage()\n#7 /home/x26001/ibrahim/Hotel-Booking-System/vendor/laravel/framework/src/Illuminate/Notifications/Channels/MailChannel.php(66): Illuminate\\Mail\\Mailer->send()\n#8 /home/x26001/ibrahim/Hotel-Booking-System/vendor/laravel/framework/src/Illuminate/Notifications/NotificationSender.php(161): Illuminate\\Notifications\\Channels\\MailChannel->send()\n#9 /home/x26001/ibrahim/Hotel-Booking-System/vendor/laravel/framework/src/Illuminate/Notifications/NotificationSender.php(116): Illuminate\\Notifications\\NotificationSender->sendToNotifiable()\n#10 /home/x26001/ibrahim/Hotel-Booking-System/vendor/laravel/framework/src/Illuminate/Support/Traits/Localizable.php(19): Illuminate\\Notifications\\NotificationSender->Illuminate\\Notifications\\{closure}()\n#11 /home/x26001/ibrahim/Hotel-Booking-System/vendor/laravel/framework/src/Illuminate/Notifications/NotificationSender.php(111): Illuminate\\Notifications\\NotificationSender->withLocale()\n#12 /home/x26001/ibrahim/Hotel-Booking-System/vendor/laravel/framework/src/Illuminate/Notifications/ChannelManager.php(60): Illuminate\\Notifications\\NotificationSender->sendNow()\n#13 /home/x26001/ibrahim/Hotel-Booking-System/vendor/laravel/framework/src/Illuminate/Notifications/SendQueuedNotifications.php(118): Illuminate\\Notifications\\ChannelManager->sendNow()\n#14 /home/x26001/ibrahim/Hotel-Booking-System/vendor/laravel/framework/src/Illuminate/Container/BoundMethod.php(36): Illuminate\\Notifications\\SendQueuedNotifications->handle()\n#15 /home/x26001/ibrahim/Hotel-Booking-System/vendor/laravel/framework/src/Illuminate/Container/Util.php(43): Illuminate\\Container\\BoundMethod::Illuminate\\Container\\{closure}()\n#16 /home/x26001/ibrahim/Hotel-Booking-System/vendor/laravel/framework/src/Illuminate/Container/BoundMethod.php(96): Illuminate\\Container\\Util::unwrapIfClosure()\n#17 /home/x26001/ibrahim/Hotel-Booking-System/vendor/laravel/framework/src/Illuminate/Container/BoundMethod.php(35): Illuminate\\Container\\BoundMethod::callBoundMethod()\n#18 /home/x26001/ibrahim/Hotel-Booking-System/vendor/laravel/framework/src/Illuminate/Container/Container.php(799): Illuminate\\Container\\BoundMethod::call()\n#19 /home/x26001/ibrahim/Hotel-Booking-System/vendor/laravel/framework/src/Illuminate/Bus/Dispatcher.php(129): Illuminate\\Container\\Container->call()\n#20 /home/x26001/ibrahim/Hotel-Booking-System/vendor/laravel/framework/src/Illuminate/Pipeline/Pipeline.php(180): Illuminate\\Bus\\Dispatcher->Illuminate\\Bus\\{closure}()\n#21 /home/x26001/ibrahim/Hotel-Booking-System/vendor/laravel/framework/src/Illuminate/Pipeline/Pipeline.php(137): Illuminate\\Pipeline\\Pipeline->Illuminate\\Pipeline\\{closure}()\n#22 /home/x26001/ibrahim/Hotel-Booking-System/vendor/laravel/framework/src/Illuminate/Bus/Dispatcher.php(133): Illuminate\\Pipeline\\Pipeline->then()\n#23 /home/x26001/ibrahim/Hotel-Booking-System/vendor/laravel/framework/src/Illuminate/Queue/CallQueuedHandler.php(136): Illuminate\\Bus\\Dispatcher->dispatchNow()\n#24 /home/x26001/ibrahim/Hotel-Booking-System/vendor/laravel/framework/src/Illuminate/Pipeline/Pipeline.php(180): Illuminate\\Queue\\CallQueuedHandler->Illuminate\\Queue\\{closure}()\n#25 /home/x26001/ibrahim/Hotel-Booking-System/vendor/laravel/framework/src/Illuminate/Pipeline/Pipeline.php(137): Illuminate\\Pipeline\\Pipeline->Illuminate\\Pipeline\\{closure}()\n#26 /home/x26001/ibrahim/Hotel-Booking-System/vendor/laravel/framework/src/Illuminate/Queue/CallQueuedHandler.php(129): Illuminate\\Pipeline\\Pipeline->then()\n#27 /home/x26001/ibrahim/Hotel-Booking-System/vendor/laravel/framework/src/Illuminate/Queue/CallQueuedHandler.php(70): Illuminate\\Queue\\CallQueuedHandler->dispatchThroughMiddleware()\n#28 /home/x26001/ibrahim/Hotel-Booking-System/vendor/laravel/framework/src/Illuminate/Queue/Jobs/Job.php(102): Illuminate\\Queue\\CallQueuedHandler->call()\n#29 /home/x26001/ibrahim/Hotel-Booking-System/vendor/laravel/framework/src/Illuminate/Queue/Worker.php(485): Illuminate\\Queue\\Jobs\\Job->fire()\n#30 /home/x26001/ibrahim/Hotel-Booking-System/vendor/laravel/framework/src/Illuminate/Queue/Worker.php(435): Illuminate\\Queue\\Worker->process()\n#31 /home/x26001/ibrahim/Hotel-Booking-System/vendor/laravel/framework/src/Illuminate/Queue/Worker.php(201): Illuminate\\Queue\\Worker->runJob()\n#32 /home/x26001/ibrahim/Hotel-Booking-System/vendor/laravel/framework/src/Illuminate/Queue/Console/WorkCommand.php(148): Illuminate\\Queue\\Worker->daemon()\n#33 /home/x26001/ibrahim/Hotel-Booking-System/vendor/laravel/framework/src/Illuminate/Queue/Console/WorkCommand.php(131): Illuminate\\Queue\\Console\\WorkCommand->runWorker()\n#34 /home/x26001/ibrahim/Hotel-Booking-System/vendor/laravel/framework/src/Illuminate/Container/BoundMethod.php(36): Illuminate\\Queue\\Console\\WorkCommand->handle()\n#35 /home/x26001/ibrahim/Hotel-Booking-System/vendor/laravel/framework/src/Illuminate/Container/Util.php(43): Illuminate\\Container\\BoundMethod::Illuminate\\Container\\{closure}()\n#36 /home/x26001/ibrahim/Hotel-Booking-System/vendor/laravel/framework/src/Illuminate/Container/BoundMethod.php(96): Illuminate\\Container\\Util::unwrapIfClosure()\n#37 /home/x26001/ibrahim/Hotel-Booking-System/vendor/laravel/framework/src/Illuminate/Container/BoundMethod.php(35): Illuminate\\Container\\BoundMethod::callBoundMethod()\n#38 /home/x26001/ibrahim/Hotel-Booking-System/vendor/laravel/framework/src/Illuminate/Container/Container.php(799): Illuminate\\Container\\BoundMethod::call()\n#39 /home/x26001/ibrahim/Hotel-Booking-System/vendor/laravel/framework/src/Illuminate/Console/Command.php(211): Illuminate\\Container\\Container->call()\n#40 /home/x26001/ibrahim/Hotel-Booking-System/vendor/symfony/console/Command/Command.php(341): Illuminate\\Console\\Command->execute()\n#41 /home/x26001/ibrahim/Hotel-Booking-System/vendor/laravel/framework/src/Illuminate/Console/Command.php(180): Symfony\\Component\\Console\\Command\\Command->run()\n#42 /home/x26001/ibrahim/Hotel-Booking-System/vendor/symfony/console/Application.php(1117): Illuminate\\Console\\Command->run()\n#43 /home/x26001/ibrahim/Hotel-Booking-System/vendor/symfony/console/Application.php(356): Symfony\\Component\\Console\\Application->doRunCommand()\n#44 /home/x26001/ibrahim/Hotel-Booking-System/vendor/symfony/console/Application.php(195): Symfony\\Component\\Console\\Application->doRun()\n#45 /home/x26001/ibrahim/Hotel-Booking-System/vendor/laravel/framework/src/Illuminate/Foundation/Console/Kernel.php(198): Symfony\\Component\\Console\\Application->run()\n#46 /home/x26001/ibrahim/Hotel-Booking-System/vendor/laravel/framework/src/Illuminate/Foundation/Application.php(1235): Illuminate\\Foundation\\Console\\Kernel->handle()\n#47 /home/x26001/ibrahim/Hotel-Booking-System/artisan(16): Illuminate\\Foundation\\Application->handleCommand()\n#48 {main}', '2026-05-12 11:50:38'),
(39, '37191152-25b9-4c91-b116-c951447cbc12', 'redis', 'default', '{\"uuid\":\"37191152-25b9-4c91-b116-c951447cbc12\",\"displayName\":\"App\\\\Jobs\\\\CreateTransactionJob\",\"job\":\"Illuminate\\\\Queue\\\\CallQueuedHandler@call\",\"maxTries\":null,\"maxExceptions\":null,\"failOnTimeout\":false,\"backoff\":null,\"timeout\":null,\"retryUntil\":null,\"data\":{\"commandName\":\"App\\\\Jobs\\\\CreateTransactionJob\",\"command\":\"O:29:\\\"App\\\\Jobs\\\\CreateTransactionJob\\\":1:{s:18:\\\"\\u0000*\\u0000transactionable\\\";O:45:\\\"Illuminate\\\\Contracts\\\\Database\\\\ModelIdentifier\\\":5:{s:5:\\\"class\\\";s:18:\\\"App\\\\Models\\\\Booking\\\";s:2:\\\"id\\\";i:74;s:9:\\\"relations\\\";a:1:{i:0;s:7:\\\"payment\\\";}s:10:\\\"connection\\\";s:5:\\\"mysql\\\";s:15:\\\"collectionClass\\\";N;}}\",\"batchId\":null},\"createdAt\":1778072192,\"id\":\"64X7fCBRxrEa8UDDQD32D5067WbOQIO4\",\"attempts\":0,\"delay\":null}', 'Error: Typed property App\\Jobs\\CreateTransactionJob::$payload must not be accessed before initialization in /home/x26001/ibrahim/Hotel-Booking-System/app/Jobs/CreateTransactionJob.php:27\nStack trace:\n#0 /home/x26001/ibrahim/Hotel-Booking-System/vendor/laravel/framework/src/Illuminate/Container/BoundMethod.php(36): App\\Jobs\\CreateTransactionJob->handle()\n#1 /home/x26001/ibrahim/Hotel-Booking-System/vendor/laravel/framework/src/Illuminate/Container/Util.php(43): Illuminate\\Container\\BoundMethod::Illuminate\\Container\\{closure}()\n#2 /home/x26001/ibrahim/Hotel-Booking-System/vendor/laravel/framework/src/Illuminate/Container/BoundMethod.php(96): Illuminate\\Container\\Util::unwrapIfClosure()\n#3 /home/x26001/ibrahim/Hotel-Booking-System/vendor/laravel/framework/src/Illuminate/Container/BoundMethod.php(35): Illuminate\\Container\\BoundMethod::callBoundMethod()\n#4 /home/x26001/ibrahim/Hotel-Booking-System/vendor/laravel/framework/src/Illuminate/Container/Container.php(799): Illuminate\\Container\\BoundMethod::call()\n#5 /home/x26001/ibrahim/Hotel-Booking-System/vendor/laravel/framework/src/Illuminate/Bus/Dispatcher.php(129): Illuminate\\Container\\Container->call()\n#6 /home/x26001/ibrahim/Hotel-Booking-System/vendor/laravel/framework/src/Illuminate/Pipeline/Pipeline.php(180): Illuminate\\Bus\\Dispatcher->Illuminate\\Bus\\{closure}()\n#7 /home/x26001/ibrahim/Hotel-Booking-System/vendor/laravel/framework/src/Illuminate/Pipeline/Pipeline.php(137): Illuminate\\Pipeline\\Pipeline->Illuminate\\Pipeline\\{closure}()\n#8 /home/x26001/ibrahim/Hotel-Booking-System/vendor/laravel/framework/src/Illuminate/Bus/Dispatcher.php(133): Illuminate\\Pipeline\\Pipeline->then()\n#9 /home/x26001/ibrahim/Hotel-Booking-System/vendor/laravel/framework/src/Illuminate/Queue/CallQueuedHandler.php(136): Illuminate\\Bus\\Dispatcher->dispatchNow()\n#10 /home/x26001/ibrahim/Hotel-Booking-System/vendor/laravel/framework/src/Illuminate/Pipeline/Pipeline.php(180): Illuminate\\Queue\\CallQueuedHandler->Illuminate\\Queue\\{closure}()\n#11 /home/x26001/ibrahim/Hotel-Booking-System/vendor/laravel/framework/src/Illuminate/Pipeline/Pipeline.php(137): Illuminate\\Pipeline\\Pipeline->Illuminate\\Pipeline\\{closure}()\n#12 /home/x26001/ibrahim/Hotel-Booking-System/vendor/laravel/framework/src/Illuminate/Queue/CallQueuedHandler.php(129): Illuminate\\Pipeline\\Pipeline->then()\n#13 /home/x26001/ibrahim/Hotel-Booking-System/vendor/laravel/framework/src/Illuminate/Queue/CallQueuedHandler.php(70): Illuminate\\Queue\\CallQueuedHandler->dispatchThroughMiddleware()\n#14 /home/x26001/ibrahim/Hotel-Booking-System/vendor/laravel/framework/src/Illuminate/Queue/Jobs/Job.php(102): Illuminate\\Queue\\CallQueuedHandler->call()\n#15 /home/x26001/ibrahim/Hotel-Booking-System/vendor/laravel/framework/src/Illuminate/Queue/Worker.php(485): Illuminate\\Queue\\Jobs\\Job->fire()\n#16 /home/x26001/ibrahim/Hotel-Booking-System/vendor/laravel/framework/src/Illuminate/Queue/Worker.php(435): Illuminate\\Queue\\Worker->process()\n#17 /home/x26001/ibrahim/Hotel-Booking-System/vendor/laravel/framework/src/Illuminate/Queue/Worker.php(201): Illuminate\\Queue\\Worker->runJob()\n#18 /home/x26001/ibrahim/Hotel-Booking-System/vendor/laravel/framework/src/Illuminate/Queue/Console/WorkCommand.php(148): Illuminate\\Queue\\Worker->daemon()\n#19 /home/x26001/ibrahim/Hotel-Booking-System/vendor/laravel/framework/src/Illuminate/Queue/Console/WorkCommand.php(131): Illuminate\\Queue\\Console\\WorkCommand->runWorker()\n#20 /home/x26001/ibrahim/Hotel-Booking-System/vendor/laravel/framework/src/Illuminate/Container/BoundMethod.php(36): Illuminate\\Queue\\Console\\WorkCommand->handle()\n#21 /home/x26001/ibrahim/Hotel-Booking-System/vendor/laravel/framework/src/Illuminate/Container/Util.php(43): Illuminate\\Container\\BoundMethod::Illuminate\\Container\\{closure}()\n#22 /home/x26001/ibrahim/Hotel-Booking-System/vendor/laravel/framework/src/Illuminate/Container/BoundMethod.php(96): Illuminate\\Container\\Util::unwrapIfClosure()\n#23 /home/x26001/ibrahim/Hotel-Booking-System/vendor/laravel/framework/src/Illuminate/Container/BoundMethod.php(35): Illuminate\\Container\\BoundMethod::callBoundMethod()\n#24 /home/x26001/ibrahim/Hotel-Booking-System/vendor/laravel/framework/src/Illuminate/Container/Container.php(799): Illuminate\\Container\\BoundMethod::call()\n#25 /home/x26001/ibrahim/Hotel-Booking-System/vendor/laravel/framework/src/Illuminate/Console/Command.php(211): Illuminate\\Container\\Container->call()\n#26 /home/x26001/ibrahim/Hotel-Booking-System/vendor/symfony/console/Command/Command.php(341): Illuminate\\Console\\Command->execute()\n#27 /home/x26001/ibrahim/Hotel-Booking-System/vendor/laravel/framework/src/Illuminate/Console/Command.php(180): Symfony\\Component\\Console\\Command\\Command->run()\n#28 /home/x26001/ibrahim/Hotel-Booking-System/vendor/symfony/console/Application.php(1117): Illuminate\\Console\\Command->run()\n#29 /home/x26001/ibrahim/Hotel-Booking-System/vendor/symfony/console/Application.php(356): Symfony\\Component\\Console\\Application->doRunCommand()\n#30 /home/x26001/ibrahim/Hotel-Booking-System/vendor/symfony/console/Application.php(195): Symfony\\Component\\Console\\Application->doRun()\n#31 /home/x26001/ibrahim/Hotel-Booking-System/vendor/laravel/framework/src/Illuminate/Foundation/Console/Kernel.php(198): Symfony\\Component\\Console\\Application->run()\n#32 /home/x26001/ibrahim/Hotel-Booking-System/vendor/laravel/framework/src/Illuminate/Foundation/Application.php(1235): Illuminate\\Foundation\\Console\\Kernel->handle()\n#33 /home/x26001/ibrahim/Hotel-Booking-System/artisan(16): Illuminate\\Foundation\\Application->handleCommand()\n#34 {main}', '2026-05-12 11:50:38'),
(40, 'a81bc104-866b-4b7b-9522-a49715ee7311', 'redis', 'default', '{\"uuid\":\"a81bc104-866b-4b7b-9522-a49715ee7311\",\"displayName\":\"App\\\\Jobs\\\\CreateTransactionJob\",\"job\":\"Illuminate\\\\Queue\\\\CallQueuedHandler@call\",\"maxTries\":null,\"maxExceptions\":null,\"failOnTimeout\":false,\"backoff\":null,\"timeout\":null,\"retryUntil\":null,\"data\":{\"commandName\":\"App\\\\Jobs\\\\CreateTransactionJob\",\"command\":\"O:29:\\\"App\\\\Jobs\\\\CreateTransactionJob\\\":1:{s:18:\\\"\\u0000*\\u0000transactionable\\\";O:45:\\\"Illuminate\\\\Contracts\\\\Database\\\\ModelIdentifier\\\":5:{s:5:\\\"class\\\";s:18:\\\"App\\\\Models\\\\Booking\\\";s:2:\\\"id\\\";i:74;s:9:\\\"relations\\\";a:1:{i:0;s:7:\\\"payment\\\";}s:10:\\\"connection\\\";s:5:\\\"mysql\\\";s:15:\\\"collectionClass\\\";N;}}\",\"batchId\":null},\"createdAt\":1778072172,\"id\":\"fJH5vPGirqiCuR2z8b1mpBQSnqQ1Wjec\",\"attempts\":0,\"delay\":null}', 'Error: Typed property App\\Jobs\\CreateTransactionJob::$payload must not be accessed before initialization in /home/x26001/ibrahim/Hotel-Booking-System/app/Jobs/CreateTransactionJob.php:27\nStack trace:\n#0 /home/x26001/ibrahim/Hotel-Booking-System/vendor/laravel/framework/src/Illuminate/Container/BoundMethod.php(36): App\\Jobs\\CreateTransactionJob->handle()\n#1 /home/x26001/ibrahim/Hotel-Booking-System/vendor/laravel/framework/src/Illuminate/Container/Util.php(43): Illuminate\\Container\\BoundMethod::Illuminate\\Container\\{closure}()\n#2 /home/x26001/ibrahim/Hotel-Booking-System/vendor/laravel/framework/src/Illuminate/Container/BoundMethod.php(96): Illuminate\\Container\\Util::unwrapIfClosure()\n#3 /home/x26001/ibrahim/Hotel-Booking-System/vendor/laravel/framework/src/Illuminate/Container/BoundMethod.php(35): Illuminate\\Container\\BoundMethod::callBoundMethod()\n#4 /home/x26001/ibrahim/Hotel-Booking-System/vendor/laravel/framework/src/Illuminate/Container/Container.php(799): Illuminate\\Container\\BoundMethod::call()\n#5 /home/x26001/ibrahim/Hotel-Booking-System/vendor/laravel/framework/src/Illuminate/Bus/Dispatcher.php(129): Illuminate\\Container\\Container->call()\n#6 /home/x26001/ibrahim/Hotel-Booking-System/vendor/laravel/framework/src/Illuminate/Pipeline/Pipeline.php(180): Illuminate\\Bus\\Dispatcher->Illuminate\\Bus\\{closure}()\n#7 /home/x26001/ibrahim/Hotel-Booking-System/vendor/laravel/framework/src/Illuminate/Pipeline/Pipeline.php(137): Illuminate\\Pipeline\\Pipeline->Illuminate\\Pipeline\\{closure}()\n#8 /home/x26001/ibrahim/Hotel-Booking-System/vendor/laravel/framework/src/Illuminate/Bus/Dispatcher.php(133): Illuminate\\Pipeline\\Pipeline->then()\n#9 /home/x26001/ibrahim/Hotel-Booking-System/vendor/laravel/framework/src/Illuminate/Queue/CallQueuedHandler.php(136): Illuminate\\Bus\\Dispatcher->dispatchNow()\n#10 /home/x26001/ibrahim/Hotel-Booking-System/vendor/laravel/framework/src/Illuminate/Pipeline/Pipeline.php(180): Illuminate\\Queue\\CallQueuedHandler->Illuminate\\Queue\\{closure}()\n#11 /home/x26001/ibrahim/Hotel-Booking-System/vendor/laravel/framework/src/Illuminate/Pipeline/Pipeline.php(137): Illuminate\\Pipeline\\Pipeline->Illuminate\\Pipeline\\{closure}()\n#12 /home/x26001/ibrahim/Hotel-Booking-System/vendor/laravel/framework/src/Illuminate/Queue/CallQueuedHandler.php(129): Illuminate\\Pipeline\\Pipeline->then()\n#13 /home/x26001/ibrahim/Hotel-Booking-System/vendor/laravel/framework/src/Illuminate/Queue/CallQueuedHandler.php(70): Illuminate\\Queue\\CallQueuedHandler->dispatchThroughMiddleware()\n#14 /home/x26001/ibrahim/Hotel-Booking-System/vendor/laravel/framework/src/Illuminate/Queue/Jobs/Job.php(102): Illuminate\\Queue\\CallQueuedHandler->call()\n#15 /home/x26001/ibrahim/Hotel-Booking-System/vendor/laravel/framework/src/Illuminate/Queue/Worker.php(485): Illuminate\\Queue\\Jobs\\Job->fire()\n#16 /home/x26001/ibrahim/Hotel-Booking-System/vendor/laravel/framework/src/Illuminate/Queue/Worker.php(435): Illuminate\\Queue\\Worker->process()\n#17 /home/x26001/ibrahim/Hotel-Booking-System/vendor/laravel/framework/src/Illuminate/Queue/Worker.php(201): Illuminate\\Queue\\Worker->runJob()\n#18 /home/x26001/ibrahim/Hotel-Booking-System/vendor/laravel/framework/src/Illuminate/Queue/Console/WorkCommand.php(148): Illuminate\\Queue\\Worker->daemon()\n#19 /home/x26001/ibrahim/Hotel-Booking-System/vendor/laravel/framework/src/Illuminate/Queue/Console/WorkCommand.php(131): Illuminate\\Queue\\Console\\WorkCommand->runWorker()\n#20 /home/x26001/ibrahim/Hotel-Booking-System/vendor/laravel/framework/src/Illuminate/Container/BoundMethod.php(36): Illuminate\\Queue\\Console\\WorkCommand->handle()\n#21 /home/x26001/ibrahim/Hotel-Booking-System/vendor/laravel/framework/src/Illuminate/Container/Util.php(43): Illuminate\\Container\\BoundMethod::Illuminate\\Container\\{closure}()\n#22 /home/x26001/ibrahim/Hotel-Booking-System/vendor/laravel/framework/src/Illuminate/Container/BoundMethod.php(96): Illuminate\\Container\\Util::unwrapIfClosure()\n#23 /home/x26001/ibrahim/Hotel-Booking-System/vendor/laravel/framework/src/Illuminate/Container/BoundMethod.php(35): Illuminate\\Container\\BoundMethod::callBoundMethod()\n#24 /home/x26001/ibrahim/Hotel-Booking-System/vendor/laravel/framework/src/Illuminate/Container/Container.php(799): Illuminate\\Container\\BoundMethod::call()\n#25 /home/x26001/ibrahim/Hotel-Booking-System/vendor/laravel/framework/src/Illuminate/Console/Command.php(211): Illuminate\\Container\\Container->call()\n#26 /home/x26001/ibrahim/Hotel-Booking-System/vendor/symfony/console/Command/Command.php(341): Illuminate\\Console\\Command->execute()\n#27 /home/x26001/ibrahim/Hotel-Booking-System/vendor/laravel/framework/src/Illuminate/Console/Command.php(180): Symfony\\Component\\Console\\Command\\Command->run()\n#28 /home/x26001/ibrahim/Hotel-Booking-System/vendor/symfony/console/Application.php(1117): Illuminate\\Console\\Command->run()\n#29 /home/x26001/ibrahim/Hotel-Booking-System/vendor/symfony/console/Application.php(356): Symfony\\Component\\Console\\Application->doRunCommand()\n#30 /home/x26001/ibrahim/Hotel-Booking-System/vendor/symfony/console/Application.php(195): Symfony\\Component\\Console\\Application->doRun()\n#31 /home/x26001/ibrahim/Hotel-Booking-System/vendor/laravel/framework/src/Illuminate/Foundation/Console/Kernel.php(198): Symfony\\Component\\Console\\Application->run()\n#32 /home/x26001/ibrahim/Hotel-Booking-System/vendor/laravel/framework/src/Illuminate/Foundation/Application.php(1235): Illuminate\\Foundation\\Console\\Kernel->handle()\n#33 /home/x26001/ibrahim/Hotel-Booking-System/artisan(16): Illuminate\\Foundation\\Application->handleCommand()\n#34 {main}', '2026-05-12 11:50:38'),
(41, '529c8e3a-ac99-4055-92a5-4e7b2cec7e05', 'redis', 'default', '{\"uuid\":\"529c8e3a-ac99-4055-92a5-4e7b2cec7e05\",\"displayName\":\"App\\\\Notifications\\\\BookingCancelNotification\",\"job\":\"Illuminate\\\\Queue\\\\CallQueuedHandler@call\",\"maxTries\":null,\"maxExceptions\":null,\"failOnTimeout\":false,\"backoff\":null,\"timeout\":null,\"retryUntil\":null,\"data\":{\"commandName\":\"Illuminate\\\\Notifications\\\\SendQueuedNotifications\",\"command\":\"O:48:\\\"Illuminate\\\\Notifications\\\\SendQueuedNotifications\\\":3:{s:11:\\\"notifiables\\\";O:45:\\\"Illuminate\\\\Contracts\\\\Database\\\\ModelIdentifier\\\":5:{s:5:\\\"class\\\";s:15:\\\"App\\\\Models\\\\User\\\";s:2:\\\"id\\\";a:1:{i:0;i:16;}s:9:\\\"relations\\\";a:0:{}s:10:\\\"connection\\\";s:5:\\\"mysql\\\";s:15:\\\"collectionClass\\\";N;}s:12:\\\"notification\\\";O:43:\\\"App\\\\Notifications\\\\BookingCancelNotification\\\":2:{s:10:\\\"\\u0000*\\u0000booking\\\";O:45:\\\"Illuminate\\\\Contracts\\\\Database\\\\ModelIdentifier\\\":5:{s:5:\\\"class\\\";s:18:\\\"App\\\\Models\\\\Booking\\\";s:2:\\\"id\\\";i:69;s:9:\\\"relations\\\";a:2:{i:0;s:4:\\\"user\\\";i:1;s:7:\\\"payment\\\";}s:10:\\\"connection\\\";s:5:\\\"mysql\\\";s:15:\\\"collectionClass\\\";N;}s:2:\\\"id\\\";s:36:\\\"dd9f5481-7f95-4fd1-8eb9-5a0302d34d28\\\";}s:8:\\\"channels\\\";a:1:{i:0;s:4:\\\"mail\\\";}}\",\"batchId\":null},\"createdAt\":1778054157,\"id\":\"ssBUJocxKU8RGXqZIhLgUuBSDH64ysxU\",\"attempts\":0,\"delay\":null}', 'Symfony\\Component\\Mailer\\Exception\\UnexpectedResponseException: Expected response code \"354\" but got code \"550\", with message \"550 5.7.0 Too many emails per second. Please upgrade your plan https://mailtrap.io/billing/plans/testing\". in /home/x26001/ibrahim/Hotel-Booking-System/vendor/symfony/mailer/Transport/Smtp/SmtpTransport.php:331\nStack trace:\n#0 /home/x26001/ibrahim/Hotel-Booking-System/vendor/symfony/mailer/Transport/Smtp/SmtpTransport.php(187): Symfony\\Component\\Mailer\\Transport\\Smtp\\SmtpTransport->assertResponseCode()\n#1 /home/x26001/ibrahim/Hotel-Booking-System/vendor/symfony/mailer/Transport/Smtp/EsmtpTransport.php(150): Symfony\\Component\\Mailer\\Transport\\Smtp\\SmtpTransport->executeCommand()\n#2 /home/x26001/ibrahim/Hotel-Booking-System/vendor/symfony/mailer/Transport/Smtp/SmtpTransport.php(209): Symfony\\Component\\Mailer\\Transport\\Smtp\\EsmtpTransport->executeCommand()\n#3 /home/x26001/ibrahim/Hotel-Booking-System/vendor/symfony/mailer/Transport/AbstractTransport.php(69): Symfony\\Component\\Mailer\\Transport\\Smtp\\SmtpTransport->doSend()\n#4 /home/x26001/ibrahim/Hotel-Booking-System/vendor/symfony/mailer/Transport/Smtp/SmtpTransport.php(138): Symfony\\Component\\Mailer\\Transport\\AbstractTransport->send()\n#5 /home/x26001/ibrahim/Hotel-Booking-System/vendor/laravel/framework/src/Illuminate/Mail/Mailer.php(584): Symfony\\Component\\Mailer\\Transport\\Smtp\\SmtpTransport->send()\n#6 /home/x26001/ibrahim/Hotel-Booking-System/vendor/laravel/framework/src/Illuminate/Mail/Mailer.php(331): Illuminate\\Mail\\Mailer->sendSymfonyMessage()\n#7 /home/x26001/ibrahim/Hotel-Booking-System/vendor/laravel/framework/src/Illuminate/Notifications/Channels/MailChannel.php(66): Illuminate\\Mail\\Mailer->send()\n#8 /home/x26001/ibrahim/Hotel-Booking-System/vendor/laravel/framework/src/Illuminate/Notifications/NotificationSender.php(161): Illuminate\\Notifications\\Channels\\MailChannel->send()\n#9 /home/x26001/ibrahim/Hotel-Booking-System/vendor/laravel/framework/src/Illuminate/Notifications/NotificationSender.php(116): Illuminate\\Notifications\\NotificationSender->sendToNotifiable()\n#10 /home/x26001/ibrahim/Hotel-Booking-System/vendor/laravel/framework/src/Illuminate/Support/Traits/Localizable.php(19): Illuminate\\Notifications\\NotificationSender->Illuminate\\Notifications\\{closure}()\n#11 /home/x26001/ibrahim/Hotel-Booking-System/vendor/laravel/framework/src/Illuminate/Notifications/NotificationSender.php(111): Illuminate\\Notifications\\NotificationSender->withLocale()\n#12 /home/x26001/ibrahim/Hotel-Booking-System/vendor/laravel/framework/src/Illuminate/Notifications/ChannelManager.php(60): Illuminate\\Notifications\\NotificationSender->sendNow()\n#13 /home/x26001/ibrahim/Hotel-Booking-System/vendor/laravel/framework/src/Illuminate/Notifications/SendQueuedNotifications.php(118): Illuminate\\Notifications\\ChannelManager->sendNow()\n#14 /home/x26001/ibrahim/Hotel-Booking-System/vendor/laravel/framework/src/Illuminate/Container/BoundMethod.php(36): Illuminate\\Notifications\\SendQueuedNotifications->handle()\n#15 /home/x26001/ibrahim/Hotel-Booking-System/vendor/laravel/framework/src/Illuminate/Container/Util.php(43): Illuminate\\Container\\BoundMethod::Illuminate\\Container\\{closure}()\n#16 /home/x26001/ibrahim/Hotel-Booking-System/vendor/laravel/framework/src/Illuminate/Container/BoundMethod.php(96): Illuminate\\Container\\Util::unwrapIfClosure()\n#17 /home/x26001/ibrahim/Hotel-Booking-System/vendor/laravel/framework/src/Illuminate/Container/BoundMethod.php(35): Illuminate\\Container\\BoundMethod::callBoundMethod()\n#18 /home/x26001/ibrahim/Hotel-Booking-System/vendor/laravel/framework/src/Illuminate/Container/Container.php(799): Illuminate\\Container\\BoundMethod::call()\n#19 /home/x26001/ibrahim/Hotel-Booking-System/vendor/laravel/framework/src/Illuminate/Bus/Dispatcher.php(129): Illuminate\\Container\\Container->call()\n#20 /home/x26001/ibrahim/Hotel-Booking-System/vendor/laravel/framework/src/Illuminate/Pipeline/Pipeline.php(180): Illuminate\\Bus\\Dispatcher->Illuminate\\Bus\\{closure}()\n#21 /home/x26001/ibrahim/Hotel-Booking-System/vendor/laravel/framework/src/Illuminate/Pipeline/Pipeline.php(137): Illuminate\\Pipeline\\Pipeline->Illuminate\\Pipeline\\{closure}()\n#22 /home/x26001/ibrahim/Hotel-Booking-System/vendor/laravel/framework/src/Illuminate/Bus/Dispatcher.php(133): Illuminate\\Pipeline\\Pipeline->then()\n#23 /home/x26001/ibrahim/Hotel-Booking-System/vendor/laravel/framework/src/Illuminate/Queue/CallQueuedHandler.php(136): Illuminate\\Bus\\Dispatcher->dispatchNow()\n#24 /home/x26001/ibrahim/Hotel-Booking-System/vendor/laravel/framework/src/Illuminate/Pipeline/Pipeline.php(180): Illuminate\\Queue\\CallQueuedHandler->Illuminate\\Queue\\{closure}()\n#25 /home/x26001/ibrahim/Hotel-Booking-System/vendor/laravel/framework/src/Illuminate/Pipeline/Pipeline.php(137): Illuminate\\Pipeline\\Pipeline->Illuminate\\Pipeline\\{closure}()\n#26 /home/x26001/ibrahim/Hotel-Booking-System/vendor/laravel/framework/src/Illuminate/Queue/CallQueuedHandler.php(129): Illuminate\\Pipeline\\Pipeline->then()\n#27 /home/x26001/ibrahim/Hotel-Booking-System/vendor/laravel/framework/src/Illuminate/Queue/CallQueuedHandler.php(70): Illuminate\\Queue\\CallQueuedHandler->dispatchThroughMiddleware()\n#28 /home/x26001/ibrahim/Hotel-Booking-System/vendor/laravel/framework/src/Illuminate/Queue/Jobs/Job.php(102): Illuminate\\Queue\\CallQueuedHandler->call()\n#29 /home/x26001/ibrahim/Hotel-Booking-System/vendor/laravel/framework/src/Illuminate/Queue/Worker.php(485): Illuminate\\Queue\\Jobs\\Job->fire()\n#30 /home/x26001/ibrahim/Hotel-Booking-System/vendor/laravel/framework/src/Illuminate/Queue/Worker.php(435): Illuminate\\Queue\\Worker->process()\n#31 /home/x26001/ibrahim/Hotel-Booking-System/vendor/laravel/framework/src/Illuminate/Queue/Worker.php(201): Illuminate\\Queue\\Worker->runJob()\n#32 /home/x26001/ibrahim/Hotel-Booking-System/vendor/laravel/framework/src/Illuminate/Queue/Console/WorkCommand.php(148): Illuminate\\Queue\\Worker->daemon()\n#33 /home/x26001/ibrahim/Hotel-Booking-System/vendor/laravel/framework/src/Illuminate/Queue/Console/WorkCommand.php(131): Illuminate\\Queue\\Console\\WorkCommand->runWorker()\n#34 /home/x26001/ibrahim/Hotel-Booking-System/vendor/laravel/framework/src/Illuminate/Container/BoundMethod.php(36): Illuminate\\Queue\\Console\\WorkCommand->handle()\n#35 /home/x26001/ibrahim/Hotel-Booking-System/vendor/laravel/framework/src/Illuminate/Container/Util.php(43): Illuminate\\Container\\BoundMethod::Illuminate\\Container\\{closure}()\n#36 /home/x26001/ibrahim/Hotel-Booking-System/vendor/laravel/framework/src/Illuminate/Container/BoundMethod.php(96): Illuminate\\Container\\Util::unwrapIfClosure()\n#37 /home/x26001/ibrahim/Hotel-Booking-System/vendor/laravel/framework/src/Illuminate/Container/BoundMethod.php(35): Illuminate\\Container\\BoundMethod::callBoundMethod()\n#38 /home/x26001/ibrahim/Hotel-Booking-System/vendor/laravel/framework/src/Illuminate/Container/Container.php(799): Illuminate\\Container\\BoundMethod::call()\n#39 /home/x26001/ibrahim/Hotel-Booking-System/vendor/laravel/framework/src/Illuminate/Console/Command.php(211): Illuminate\\Container\\Container->call()\n#40 /home/x26001/ibrahim/Hotel-Booking-System/vendor/symfony/console/Command/Command.php(341): Illuminate\\Console\\Command->execute()\n#41 /home/x26001/ibrahim/Hotel-Booking-System/vendor/laravel/framework/src/Illuminate/Console/Command.php(180): Symfony\\Component\\Console\\Command\\Command->run()\n#42 /home/x26001/ibrahim/Hotel-Booking-System/vendor/symfony/console/Application.php(1117): Illuminate\\Console\\Command->run()\n#43 /home/x26001/ibrahim/Hotel-Booking-System/vendor/symfony/console/Application.php(356): Symfony\\Component\\Console\\Application->doRunCommand()\n#44 /home/x26001/ibrahim/Hotel-Booking-System/vendor/symfony/console/Application.php(195): Symfony\\Component\\Console\\Application->doRun()\n#45 /home/x26001/ibrahim/Hotel-Booking-System/vendor/laravel/framework/src/Illuminate/Foundation/Console/Kernel.php(198): Symfony\\Component\\Console\\Application->run()\n#46 /home/x26001/ibrahim/Hotel-Booking-System/vendor/laravel/framework/src/Illuminate/Foundation/Application.php(1235): Illuminate\\Foundation\\Console\\Kernel->handle()\n#47 /home/x26001/ibrahim/Hotel-Booking-System/artisan(16): Illuminate\\Foundation\\Application->handleCommand()\n#48 {main}', '2026-05-12 11:50:39');
INSERT INTO `failed_jobs` (`id`, `uuid`, `connection`, `queue`, `payload`, `exception`, `failed_at`) VALUES
(42, '44b531f4-623f-46b4-9c58-63571b5da4ca', 'redis', 'default', '{\"uuid\":\"44b531f4-623f-46b4-9c58-63571b5da4ca\",\"displayName\":\"App\\\\Notifications\\\\AlertAdminPaymentFail\",\"job\":\"Illuminate\\\\Queue\\\\CallQueuedHandler@call\",\"maxTries\":null,\"maxExceptions\":null,\"failOnTimeout\":false,\"backoff\":null,\"timeout\":null,\"retryUntil\":null,\"data\":{\"commandName\":\"Illuminate\\\\Notifications\\\\SendQueuedNotifications\",\"command\":\"O:48:\\\"Illuminate\\\\Notifications\\\\SendQueuedNotifications\\\":3:{s:11:\\\"notifiables\\\";O:45:\\\"Illuminate\\\\Contracts\\\\Database\\\\ModelIdentifier\\\":5:{s:5:\\\"class\\\";s:15:\\\"App\\\\Models\\\\User\\\";s:2:\\\"id\\\";a:1:{i:0;i:2;}s:9:\\\"relations\\\";a:0:{}s:10:\\\"connection\\\";s:5:\\\"mysql\\\";s:15:\\\"collectionClass\\\";N;}s:12:\\\"notification\\\";O:39:\\\"App\\\\Notifications\\\\AlertAdminPaymentFail\\\":2:{s:10:\\\"\\u0000*\\u0000payment\\\";O:45:\\\"Illuminate\\\\Contracts\\\\Database\\\\ModelIdentifier\\\":5:{s:5:\\\"class\\\";s:18:\\\"App\\\\Models\\\\Payment\\\";s:2:\\\"id\\\";i:60;s:9:\\\"relations\\\";a:0:{}s:10:\\\"connection\\\";s:5:\\\"mysql\\\";s:15:\\\"collectionClass\\\";N;}s:2:\\\"id\\\";s:36:\\\"f57277fb-dd20-4aa9-ac89-f78cef8ae3b6\\\";}s:8:\\\"channels\\\";a:1:{i:0;s:4:\\\"mail\\\";}}\",\"batchId\":null},\"createdAt\":1778054157,\"id\":\"UIQntAqkdBCnyvHSH8vTuDXCGpMylN8E\",\"attempts\":0,\"delay\":null}', 'Symfony\\Component\\Mailer\\Exception\\UnexpectedResponseException: Expected response code \"354\" but got code \"550\", with message \"550 5.7.0 Too many emails per second. Please upgrade your plan https://mailtrap.io/billing/plans/testing\". in /home/x26001/ibrahim/Hotel-Booking-System/vendor/symfony/mailer/Transport/Smtp/SmtpTransport.php:331\nStack trace:\n#0 /home/x26001/ibrahim/Hotel-Booking-System/vendor/symfony/mailer/Transport/Smtp/SmtpTransport.php(187): Symfony\\Component\\Mailer\\Transport\\Smtp\\SmtpTransport->assertResponseCode()\n#1 /home/x26001/ibrahim/Hotel-Booking-System/vendor/symfony/mailer/Transport/Smtp/EsmtpTransport.php(150): Symfony\\Component\\Mailer\\Transport\\Smtp\\SmtpTransport->executeCommand()\n#2 /home/x26001/ibrahim/Hotel-Booking-System/vendor/symfony/mailer/Transport/Smtp/SmtpTransport.php(209): Symfony\\Component\\Mailer\\Transport\\Smtp\\EsmtpTransport->executeCommand()\n#3 /home/x26001/ibrahim/Hotel-Booking-System/vendor/symfony/mailer/Transport/AbstractTransport.php(69): Symfony\\Component\\Mailer\\Transport\\Smtp\\SmtpTransport->doSend()\n#4 /home/x26001/ibrahim/Hotel-Booking-System/vendor/symfony/mailer/Transport/Smtp/SmtpTransport.php(138): Symfony\\Component\\Mailer\\Transport\\AbstractTransport->send()\n#5 /home/x26001/ibrahim/Hotel-Booking-System/vendor/laravel/framework/src/Illuminate/Mail/Mailer.php(584): Symfony\\Component\\Mailer\\Transport\\Smtp\\SmtpTransport->send()\n#6 /home/x26001/ibrahim/Hotel-Booking-System/vendor/laravel/framework/src/Illuminate/Mail/Mailer.php(331): Illuminate\\Mail\\Mailer->sendSymfonyMessage()\n#7 /home/x26001/ibrahim/Hotel-Booking-System/vendor/laravel/framework/src/Illuminate/Notifications/Channels/MailChannel.php(66): Illuminate\\Mail\\Mailer->send()\n#8 /home/x26001/ibrahim/Hotel-Booking-System/vendor/laravel/framework/src/Illuminate/Notifications/NotificationSender.php(161): Illuminate\\Notifications\\Channels\\MailChannel->send()\n#9 /home/x26001/ibrahim/Hotel-Booking-System/vendor/laravel/framework/src/Illuminate/Notifications/NotificationSender.php(116): Illuminate\\Notifications\\NotificationSender->sendToNotifiable()\n#10 /home/x26001/ibrahim/Hotel-Booking-System/vendor/laravel/framework/src/Illuminate/Support/Traits/Localizable.php(19): Illuminate\\Notifications\\NotificationSender->Illuminate\\Notifications\\{closure}()\n#11 /home/x26001/ibrahim/Hotel-Booking-System/vendor/laravel/framework/src/Illuminate/Notifications/NotificationSender.php(111): Illuminate\\Notifications\\NotificationSender->withLocale()\n#12 /home/x26001/ibrahim/Hotel-Booking-System/vendor/laravel/framework/src/Illuminate/Notifications/ChannelManager.php(60): Illuminate\\Notifications\\NotificationSender->sendNow()\n#13 /home/x26001/ibrahim/Hotel-Booking-System/vendor/laravel/framework/src/Illuminate/Notifications/SendQueuedNotifications.php(118): Illuminate\\Notifications\\ChannelManager->sendNow()\n#14 /home/x26001/ibrahim/Hotel-Booking-System/vendor/laravel/framework/src/Illuminate/Container/BoundMethod.php(36): Illuminate\\Notifications\\SendQueuedNotifications->handle()\n#15 /home/x26001/ibrahim/Hotel-Booking-System/vendor/laravel/framework/src/Illuminate/Container/Util.php(43): Illuminate\\Container\\BoundMethod::Illuminate\\Container\\{closure}()\n#16 /home/x26001/ibrahim/Hotel-Booking-System/vendor/laravel/framework/src/Illuminate/Container/BoundMethod.php(96): Illuminate\\Container\\Util::unwrapIfClosure()\n#17 /home/x26001/ibrahim/Hotel-Booking-System/vendor/laravel/framework/src/Illuminate/Container/BoundMethod.php(35): Illuminate\\Container\\BoundMethod::callBoundMethod()\n#18 /home/x26001/ibrahim/Hotel-Booking-System/vendor/laravel/framework/src/Illuminate/Container/Container.php(799): Illuminate\\Container\\BoundMethod::call()\n#19 /home/x26001/ibrahim/Hotel-Booking-System/vendor/laravel/framework/src/Illuminate/Bus/Dispatcher.php(129): Illuminate\\Container\\Container->call()\n#20 /home/x26001/ibrahim/Hotel-Booking-System/vendor/laravel/framework/src/Illuminate/Pipeline/Pipeline.php(180): Illuminate\\Bus\\Dispatcher->Illuminate\\Bus\\{closure}()\n#21 /home/x26001/ibrahim/Hotel-Booking-System/vendor/laravel/framework/src/Illuminate/Pipeline/Pipeline.php(137): Illuminate\\Pipeline\\Pipeline->Illuminate\\Pipeline\\{closure}()\n#22 /home/x26001/ibrahim/Hotel-Booking-System/vendor/laravel/framework/src/Illuminate/Bus/Dispatcher.php(133): Illuminate\\Pipeline\\Pipeline->then()\n#23 /home/x26001/ibrahim/Hotel-Booking-System/vendor/laravel/framework/src/Illuminate/Queue/CallQueuedHandler.php(136): Illuminate\\Bus\\Dispatcher->dispatchNow()\n#24 /home/x26001/ibrahim/Hotel-Booking-System/vendor/laravel/framework/src/Illuminate/Pipeline/Pipeline.php(180): Illuminate\\Queue\\CallQueuedHandler->Illuminate\\Queue\\{closure}()\n#25 /home/x26001/ibrahim/Hotel-Booking-System/vendor/laravel/framework/src/Illuminate/Pipeline/Pipeline.php(137): Illuminate\\Pipeline\\Pipeline->Illuminate\\Pipeline\\{closure}()\n#26 /home/x26001/ibrahim/Hotel-Booking-System/vendor/laravel/framework/src/Illuminate/Queue/CallQueuedHandler.php(129): Illuminate\\Pipeline\\Pipeline->then()\n#27 /home/x26001/ibrahim/Hotel-Booking-System/vendor/laravel/framework/src/Illuminate/Queue/CallQueuedHandler.php(70): Illuminate\\Queue\\CallQueuedHandler->dispatchThroughMiddleware()\n#28 /home/x26001/ibrahim/Hotel-Booking-System/vendor/laravel/framework/src/Illuminate/Queue/Jobs/Job.php(102): Illuminate\\Queue\\CallQueuedHandler->call()\n#29 /home/x26001/ibrahim/Hotel-Booking-System/vendor/laravel/framework/src/Illuminate/Queue/Worker.php(485): Illuminate\\Queue\\Jobs\\Job->fire()\n#30 /home/x26001/ibrahim/Hotel-Booking-System/vendor/laravel/framework/src/Illuminate/Queue/Worker.php(435): Illuminate\\Queue\\Worker->process()\n#31 /home/x26001/ibrahim/Hotel-Booking-System/vendor/laravel/framework/src/Illuminate/Queue/Worker.php(201): Illuminate\\Queue\\Worker->runJob()\n#32 /home/x26001/ibrahim/Hotel-Booking-System/vendor/laravel/framework/src/Illuminate/Queue/Console/WorkCommand.php(148): Illuminate\\Queue\\Worker->daemon()\n#33 /home/x26001/ibrahim/Hotel-Booking-System/vendor/laravel/framework/src/Illuminate/Queue/Console/WorkCommand.php(131): Illuminate\\Queue\\Console\\WorkCommand->runWorker()\n#34 /home/x26001/ibrahim/Hotel-Booking-System/vendor/laravel/framework/src/Illuminate/Container/BoundMethod.php(36): Illuminate\\Queue\\Console\\WorkCommand->handle()\n#35 /home/x26001/ibrahim/Hotel-Booking-System/vendor/laravel/framework/src/Illuminate/Container/Util.php(43): Illuminate\\Container\\BoundMethod::Illuminate\\Container\\{closure}()\n#36 /home/x26001/ibrahim/Hotel-Booking-System/vendor/laravel/framework/src/Illuminate/Container/BoundMethod.php(96): Illuminate\\Container\\Util::unwrapIfClosure()\n#37 /home/x26001/ibrahim/Hotel-Booking-System/vendor/laravel/framework/src/Illuminate/Container/BoundMethod.php(35): Illuminate\\Container\\BoundMethod::callBoundMethod()\n#38 /home/x26001/ibrahim/Hotel-Booking-System/vendor/laravel/framework/src/Illuminate/Container/Container.php(799): Illuminate\\Container\\BoundMethod::call()\n#39 /home/x26001/ibrahim/Hotel-Booking-System/vendor/laravel/framework/src/Illuminate/Console/Command.php(211): Illuminate\\Container\\Container->call()\n#40 /home/x26001/ibrahim/Hotel-Booking-System/vendor/symfony/console/Command/Command.php(341): Illuminate\\Console\\Command->execute()\n#41 /home/x26001/ibrahim/Hotel-Booking-System/vendor/laravel/framework/src/Illuminate/Console/Command.php(180): Symfony\\Component\\Console\\Command\\Command->run()\n#42 /home/x26001/ibrahim/Hotel-Booking-System/vendor/symfony/console/Application.php(1117): Illuminate\\Console\\Command->run()\n#43 /home/x26001/ibrahim/Hotel-Booking-System/vendor/symfony/console/Application.php(356): Symfony\\Component\\Console\\Application->doRunCommand()\n#44 /home/x26001/ibrahim/Hotel-Booking-System/vendor/symfony/console/Application.php(195): Symfony\\Component\\Console\\Application->doRun()\n#45 /home/x26001/ibrahim/Hotel-Booking-System/vendor/laravel/framework/src/Illuminate/Foundation/Console/Kernel.php(198): Symfony\\Component\\Console\\Application->run()\n#46 /home/x26001/ibrahim/Hotel-Booking-System/vendor/laravel/framework/src/Illuminate/Foundation/Application.php(1235): Illuminate\\Foundation\\Console\\Kernel->handle()\n#47 /home/x26001/ibrahim/Hotel-Booking-System/artisan(16): Illuminate\\Foundation\\Application->handleCommand()\n#48 {main}', '2026-05-12 11:50:40'),
(43, '718b18e7-7aaa-48ec-aa6a-0a61b3c9e882', 'redis', 'default', '{\"uuid\":\"718b18e7-7aaa-48ec-aa6a-0a61b3c9e882\",\"displayName\":\"App\\\\Notifications\\\\BookingCancelNotification\",\"job\":\"Illuminate\\\\Queue\\\\CallQueuedHandler@call\",\"maxTries\":null,\"maxExceptions\":null,\"failOnTimeout\":false,\"backoff\":null,\"timeout\":null,\"retryUntil\":null,\"data\":{\"commandName\":\"Illuminate\\\\Notifications\\\\SendQueuedNotifications\",\"command\":\"O:48:\\\"Illuminate\\\\Notifications\\\\SendQueuedNotifications\\\":3:{s:11:\\\"notifiables\\\";O:45:\\\"Illuminate\\\\Contracts\\\\Database\\\\ModelIdentifier\\\":5:{s:5:\\\"class\\\";s:15:\\\"App\\\\Models\\\\User\\\";s:2:\\\"id\\\";a:1:{i:0;i:16;}s:9:\\\"relations\\\";a:0:{}s:10:\\\"connection\\\";s:5:\\\"mysql\\\";s:15:\\\"collectionClass\\\";N;}s:12:\\\"notification\\\";O:43:\\\"App\\\\Notifications\\\\BookingCancelNotification\\\":2:{s:10:\\\"\\u0000*\\u0000booking\\\";O:45:\\\"Illuminate\\\\Contracts\\\\Database\\\\ModelIdentifier\\\":5:{s:5:\\\"class\\\";s:18:\\\"App\\\\Models\\\\Booking\\\";s:2:\\\"id\\\";i:68;s:9:\\\"relations\\\";a:2:{i:0;s:4:\\\"user\\\";i:1;s:7:\\\"payment\\\";}s:10:\\\"connection\\\";s:5:\\\"mysql\\\";s:15:\\\"collectionClass\\\";N;}s:2:\\\"id\\\";s:36:\\\"5bbf9082-4c81-4dec-930c-b63976a5ffd8\\\";}s:8:\\\"channels\\\";a:1:{i:0;s:4:\\\"mail\\\";}}\",\"batchId\":null},\"createdAt\":1778053929,\"id\":\"pHwVGsWPQ94bc5PzQaIlmDEkkmZPqCkV\",\"attempts\":0,\"delay\":null}', 'Symfony\\Component\\Mailer\\Exception\\UnexpectedResponseException: Expected response code \"354\" but got code \"550\", with message \"550 5.7.0 Too many emails per second. Please upgrade your plan https://mailtrap.io/billing/plans/testing\". in /home/x26001/ibrahim/Hotel-Booking-System/vendor/symfony/mailer/Transport/Smtp/SmtpTransport.php:331\nStack trace:\n#0 /home/x26001/ibrahim/Hotel-Booking-System/vendor/symfony/mailer/Transport/Smtp/SmtpTransport.php(187): Symfony\\Component\\Mailer\\Transport\\Smtp\\SmtpTransport->assertResponseCode()\n#1 /home/x26001/ibrahim/Hotel-Booking-System/vendor/symfony/mailer/Transport/Smtp/EsmtpTransport.php(150): Symfony\\Component\\Mailer\\Transport\\Smtp\\SmtpTransport->executeCommand()\n#2 /home/x26001/ibrahim/Hotel-Booking-System/vendor/symfony/mailer/Transport/Smtp/SmtpTransport.php(209): Symfony\\Component\\Mailer\\Transport\\Smtp\\EsmtpTransport->executeCommand()\n#3 /home/x26001/ibrahim/Hotel-Booking-System/vendor/symfony/mailer/Transport/AbstractTransport.php(69): Symfony\\Component\\Mailer\\Transport\\Smtp\\SmtpTransport->doSend()\n#4 /home/x26001/ibrahim/Hotel-Booking-System/vendor/symfony/mailer/Transport/Smtp/SmtpTransport.php(138): Symfony\\Component\\Mailer\\Transport\\AbstractTransport->send()\n#5 /home/x26001/ibrahim/Hotel-Booking-System/vendor/laravel/framework/src/Illuminate/Mail/Mailer.php(584): Symfony\\Component\\Mailer\\Transport\\Smtp\\SmtpTransport->send()\n#6 /home/x26001/ibrahim/Hotel-Booking-System/vendor/laravel/framework/src/Illuminate/Mail/Mailer.php(331): Illuminate\\Mail\\Mailer->sendSymfonyMessage()\n#7 /home/x26001/ibrahim/Hotel-Booking-System/vendor/laravel/framework/src/Illuminate/Notifications/Channels/MailChannel.php(66): Illuminate\\Mail\\Mailer->send()\n#8 /home/x26001/ibrahim/Hotel-Booking-System/vendor/laravel/framework/src/Illuminate/Notifications/NotificationSender.php(161): Illuminate\\Notifications\\Channels\\MailChannel->send()\n#9 /home/x26001/ibrahim/Hotel-Booking-System/vendor/laravel/framework/src/Illuminate/Notifications/NotificationSender.php(116): Illuminate\\Notifications\\NotificationSender->sendToNotifiable()\n#10 /home/x26001/ibrahim/Hotel-Booking-System/vendor/laravel/framework/src/Illuminate/Support/Traits/Localizable.php(19): Illuminate\\Notifications\\NotificationSender->Illuminate\\Notifications\\{closure}()\n#11 /home/x26001/ibrahim/Hotel-Booking-System/vendor/laravel/framework/src/Illuminate/Notifications/NotificationSender.php(111): Illuminate\\Notifications\\NotificationSender->withLocale()\n#12 /home/x26001/ibrahim/Hotel-Booking-System/vendor/laravel/framework/src/Illuminate/Notifications/ChannelManager.php(60): Illuminate\\Notifications\\NotificationSender->sendNow()\n#13 /home/x26001/ibrahim/Hotel-Booking-System/vendor/laravel/framework/src/Illuminate/Notifications/SendQueuedNotifications.php(118): Illuminate\\Notifications\\ChannelManager->sendNow()\n#14 /home/x26001/ibrahim/Hotel-Booking-System/vendor/laravel/framework/src/Illuminate/Container/BoundMethod.php(36): Illuminate\\Notifications\\SendQueuedNotifications->handle()\n#15 /home/x26001/ibrahim/Hotel-Booking-System/vendor/laravel/framework/src/Illuminate/Container/Util.php(43): Illuminate\\Container\\BoundMethod::Illuminate\\Container\\{closure}()\n#16 /home/x26001/ibrahim/Hotel-Booking-System/vendor/laravel/framework/src/Illuminate/Container/BoundMethod.php(96): Illuminate\\Container\\Util::unwrapIfClosure()\n#17 /home/x26001/ibrahim/Hotel-Booking-System/vendor/laravel/framework/src/Illuminate/Container/BoundMethod.php(35): Illuminate\\Container\\BoundMethod::callBoundMethod()\n#18 /home/x26001/ibrahim/Hotel-Booking-System/vendor/laravel/framework/src/Illuminate/Container/Container.php(799): Illuminate\\Container\\BoundMethod::call()\n#19 /home/x26001/ibrahim/Hotel-Booking-System/vendor/laravel/framework/src/Illuminate/Bus/Dispatcher.php(129): Illuminate\\Container\\Container->call()\n#20 /home/x26001/ibrahim/Hotel-Booking-System/vendor/laravel/framework/src/Illuminate/Pipeline/Pipeline.php(180): Illuminate\\Bus\\Dispatcher->Illuminate\\Bus\\{closure}()\n#21 /home/x26001/ibrahim/Hotel-Booking-System/vendor/laravel/framework/src/Illuminate/Pipeline/Pipeline.php(137): Illuminate\\Pipeline\\Pipeline->Illuminate\\Pipeline\\{closure}()\n#22 /home/x26001/ibrahim/Hotel-Booking-System/vendor/laravel/framework/src/Illuminate/Bus/Dispatcher.php(133): Illuminate\\Pipeline\\Pipeline->then()\n#23 /home/x26001/ibrahim/Hotel-Booking-System/vendor/laravel/framework/src/Illuminate/Queue/CallQueuedHandler.php(136): Illuminate\\Bus\\Dispatcher->dispatchNow()\n#24 /home/x26001/ibrahim/Hotel-Booking-System/vendor/laravel/framework/src/Illuminate/Pipeline/Pipeline.php(180): Illuminate\\Queue\\CallQueuedHandler->Illuminate\\Queue\\{closure}()\n#25 /home/x26001/ibrahim/Hotel-Booking-System/vendor/laravel/framework/src/Illuminate/Pipeline/Pipeline.php(137): Illuminate\\Pipeline\\Pipeline->Illuminate\\Pipeline\\{closure}()\n#26 /home/x26001/ibrahim/Hotel-Booking-System/vendor/laravel/framework/src/Illuminate/Queue/CallQueuedHandler.php(129): Illuminate\\Pipeline\\Pipeline->then()\n#27 /home/x26001/ibrahim/Hotel-Booking-System/vendor/laravel/framework/src/Illuminate/Queue/CallQueuedHandler.php(70): Illuminate\\Queue\\CallQueuedHandler->dispatchThroughMiddleware()\n#28 /home/x26001/ibrahim/Hotel-Booking-System/vendor/laravel/framework/src/Illuminate/Queue/Jobs/Job.php(102): Illuminate\\Queue\\CallQueuedHandler->call()\n#29 /home/x26001/ibrahim/Hotel-Booking-System/vendor/laravel/framework/src/Illuminate/Queue/Worker.php(485): Illuminate\\Queue\\Jobs\\Job->fire()\n#30 /home/x26001/ibrahim/Hotel-Booking-System/vendor/laravel/framework/src/Illuminate/Queue/Worker.php(435): Illuminate\\Queue\\Worker->process()\n#31 /home/x26001/ibrahim/Hotel-Booking-System/vendor/laravel/framework/src/Illuminate/Queue/Worker.php(201): Illuminate\\Queue\\Worker->runJob()\n#32 /home/x26001/ibrahim/Hotel-Booking-System/vendor/laravel/framework/src/Illuminate/Queue/Console/WorkCommand.php(148): Illuminate\\Queue\\Worker->daemon()\n#33 /home/x26001/ibrahim/Hotel-Booking-System/vendor/laravel/framework/src/Illuminate/Queue/Console/WorkCommand.php(131): Illuminate\\Queue\\Console\\WorkCommand->runWorker()\n#34 /home/x26001/ibrahim/Hotel-Booking-System/vendor/laravel/framework/src/Illuminate/Container/BoundMethod.php(36): Illuminate\\Queue\\Console\\WorkCommand->handle()\n#35 /home/x26001/ibrahim/Hotel-Booking-System/vendor/laravel/framework/src/Illuminate/Container/Util.php(43): Illuminate\\Container\\BoundMethod::Illuminate\\Container\\{closure}()\n#36 /home/x26001/ibrahim/Hotel-Booking-System/vendor/laravel/framework/src/Illuminate/Container/BoundMethod.php(96): Illuminate\\Container\\Util::unwrapIfClosure()\n#37 /home/x26001/ibrahim/Hotel-Booking-System/vendor/laravel/framework/src/Illuminate/Container/BoundMethod.php(35): Illuminate\\Container\\BoundMethod::callBoundMethod()\n#38 /home/x26001/ibrahim/Hotel-Booking-System/vendor/laravel/framework/src/Illuminate/Container/Container.php(799): Illuminate\\Container\\BoundMethod::call()\n#39 /home/x26001/ibrahim/Hotel-Booking-System/vendor/laravel/framework/src/Illuminate/Console/Command.php(211): Illuminate\\Container\\Container->call()\n#40 /home/x26001/ibrahim/Hotel-Booking-System/vendor/symfony/console/Command/Command.php(341): Illuminate\\Console\\Command->execute()\n#41 /home/x26001/ibrahim/Hotel-Booking-System/vendor/laravel/framework/src/Illuminate/Console/Command.php(180): Symfony\\Component\\Console\\Command\\Command->run()\n#42 /home/x26001/ibrahim/Hotel-Booking-System/vendor/symfony/console/Application.php(1117): Illuminate\\Console\\Command->run()\n#43 /home/x26001/ibrahim/Hotel-Booking-System/vendor/symfony/console/Application.php(356): Symfony\\Component\\Console\\Application->doRunCommand()\n#44 /home/x26001/ibrahim/Hotel-Booking-System/vendor/symfony/console/Application.php(195): Symfony\\Component\\Console\\Application->doRun()\n#45 /home/x26001/ibrahim/Hotel-Booking-System/vendor/laravel/framework/src/Illuminate/Foundation/Console/Kernel.php(198): Symfony\\Component\\Console\\Application->run()\n#46 /home/x26001/ibrahim/Hotel-Booking-System/vendor/laravel/framework/src/Illuminate/Foundation/Application.php(1235): Illuminate\\Foundation\\Console\\Kernel->handle()\n#47 /home/x26001/ibrahim/Hotel-Booking-System/artisan(16): Illuminate\\Foundation\\Application->handleCommand()\n#48 {main}', '2026-05-12 11:50:41'),
(44, '9af84478-497b-492c-8778-5c564e57bd07', 'redis', 'default', '{\"uuid\":\"9af84478-497b-492c-8778-5c564e57bd07\",\"displayName\":\"App\\\\Notifications\\\\BookingCancelNotification\",\"job\":\"Illuminate\\\\Queue\\\\CallQueuedHandler@call\",\"maxTries\":null,\"maxExceptions\":null,\"failOnTimeout\":false,\"backoff\":null,\"timeout\":null,\"retryUntil\":null,\"data\":{\"commandName\":\"Illuminate\\\\Notifications\\\\SendQueuedNotifications\",\"command\":\"O:48:\\\"Illuminate\\\\Notifications\\\\SendQueuedNotifications\\\":3:{s:11:\\\"notifiables\\\";O:45:\\\"Illuminate\\\\Contracts\\\\Database\\\\ModelIdentifier\\\":5:{s:5:\\\"class\\\";s:15:\\\"App\\\\Models\\\\User\\\";s:2:\\\"id\\\";a:1:{i:0;i:16;}s:9:\\\"relations\\\";a:0:{}s:10:\\\"connection\\\";s:5:\\\"mysql\\\";s:15:\\\"collectionClass\\\";N;}s:12:\\\"notification\\\";O:43:\\\"App\\\\Notifications\\\\BookingCancelNotification\\\":2:{s:10:\\\"\\u0000*\\u0000booking\\\";O:45:\\\"Illuminate\\\\Contracts\\\\Database\\\\ModelIdentifier\\\":5:{s:5:\\\"class\\\";s:18:\\\"App\\\\Models\\\\Booking\\\";s:2:\\\"id\\\";i:68;s:9:\\\"relations\\\";a:2:{i:0;s:4:\\\"user\\\";i:1;s:7:\\\"payment\\\";}s:10:\\\"connection\\\";s:5:\\\"mysql\\\";s:15:\\\"collectionClass\\\";N;}s:2:\\\"id\\\";s:36:\\\"6cf9ee07-6fc2-4eb1-a4bd-dadbc8ff56e7\\\";}s:8:\\\"channels\\\";a:1:{i:0;s:4:\\\"mail\\\";}}\",\"batchId\":null},\"createdAt\":1778053904,\"id\":\"dC5S3yIcqhOckpOUWKPrxg5YubttSTiQ\",\"attempts\":0,\"delay\":null}', 'Symfony\\Component\\Mailer\\Exception\\UnexpectedResponseException: Expected response code \"354\" but got code \"550\", with message \"550 5.7.0 Too many emails per second. Please upgrade your plan https://mailtrap.io/billing/plans/testing\". in /home/x26001/ibrahim/Hotel-Booking-System/vendor/symfony/mailer/Transport/Smtp/SmtpTransport.php:331\nStack trace:\n#0 /home/x26001/ibrahim/Hotel-Booking-System/vendor/symfony/mailer/Transport/Smtp/SmtpTransport.php(187): Symfony\\Component\\Mailer\\Transport\\Smtp\\SmtpTransport->assertResponseCode()\n#1 /home/x26001/ibrahim/Hotel-Booking-System/vendor/symfony/mailer/Transport/Smtp/EsmtpTransport.php(150): Symfony\\Component\\Mailer\\Transport\\Smtp\\SmtpTransport->executeCommand()\n#2 /home/x26001/ibrahim/Hotel-Booking-System/vendor/symfony/mailer/Transport/Smtp/SmtpTransport.php(209): Symfony\\Component\\Mailer\\Transport\\Smtp\\EsmtpTransport->executeCommand()\n#3 /home/x26001/ibrahim/Hotel-Booking-System/vendor/symfony/mailer/Transport/AbstractTransport.php(69): Symfony\\Component\\Mailer\\Transport\\Smtp\\SmtpTransport->doSend()\n#4 /home/x26001/ibrahim/Hotel-Booking-System/vendor/symfony/mailer/Transport/Smtp/SmtpTransport.php(138): Symfony\\Component\\Mailer\\Transport\\AbstractTransport->send()\n#5 /home/x26001/ibrahim/Hotel-Booking-System/vendor/laravel/framework/src/Illuminate/Mail/Mailer.php(584): Symfony\\Component\\Mailer\\Transport\\Smtp\\SmtpTransport->send()\n#6 /home/x26001/ibrahim/Hotel-Booking-System/vendor/laravel/framework/src/Illuminate/Mail/Mailer.php(331): Illuminate\\Mail\\Mailer->sendSymfonyMessage()\n#7 /home/x26001/ibrahim/Hotel-Booking-System/vendor/laravel/framework/src/Illuminate/Notifications/Channels/MailChannel.php(66): Illuminate\\Mail\\Mailer->send()\n#8 /home/x26001/ibrahim/Hotel-Booking-System/vendor/laravel/framework/src/Illuminate/Notifications/NotificationSender.php(161): Illuminate\\Notifications\\Channels\\MailChannel->send()\n#9 /home/x26001/ibrahim/Hotel-Booking-System/vendor/laravel/framework/src/Illuminate/Notifications/NotificationSender.php(116): Illuminate\\Notifications\\NotificationSender->sendToNotifiable()\n#10 /home/x26001/ibrahim/Hotel-Booking-System/vendor/laravel/framework/src/Illuminate/Support/Traits/Localizable.php(19): Illuminate\\Notifications\\NotificationSender->Illuminate\\Notifications\\{closure}()\n#11 /home/x26001/ibrahim/Hotel-Booking-System/vendor/laravel/framework/src/Illuminate/Notifications/NotificationSender.php(111): Illuminate\\Notifications\\NotificationSender->withLocale()\n#12 /home/x26001/ibrahim/Hotel-Booking-System/vendor/laravel/framework/src/Illuminate/Notifications/ChannelManager.php(60): Illuminate\\Notifications\\NotificationSender->sendNow()\n#13 /home/x26001/ibrahim/Hotel-Booking-System/vendor/laravel/framework/src/Illuminate/Notifications/SendQueuedNotifications.php(118): Illuminate\\Notifications\\ChannelManager->sendNow()\n#14 /home/x26001/ibrahim/Hotel-Booking-System/vendor/laravel/framework/src/Illuminate/Container/BoundMethod.php(36): Illuminate\\Notifications\\SendQueuedNotifications->handle()\n#15 /home/x26001/ibrahim/Hotel-Booking-System/vendor/laravel/framework/src/Illuminate/Container/Util.php(43): Illuminate\\Container\\BoundMethod::Illuminate\\Container\\{closure}()\n#16 /home/x26001/ibrahim/Hotel-Booking-System/vendor/laravel/framework/src/Illuminate/Container/BoundMethod.php(96): Illuminate\\Container\\Util::unwrapIfClosure()\n#17 /home/x26001/ibrahim/Hotel-Booking-System/vendor/laravel/framework/src/Illuminate/Container/BoundMethod.php(35): Illuminate\\Container\\BoundMethod::callBoundMethod()\n#18 /home/x26001/ibrahim/Hotel-Booking-System/vendor/laravel/framework/src/Illuminate/Container/Container.php(799): Illuminate\\Container\\BoundMethod::call()\n#19 /home/x26001/ibrahim/Hotel-Booking-System/vendor/laravel/framework/src/Illuminate/Bus/Dispatcher.php(129): Illuminate\\Container\\Container->call()\n#20 /home/x26001/ibrahim/Hotel-Booking-System/vendor/laravel/framework/src/Illuminate/Pipeline/Pipeline.php(180): Illuminate\\Bus\\Dispatcher->Illuminate\\Bus\\{closure}()\n#21 /home/x26001/ibrahim/Hotel-Booking-System/vendor/laravel/framework/src/Illuminate/Pipeline/Pipeline.php(137): Illuminate\\Pipeline\\Pipeline->Illuminate\\Pipeline\\{closure}()\n#22 /home/x26001/ibrahim/Hotel-Booking-System/vendor/laravel/framework/src/Illuminate/Bus/Dispatcher.php(133): Illuminate\\Pipeline\\Pipeline->then()\n#23 /home/x26001/ibrahim/Hotel-Booking-System/vendor/laravel/framework/src/Illuminate/Queue/CallQueuedHandler.php(136): Illuminate\\Bus\\Dispatcher->dispatchNow()\n#24 /home/x26001/ibrahim/Hotel-Booking-System/vendor/laravel/framework/src/Illuminate/Pipeline/Pipeline.php(180): Illuminate\\Queue\\CallQueuedHandler->Illuminate\\Queue\\{closure}()\n#25 /home/x26001/ibrahim/Hotel-Booking-System/vendor/laravel/framework/src/Illuminate/Pipeline/Pipeline.php(137): Illuminate\\Pipeline\\Pipeline->Illuminate\\Pipeline\\{closure}()\n#26 /home/x26001/ibrahim/Hotel-Booking-System/vendor/laravel/framework/src/Illuminate/Queue/CallQueuedHandler.php(129): Illuminate\\Pipeline\\Pipeline->then()\n#27 /home/x26001/ibrahim/Hotel-Booking-System/vendor/laravel/framework/src/Illuminate/Queue/CallQueuedHandler.php(70): Illuminate\\Queue\\CallQueuedHandler->dispatchThroughMiddleware()\n#28 /home/x26001/ibrahim/Hotel-Booking-System/vendor/laravel/framework/src/Illuminate/Queue/Jobs/Job.php(102): Illuminate\\Queue\\CallQueuedHandler->call()\n#29 /home/x26001/ibrahim/Hotel-Booking-System/vendor/laravel/framework/src/Illuminate/Queue/Worker.php(485): Illuminate\\Queue\\Jobs\\Job->fire()\n#30 /home/x26001/ibrahim/Hotel-Booking-System/vendor/laravel/framework/src/Illuminate/Queue/Worker.php(435): Illuminate\\Queue\\Worker->process()\n#31 /home/x26001/ibrahim/Hotel-Booking-System/vendor/laravel/framework/src/Illuminate/Queue/Worker.php(201): Illuminate\\Queue\\Worker->runJob()\n#32 /home/x26001/ibrahim/Hotel-Booking-System/vendor/laravel/framework/src/Illuminate/Queue/Console/WorkCommand.php(148): Illuminate\\Queue\\Worker->daemon()\n#33 /home/x26001/ibrahim/Hotel-Booking-System/vendor/laravel/framework/src/Illuminate/Queue/Console/WorkCommand.php(131): Illuminate\\Queue\\Console\\WorkCommand->runWorker()\n#34 /home/x26001/ibrahim/Hotel-Booking-System/vendor/laravel/framework/src/Illuminate/Container/BoundMethod.php(36): Illuminate\\Queue\\Console\\WorkCommand->handle()\n#35 /home/x26001/ibrahim/Hotel-Booking-System/vendor/laravel/framework/src/Illuminate/Container/Util.php(43): Illuminate\\Container\\BoundMethod::Illuminate\\Container\\{closure}()\n#36 /home/x26001/ibrahim/Hotel-Booking-System/vendor/laravel/framework/src/Illuminate/Container/BoundMethod.php(96): Illuminate\\Container\\Util::unwrapIfClosure()\n#37 /home/x26001/ibrahim/Hotel-Booking-System/vendor/laravel/framework/src/Illuminate/Container/BoundMethod.php(35): Illuminate\\Container\\BoundMethod::callBoundMethod()\n#38 /home/x26001/ibrahim/Hotel-Booking-System/vendor/laravel/framework/src/Illuminate/Container/Container.php(799): Illuminate\\Container\\BoundMethod::call()\n#39 /home/x26001/ibrahim/Hotel-Booking-System/vendor/laravel/framework/src/Illuminate/Console/Command.php(211): Illuminate\\Container\\Container->call()\n#40 /home/x26001/ibrahim/Hotel-Booking-System/vendor/symfony/console/Command/Command.php(341): Illuminate\\Console\\Command->execute()\n#41 /home/x26001/ibrahim/Hotel-Booking-System/vendor/laravel/framework/src/Illuminate/Console/Command.php(180): Symfony\\Component\\Console\\Command\\Command->run()\n#42 /home/x26001/ibrahim/Hotel-Booking-System/vendor/symfony/console/Application.php(1117): Illuminate\\Console\\Command->run()\n#43 /home/x26001/ibrahim/Hotel-Booking-System/vendor/symfony/console/Application.php(356): Symfony\\Component\\Console\\Application->doRunCommand()\n#44 /home/x26001/ibrahim/Hotel-Booking-System/vendor/symfony/console/Application.php(195): Symfony\\Component\\Console\\Application->doRun()\n#45 /home/x26001/ibrahim/Hotel-Booking-System/vendor/laravel/framework/src/Illuminate/Foundation/Console/Kernel.php(198): Symfony\\Component\\Console\\Application->run()\n#46 /home/x26001/ibrahim/Hotel-Booking-System/vendor/laravel/framework/src/Illuminate/Foundation/Application.php(1235): Illuminate\\Foundation\\Console\\Kernel->handle()\n#47 /home/x26001/ibrahim/Hotel-Booking-System/artisan(16): Illuminate\\Foundation\\Application->handleCommand()\n#48 {main}', '2026-05-12 11:50:42'),
(45, '2cfa8bef-5427-4040-a2db-f46415ee2780', 'redis', 'default', '{\"uuid\":\"2cfa8bef-5427-4040-a2db-f46415ee2780\",\"displayName\":\"App\\\\Notifications\\\\BookingCancelNotification\",\"job\":\"Illuminate\\\\Queue\\\\CallQueuedHandler@call\",\"maxTries\":null,\"maxExceptions\":null,\"failOnTimeout\":false,\"backoff\":null,\"timeout\":null,\"retryUntil\":null,\"data\":{\"commandName\":\"Illuminate\\\\Notifications\\\\SendQueuedNotifications\",\"command\":\"O:48:\\\"Illuminate\\\\Notifications\\\\SendQueuedNotifications\\\":3:{s:11:\\\"notifiables\\\";O:45:\\\"Illuminate\\\\Contracts\\\\Database\\\\ModelIdentifier\\\":5:{s:5:\\\"class\\\";s:15:\\\"App\\\\Models\\\\User\\\";s:2:\\\"id\\\";a:1:{i:0;i:16;}s:9:\\\"relations\\\";a:0:{}s:10:\\\"connection\\\";s:5:\\\"mysql\\\";s:15:\\\"collectionClass\\\";N;}s:12:\\\"notification\\\";O:43:\\\"App\\\\Notifications\\\\BookingCancelNotification\\\":2:{s:10:\\\"\\u0000*\\u0000booking\\\";O:45:\\\"Illuminate\\\\Contracts\\\\Database\\\\ModelIdentifier\\\":5:{s:5:\\\"class\\\";s:18:\\\"App\\\\Models\\\\Booking\\\";s:2:\\\"id\\\";i:68;s:9:\\\"relations\\\";a:2:{i:0;s:4:\\\"user\\\";i:1;s:7:\\\"payment\\\";}s:10:\\\"connection\\\";s:5:\\\"mysql\\\";s:15:\\\"collectionClass\\\";N;}s:2:\\\"id\\\";s:36:\\\"b0d7af6d-b021-423e-ba65-984985e07b1e\\\";}s:8:\\\"channels\\\";a:1:{i:0;s:4:\\\"mail\\\";}}\",\"batchId\":null},\"createdAt\":1778053820,\"id\":\"NENePNxK6CCXGwGSHCuOG8vF4kFb3FBg\",\"attempts\":0,\"delay\":null}', 'Symfony\\Component\\Mailer\\Exception\\UnexpectedResponseException: Expected response code \"354\" but got code \"550\", with message \"550 5.7.0 Too many emails per second. Please upgrade your plan https://mailtrap.io/billing/plans/testing\". in /home/x26001/ibrahim/Hotel-Booking-System/vendor/symfony/mailer/Transport/Smtp/SmtpTransport.php:331\nStack trace:\n#0 /home/x26001/ibrahim/Hotel-Booking-System/vendor/symfony/mailer/Transport/Smtp/SmtpTransport.php(187): Symfony\\Component\\Mailer\\Transport\\Smtp\\SmtpTransport->assertResponseCode()\n#1 /home/x26001/ibrahim/Hotel-Booking-System/vendor/symfony/mailer/Transport/Smtp/EsmtpTransport.php(150): Symfony\\Component\\Mailer\\Transport\\Smtp\\SmtpTransport->executeCommand()\n#2 /home/x26001/ibrahim/Hotel-Booking-System/vendor/symfony/mailer/Transport/Smtp/SmtpTransport.php(209): Symfony\\Component\\Mailer\\Transport\\Smtp\\EsmtpTransport->executeCommand()\n#3 /home/x26001/ibrahim/Hotel-Booking-System/vendor/symfony/mailer/Transport/AbstractTransport.php(69): Symfony\\Component\\Mailer\\Transport\\Smtp\\SmtpTransport->doSend()\n#4 /home/x26001/ibrahim/Hotel-Booking-System/vendor/symfony/mailer/Transport/Smtp/SmtpTransport.php(138): Symfony\\Component\\Mailer\\Transport\\AbstractTransport->send()\n#5 /home/x26001/ibrahim/Hotel-Booking-System/vendor/laravel/framework/src/Illuminate/Mail/Mailer.php(584): Symfony\\Component\\Mailer\\Transport\\Smtp\\SmtpTransport->send()\n#6 /home/x26001/ibrahim/Hotel-Booking-System/vendor/laravel/framework/src/Illuminate/Mail/Mailer.php(331): Illuminate\\Mail\\Mailer->sendSymfonyMessage()\n#7 /home/x26001/ibrahim/Hotel-Booking-System/vendor/laravel/framework/src/Illuminate/Notifications/Channels/MailChannel.php(66): Illuminate\\Mail\\Mailer->send()\n#8 /home/x26001/ibrahim/Hotel-Booking-System/vendor/laravel/framework/src/Illuminate/Notifications/NotificationSender.php(161): Illuminate\\Notifications\\Channels\\MailChannel->send()\n#9 /home/x26001/ibrahim/Hotel-Booking-System/vendor/laravel/framework/src/Illuminate/Notifications/NotificationSender.php(116): Illuminate\\Notifications\\NotificationSender->sendToNotifiable()\n#10 /home/x26001/ibrahim/Hotel-Booking-System/vendor/laravel/framework/src/Illuminate/Support/Traits/Localizable.php(19): Illuminate\\Notifications\\NotificationSender->Illuminate\\Notifications\\{closure}()\n#11 /home/x26001/ibrahim/Hotel-Booking-System/vendor/laravel/framework/src/Illuminate/Notifications/NotificationSender.php(111): Illuminate\\Notifications\\NotificationSender->withLocale()\n#12 /home/x26001/ibrahim/Hotel-Booking-System/vendor/laravel/framework/src/Illuminate/Notifications/ChannelManager.php(60): Illuminate\\Notifications\\NotificationSender->sendNow()\n#13 /home/x26001/ibrahim/Hotel-Booking-System/vendor/laravel/framework/src/Illuminate/Notifications/SendQueuedNotifications.php(118): Illuminate\\Notifications\\ChannelManager->sendNow()\n#14 /home/x26001/ibrahim/Hotel-Booking-System/vendor/laravel/framework/src/Illuminate/Container/BoundMethod.php(36): Illuminate\\Notifications\\SendQueuedNotifications->handle()\n#15 /home/x26001/ibrahim/Hotel-Booking-System/vendor/laravel/framework/src/Illuminate/Container/Util.php(43): Illuminate\\Container\\BoundMethod::Illuminate\\Container\\{closure}()\n#16 /home/x26001/ibrahim/Hotel-Booking-System/vendor/laravel/framework/src/Illuminate/Container/BoundMethod.php(96): Illuminate\\Container\\Util::unwrapIfClosure()\n#17 /home/x26001/ibrahim/Hotel-Booking-System/vendor/laravel/framework/src/Illuminate/Container/BoundMethod.php(35): Illuminate\\Container\\BoundMethod::callBoundMethod()\n#18 /home/x26001/ibrahim/Hotel-Booking-System/vendor/laravel/framework/src/Illuminate/Container/Container.php(799): Illuminate\\Container\\BoundMethod::call()\n#19 /home/x26001/ibrahim/Hotel-Booking-System/vendor/laravel/framework/src/Illuminate/Bus/Dispatcher.php(129): Illuminate\\Container\\Container->call()\n#20 /home/x26001/ibrahim/Hotel-Booking-System/vendor/laravel/framework/src/Illuminate/Pipeline/Pipeline.php(180): Illuminate\\Bus\\Dispatcher->Illuminate\\Bus\\{closure}()\n#21 /home/x26001/ibrahim/Hotel-Booking-System/vendor/laravel/framework/src/Illuminate/Pipeline/Pipeline.php(137): Illuminate\\Pipeline\\Pipeline->Illuminate\\Pipeline\\{closure}()\n#22 /home/x26001/ibrahim/Hotel-Booking-System/vendor/laravel/framework/src/Illuminate/Bus/Dispatcher.php(133): Illuminate\\Pipeline\\Pipeline->then()\n#23 /home/x26001/ibrahim/Hotel-Booking-System/vendor/laravel/framework/src/Illuminate/Queue/CallQueuedHandler.php(136): Illuminate\\Bus\\Dispatcher->dispatchNow()\n#24 /home/x26001/ibrahim/Hotel-Booking-System/vendor/laravel/framework/src/Illuminate/Pipeline/Pipeline.php(180): Illuminate\\Queue\\CallQueuedHandler->Illuminate\\Queue\\{closure}()\n#25 /home/x26001/ibrahim/Hotel-Booking-System/vendor/laravel/framework/src/Illuminate/Pipeline/Pipeline.php(137): Illuminate\\Pipeline\\Pipeline->Illuminate\\Pipeline\\{closure}()\n#26 /home/x26001/ibrahim/Hotel-Booking-System/vendor/laravel/framework/src/Illuminate/Queue/CallQueuedHandler.php(129): Illuminate\\Pipeline\\Pipeline->then()\n#27 /home/x26001/ibrahim/Hotel-Booking-System/vendor/laravel/framework/src/Illuminate/Queue/CallQueuedHandler.php(70): Illuminate\\Queue\\CallQueuedHandler->dispatchThroughMiddleware()\n#28 /home/x26001/ibrahim/Hotel-Booking-System/vendor/laravel/framework/src/Illuminate/Queue/Jobs/Job.php(102): Illuminate\\Queue\\CallQueuedHandler->call()\n#29 /home/x26001/ibrahim/Hotel-Booking-System/vendor/laravel/framework/src/Illuminate/Queue/Worker.php(485): Illuminate\\Queue\\Jobs\\Job->fire()\n#30 /home/x26001/ibrahim/Hotel-Booking-System/vendor/laravel/framework/src/Illuminate/Queue/Worker.php(435): Illuminate\\Queue\\Worker->process()\n#31 /home/x26001/ibrahim/Hotel-Booking-System/vendor/laravel/framework/src/Illuminate/Queue/Worker.php(201): Illuminate\\Queue\\Worker->runJob()\n#32 /home/x26001/ibrahim/Hotel-Booking-System/vendor/laravel/framework/src/Illuminate/Queue/Console/WorkCommand.php(148): Illuminate\\Queue\\Worker->daemon()\n#33 /home/x26001/ibrahim/Hotel-Booking-System/vendor/laravel/framework/src/Illuminate/Queue/Console/WorkCommand.php(131): Illuminate\\Queue\\Console\\WorkCommand->runWorker()\n#34 /home/x26001/ibrahim/Hotel-Booking-System/vendor/laravel/framework/src/Illuminate/Container/BoundMethod.php(36): Illuminate\\Queue\\Console\\WorkCommand->handle()\n#35 /home/x26001/ibrahim/Hotel-Booking-System/vendor/laravel/framework/src/Illuminate/Container/Util.php(43): Illuminate\\Container\\BoundMethod::Illuminate\\Container\\{closure}()\n#36 /home/x26001/ibrahim/Hotel-Booking-System/vendor/laravel/framework/src/Illuminate/Container/BoundMethod.php(96): Illuminate\\Container\\Util::unwrapIfClosure()\n#37 /home/x26001/ibrahim/Hotel-Booking-System/vendor/laravel/framework/src/Illuminate/Container/BoundMethod.php(35): Illuminate\\Container\\BoundMethod::callBoundMethod()\n#38 /home/x26001/ibrahim/Hotel-Booking-System/vendor/laravel/framework/src/Illuminate/Container/Container.php(799): Illuminate\\Container\\BoundMethod::call()\n#39 /home/x26001/ibrahim/Hotel-Booking-System/vendor/laravel/framework/src/Illuminate/Console/Command.php(211): Illuminate\\Container\\Container->call()\n#40 /home/x26001/ibrahim/Hotel-Booking-System/vendor/symfony/console/Command/Command.php(341): Illuminate\\Console\\Command->execute()\n#41 /home/x26001/ibrahim/Hotel-Booking-System/vendor/laravel/framework/src/Illuminate/Console/Command.php(180): Symfony\\Component\\Console\\Command\\Command->run()\n#42 /home/x26001/ibrahim/Hotel-Booking-System/vendor/symfony/console/Application.php(1117): Illuminate\\Console\\Command->run()\n#43 /home/x26001/ibrahim/Hotel-Booking-System/vendor/symfony/console/Application.php(356): Symfony\\Component\\Console\\Application->doRunCommand()\n#44 /home/x26001/ibrahim/Hotel-Booking-System/vendor/symfony/console/Application.php(195): Symfony\\Component\\Console\\Application->doRun()\n#45 /home/x26001/ibrahim/Hotel-Booking-System/vendor/laravel/framework/src/Illuminate/Foundation/Console/Kernel.php(198): Symfony\\Component\\Console\\Application->run()\n#46 /home/x26001/ibrahim/Hotel-Booking-System/vendor/laravel/framework/src/Illuminate/Foundation/Application.php(1235): Illuminate\\Foundation\\Console\\Kernel->handle()\n#47 /home/x26001/ibrahim/Hotel-Booking-System/artisan(16): Illuminate\\Foundation\\Application->handleCommand()\n#48 {main}', '2026-05-12 11:50:44'),
(46, '399d4bba-4bc9-4bd4-884c-9a9d876a92d6', 'redis', 'default', '{\"uuid\":\"399d4bba-4bc9-4bd4-884c-9a9d876a92d6\",\"displayName\":\"App\\\\Notifications\\\\BookingCancelNotification\",\"job\":\"Illuminate\\\\Queue\\\\CallQueuedHandler@call\",\"maxTries\":null,\"maxExceptions\":null,\"failOnTimeout\":false,\"backoff\":null,\"timeout\":null,\"retryUntil\":null,\"data\":{\"commandName\":\"Illuminate\\\\Notifications\\\\SendQueuedNotifications\",\"command\":\"O:48:\\\"Illuminate\\\\Notifications\\\\SendQueuedNotifications\\\":3:{s:11:\\\"notifiables\\\";O:45:\\\"Illuminate\\\\Contracts\\\\Database\\\\ModelIdentifier\\\":5:{s:5:\\\"class\\\";s:15:\\\"App\\\\Models\\\\User\\\";s:2:\\\"id\\\";a:1:{i:0;i:16;}s:9:\\\"relations\\\";a:0:{}s:10:\\\"connection\\\";s:5:\\\"mysql\\\";s:15:\\\"collectionClass\\\";N;}s:12:\\\"notification\\\";O:43:\\\"App\\\\Notifications\\\\BookingCancelNotification\\\":2:{s:10:\\\"\\u0000*\\u0000booking\\\";O:45:\\\"Illuminate\\\\Contracts\\\\Database\\\\ModelIdentifier\\\":5:{s:5:\\\"class\\\";s:18:\\\"App\\\\Models\\\\Booking\\\";s:2:\\\"id\\\";i:68;s:9:\\\"relations\\\";a:2:{i:0;s:4:\\\"user\\\";i:1;s:7:\\\"payment\\\";}s:10:\\\"connection\\\";s:5:\\\"mysql\\\";s:15:\\\"collectionClass\\\";N;}s:2:\\\"id\\\";s:36:\\\"ef9a12c2-8f72-4fba-8652-c67469f3b139\\\";}s:8:\\\"channels\\\";a:1:{i:0;s:4:\\\"mail\\\";}}\",\"batchId\":null},\"createdAt\":1778053733,\"id\":\"6ePnzwMtXJdMqnfTgzlKjUBqruG4rj9n\",\"attempts\":0,\"delay\":null}', 'Symfony\\Component\\Mailer\\Exception\\UnexpectedResponseException: Expected response code \"354\" but got code \"550\", with message \"550 5.7.0 Too many emails per second. Please upgrade your plan https://mailtrap.io/billing/plans/testing\". in /home/x26001/ibrahim/Hotel-Booking-System/vendor/symfony/mailer/Transport/Smtp/SmtpTransport.php:331\nStack trace:\n#0 /home/x26001/ibrahim/Hotel-Booking-System/vendor/symfony/mailer/Transport/Smtp/SmtpTransport.php(187): Symfony\\Component\\Mailer\\Transport\\Smtp\\SmtpTransport->assertResponseCode()\n#1 /home/x26001/ibrahim/Hotel-Booking-System/vendor/symfony/mailer/Transport/Smtp/EsmtpTransport.php(150): Symfony\\Component\\Mailer\\Transport\\Smtp\\SmtpTransport->executeCommand()\n#2 /home/x26001/ibrahim/Hotel-Booking-System/vendor/symfony/mailer/Transport/Smtp/SmtpTransport.php(209): Symfony\\Component\\Mailer\\Transport\\Smtp\\EsmtpTransport->executeCommand()\n#3 /home/x26001/ibrahim/Hotel-Booking-System/vendor/symfony/mailer/Transport/AbstractTransport.php(69): Symfony\\Component\\Mailer\\Transport\\Smtp\\SmtpTransport->doSend()\n#4 /home/x26001/ibrahim/Hotel-Booking-System/vendor/symfony/mailer/Transport/Smtp/SmtpTransport.php(138): Symfony\\Component\\Mailer\\Transport\\AbstractTransport->send()\n#5 /home/x26001/ibrahim/Hotel-Booking-System/vendor/laravel/framework/src/Illuminate/Mail/Mailer.php(584): Symfony\\Component\\Mailer\\Transport\\Smtp\\SmtpTransport->send()\n#6 /home/x26001/ibrahim/Hotel-Booking-System/vendor/laravel/framework/src/Illuminate/Mail/Mailer.php(331): Illuminate\\Mail\\Mailer->sendSymfonyMessage()\n#7 /home/x26001/ibrahim/Hotel-Booking-System/vendor/laravel/framework/src/Illuminate/Notifications/Channels/MailChannel.php(66): Illuminate\\Mail\\Mailer->send()\n#8 /home/x26001/ibrahim/Hotel-Booking-System/vendor/laravel/framework/src/Illuminate/Notifications/NotificationSender.php(161): Illuminate\\Notifications\\Channels\\MailChannel->send()\n#9 /home/x26001/ibrahim/Hotel-Booking-System/vendor/laravel/framework/src/Illuminate/Notifications/NotificationSender.php(116): Illuminate\\Notifications\\NotificationSender->sendToNotifiable()\n#10 /home/x26001/ibrahim/Hotel-Booking-System/vendor/laravel/framework/src/Illuminate/Support/Traits/Localizable.php(19): Illuminate\\Notifications\\NotificationSender->Illuminate\\Notifications\\{closure}()\n#11 /home/x26001/ibrahim/Hotel-Booking-System/vendor/laravel/framework/src/Illuminate/Notifications/NotificationSender.php(111): Illuminate\\Notifications\\NotificationSender->withLocale()\n#12 /home/x26001/ibrahim/Hotel-Booking-System/vendor/laravel/framework/src/Illuminate/Notifications/ChannelManager.php(60): Illuminate\\Notifications\\NotificationSender->sendNow()\n#13 /home/x26001/ibrahim/Hotel-Booking-System/vendor/laravel/framework/src/Illuminate/Notifications/SendQueuedNotifications.php(118): Illuminate\\Notifications\\ChannelManager->sendNow()\n#14 /home/x26001/ibrahim/Hotel-Booking-System/vendor/laravel/framework/src/Illuminate/Container/BoundMethod.php(36): Illuminate\\Notifications\\SendQueuedNotifications->handle()\n#15 /home/x26001/ibrahim/Hotel-Booking-System/vendor/laravel/framework/src/Illuminate/Container/Util.php(43): Illuminate\\Container\\BoundMethod::Illuminate\\Container\\{closure}()\n#16 /home/x26001/ibrahim/Hotel-Booking-System/vendor/laravel/framework/src/Illuminate/Container/BoundMethod.php(96): Illuminate\\Container\\Util::unwrapIfClosure()\n#17 /home/x26001/ibrahim/Hotel-Booking-System/vendor/laravel/framework/src/Illuminate/Container/BoundMethod.php(35): Illuminate\\Container\\BoundMethod::callBoundMethod()\n#18 /home/x26001/ibrahim/Hotel-Booking-System/vendor/laravel/framework/src/Illuminate/Container/Container.php(799): Illuminate\\Container\\BoundMethod::call()\n#19 /home/x26001/ibrahim/Hotel-Booking-System/vendor/laravel/framework/src/Illuminate/Bus/Dispatcher.php(129): Illuminate\\Container\\Container->call()\n#20 /home/x26001/ibrahim/Hotel-Booking-System/vendor/laravel/framework/src/Illuminate/Pipeline/Pipeline.php(180): Illuminate\\Bus\\Dispatcher->Illuminate\\Bus\\{closure}()\n#21 /home/x26001/ibrahim/Hotel-Booking-System/vendor/laravel/framework/src/Illuminate/Pipeline/Pipeline.php(137): Illuminate\\Pipeline\\Pipeline->Illuminate\\Pipeline\\{closure}()\n#22 /home/x26001/ibrahim/Hotel-Booking-System/vendor/laravel/framework/src/Illuminate/Bus/Dispatcher.php(133): Illuminate\\Pipeline\\Pipeline->then()\n#23 /home/x26001/ibrahim/Hotel-Booking-System/vendor/laravel/framework/src/Illuminate/Queue/CallQueuedHandler.php(136): Illuminate\\Bus\\Dispatcher->dispatchNow()\n#24 /home/x26001/ibrahim/Hotel-Booking-System/vendor/laravel/framework/src/Illuminate/Pipeline/Pipeline.php(180): Illuminate\\Queue\\CallQueuedHandler->Illuminate\\Queue\\{closure}()\n#25 /home/x26001/ibrahim/Hotel-Booking-System/vendor/laravel/framework/src/Illuminate/Pipeline/Pipeline.php(137): Illuminate\\Pipeline\\Pipeline->Illuminate\\Pipeline\\{closure}()\n#26 /home/x26001/ibrahim/Hotel-Booking-System/vendor/laravel/framework/src/Illuminate/Queue/CallQueuedHandler.php(129): Illuminate\\Pipeline\\Pipeline->then()\n#27 /home/x26001/ibrahim/Hotel-Booking-System/vendor/laravel/framework/src/Illuminate/Queue/CallQueuedHandler.php(70): Illuminate\\Queue\\CallQueuedHandler->dispatchThroughMiddleware()\n#28 /home/x26001/ibrahim/Hotel-Booking-System/vendor/laravel/framework/src/Illuminate/Queue/Jobs/Job.php(102): Illuminate\\Queue\\CallQueuedHandler->call()\n#29 /home/x26001/ibrahim/Hotel-Booking-System/vendor/laravel/framework/src/Illuminate/Queue/Worker.php(485): Illuminate\\Queue\\Jobs\\Job->fire()\n#30 /home/x26001/ibrahim/Hotel-Booking-System/vendor/laravel/framework/src/Illuminate/Queue/Worker.php(435): Illuminate\\Queue\\Worker->process()\n#31 /home/x26001/ibrahim/Hotel-Booking-System/vendor/laravel/framework/src/Illuminate/Queue/Worker.php(201): Illuminate\\Queue\\Worker->runJob()\n#32 /home/x26001/ibrahim/Hotel-Booking-System/vendor/laravel/framework/src/Illuminate/Queue/Console/WorkCommand.php(148): Illuminate\\Queue\\Worker->daemon()\n#33 /home/x26001/ibrahim/Hotel-Booking-System/vendor/laravel/framework/src/Illuminate/Queue/Console/WorkCommand.php(131): Illuminate\\Queue\\Console\\WorkCommand->runWorker()\n#34 /home/x26001/ibrahim/Hotel-Booking-System/vendor/laravel/framework/src/Illuminate/Container/BoundMethod.php(36): Illuminate\\Queue\\Console\\WorkCommand->handle()\n#35 /home/x26001/ibrahim/Hotel-Booking-System/vendor/laravel/framework/src/Illuminate/Container/Util.php(43): Illuminate\\Container\\BoundMethod::Illuminate\\Container\\{closure}()\n#36 /home/x26001/ibrahim/Hotel-Booking-System/vendor/laravel/framework/src/Illuminate/Container/BoundMethod.php(96): Illuminate\\Container\\Util::unwrapIfClosure()\n#37 /home/x26001/ibrahim/Hotel-Booking-System/vendor/laravel/framework/src/Illuminate/Container/BoundMethod.php(35): Illuminate\\Container\\BoundMethod::callBoundMethod()\n#38 /home/x26001/ibrahim/Hotel-Booking-System/vendor/laravel/framework/src/Illuminate/Container/Container.php(799): Illuminate\\Container\\BoundMethod::call()\n#39 /home/x26001/ibrahim/Hotel-Booking-System/vendor/laravel/framework/src/Illuminate/Console/Command.php(211): Illuminate\\Container\\Container->call()\n#40 /home/x26001/ibrahim/Hotel-Booking-System/vendor/symfony/console/Command/Command.php(341): Illuminate\\Console\\Command->execute()\n#41 /home/x26001/ibrahim/Hotel-Booking-System/vendor/laravel/framework/src/Illuminate/Console/Command.php(180): Symfony\\Component\\Console\\Command\\Command->run()\n#42 /home/x26001/ibrahim/Hotel-Booking-System/vendor/symfony/console/Application.php(1117): Illuminate\\Console\\Command->run()\n#43 /home/x26001/ibrahim/Hotel-Booking-System/vendor/symfony/console/Application.php(356): Symfony\\Component\\Console\\Application->doRunCommand()\n#44 /home/x26001/ibrahim/Hotel-Booking-System/vendor/symfony/console/Application.php(195): Symfony\\Component\\Console\\Application->doRun()\n#45 /home/x26001/ibrahim/Hotel-Booking-System/vendor/laravel/framework/src/Illuminate/Foundation/Console/Kernel.php(198): Symfony\\Component\\Console\\Application->run()\n#46 /home/x26001/ibrahim/Hotel-Booking-System/vendor/laravel/framework/src/Illuminate/Foundation/Application.php(1235): Illuminate\\Foundation\\Console\\Kernel->handle()\n#47 /home/x26001/ibrahim/Hotel-Booking-System/artisan(16): Illuminate\\Foundation\\Application->handleCommand()\n#48 {main}', '2026-05-12 11:50:46');
INSERT INTO `failed_jobs` (`id`, `uuid`, `connection`, `queue`, `payload`, `exception`, `failed_at`) VALUES
(47, '69e492a2-3788-4668-ba18-a575b197cb9c', 'redis', 'default', '{\"uuid\":\"69e492a2-3788-4668-ba18-a575b197cb9c\",\"displayName\":\"App\\\\Notifications\\\\BookingCancelNotification\",\"job\":\"Illuminate\\\\Queue\\\\CallQueuedHandler@call\",\"maxTries\":null,\"maxExceptions\":null,\"failOnTimeout\":false,\"backoff\":null,\"timeout\":null,\"retryUntil\":null,\"data\":{\"commandName\":\"Illuminate\\\\Notifications\\\\SendQueuedNotifications\",\"command\":\"O:48:\\\"Illuminate\\\\Notifications\\\\SendQueuedNotifications\\\":3:{s:11:\\\"notifiables\\\";O:45:\\\"Illuminate\\\\Contracts\\\\Database\\\\ModelIdentifier\\\":5:{s:5:\\\"class\\\";s:15:\\\"App\\\\Models\\\\User\\\";s:2:\\\"id\\\";a:1:{i:0;i:16;}s:9:\\\"relations\\\";a:0:{}s:10:\\\"connection\\\";s:5:\\\"mysql\\\";s:15:\\\"collectionClass\\\";N;}s:12:\\\"notification\\\";O:43:\\\"App\\\\Notifications\\\\BookingCancelNotification\\\":2:{s:10:\\\"\\u0000*\\u0000booking\\\";O:45:\\\"Illuminate\\\\Contracts\\\\Database\\\\ModelIdentifier\\\":5:{s:5:\\\"class\\\";s:18:\\\"App\\\\Models\\\\Booking\\\";s:2:\\\"id\\\";i:66;s:9:\\\"relations\\\";a:2:{i:0;s:4:\\\"user\\\";i:1;s:7:\\\"payment\\\";}s:10:\\\"connection\\\";s:5:\\\"mysql\\\";s:15:\\\"collectionClass\\\";N;}s:2:\\\"id\\\";s:36:\\\"5be99f01-43ae-4c27-99b6-bfe27a61cbaa\\\";}s:8:\\\"channels\\\";a:1:{i:0;s:4:\\\"mail\\\";}}\",\"batchId\":null},\"createdAt\":1778053392,\"id\":\"mbiSNgqb8oYYeA23C9jomKzJcO6f3qmr\",\"attempts\":0,\"delay\":null}', 'Symfony\\Component\\Mailer\\Exception\\UnexpectedResponseException: Expected response code \"354\" but got code \"550\", with message \"550 5.7.0 Too many emails per second. Please upgrade your plan https://mailtrap.io/billing/plans/testing\". in /home/x26001/ibrahim/Hotel-Booking-System/vendor/symfony/mailer/Transport/Smtp/SmtpTransport.php:331\nStack trace:\n#0 /home/x26001/ibrahim/Hotel-Booking-System/vendor/symfony/mailer/Transport/Smtp/SmtpTransport.php(187): Symfony\\Component\\Mailer\\Transport\\Smtp\\SmtpTransport->assertResponseCode()\n#1 /home/x26001/ibrahim/Hotel-Booking-System/vendor/symfony/mailer/Transport/Smtp/EsmtpTransport.php(150): Symfony\\Component\\Mailer\\Transport\\Smtp\\SmtpTransport->executeCommand()\n#2 /home/x26001/ibrahim/Hotel-Booking-System/vendor/symfony/mailer/Transport/Smtp/SmtpTransport.php(209): Symfony\\Component\\Mailer\\Transport\\Smtp\\EsmtpTransport->executeCommand()\n#3 /home/x26001/ibrahim/Hotel-Booking-System/vendor/symfony/mailer/Transport/AbstractTransport.php(69): Symfony\\Component\\Mailer\\Transport\\Smtp\\SmtpTransport->doSend()\n#4 /home/x26001/ibrahim/Hotel-Booking-System/vendor/symfony/mailer/Transport/Smtp/SmtpTransport.php(138): Symfony\\Component\\Mailer\\Transport\\AbstractTransport->send()\n#5 /home/x26001/ibrahim/Hotel-Booking-System/vendor/laravel/framework/src/Illuminate/Mail/Mailer.php(584): Symfony\\Component\\Mailer\\Transport\\Smtp\\SmtpTransport->send()\n#6 /home/x26001/ibrahim/Hotel-Booking-System/vendor/laravel/framework/src/Illuminate/Mail/Mailer.php(331): Illuminate\\Mail\\Mailer->sendSymfonyMessage()\n#7 /home/x26001/ibrahim/Hotel-Booking-System/vendor/laravel/framework/src/Illuminate/Notifications/Channels/MailChannel.php(66): Illuminate\\Mail\\Mailer->send()\n#8 /home/x26001/ibrahim/Hotel-Booking-System/vendor/laravel/framework/src/Illuminate/Notifications/NotificationSender.php(161): Illuminate\\Notifications\\Channels\\MailChannel->send()\n#9 /home/x26001/ibrahim/Hotel-Booking-System/vendor/laravel/framework/src/Illuminate/Notifications/NotificationSender.php(116): Illuminate\\Notifications\\NotificationSender->sendToNotifiable()\n#10 /home/x26001/ibrahim/Hotel-Booking-System/vendor/laravel/framework/src/Illuminate/Support/Traits/Localizable.php(19): Illuminate\\Notifications\\NotificationSender->Illuminate\\Notifications\\{closure}()\n#11 /home/x26001/ibrahim/Hotel-Booking-System/vendor/laravel/framework/src/Illuminate/Notifications/NotificationSender.php(111): Illuminate\\Notifications\\NotificationSender->withLocale()\n#12 /home/x26001/ibrahim/Hotel-Booking-System/vendor/laravel/framework/src/Illuminate/Notifications/ChannelManager.php(60): Illuminate\\Notifications\\NotificationSender->sendNow()\n#13 /home/x26001/ibrahim/Hotel-Booking-System/vendor/laravel/framework/src/Illuminate/Notifications/SendQueuedNotifications.php(118): Illuminate\\Notifications\\ChannelManager->sendNow()\n#14 /home/x26001/ibrahim/Hotel-Booking-System/vendor/laravel/framework/src/Illuminate/Container/BoundMethod.php(36): Illuminate\\Notifications\\SendQueuedNotifications->handle()\n#15 /home/x26001/ibrahim/Hotel-Booking-System/vendor/laravel/framework/src/Illuminate/Container/Util.php(43): Illuminate\\Container\\BoundMethod::Illuminate\\Container\\{closure}()\n#16 /home/x26001/ibrahim/Hotel-Booking-System/vendor/laravel/framework/src/Illuminate/Container/BoundMethod.php(96): Illuminate\\Container\\Util::unwrapIfClosure()\n#17 /home/x26001/ibrahim/Hotel-Booking-System/vendor/laravel/framework/src/Illuminate/Container/BoundMethod.php(35): Illuminate\\Container\\BoundMethod::callBoundMethod()\n#18 /home/x26001/ibrahim/Hotel-Booking-System/vendor/laravel/framework/src/Illuminate/Container/Container.php(799): Illuminate\\Container\\BoundMethod::call()\n#19 /home/x26001/ibrahim/Hotel-Booking-System/vendor/laravel/framework/src/Illuminate/Bus/Dispatcher.php(129): Illuminate\\Container\\Container->call()\n#20 /home/x26001/ibrahim/Hotel-Booking-System/vendor/laravel/framework/src/Illuminate/Pipeline/Pipeline.php(180): Illuminate\\Bus\\Dispatcher->Illuminate\\Bus\\{closure}()\n#21 /home/x26001/ibrahim/Hotel-Booking-System/vendor/laravel/framework/src/Illuminate/Pipeline/Pipeline.php(137): Illuminate\\Pipeline\\Pipeline->Illuminate\\Pipeline\\{closure}()\n#22 /home/x26001/ibrahim/Hotel-Booking-System/vendor/laravel/framework/src/Illuminate/Bus/Dispatcher.php(133): Illuminate\\Pipeline\\Pipeline->then()\n#23 /home/x26001/ibrahim/Hotel-Booking-System/vendor/laravel/framework/src/Illuminate/Queue/CallQueuedHandler.php(136): Illuminate\\Bus\\Dispatcher->dispatchNow()\n#24 /home/x26001/ibrahim/Hotel-Booking-System/vendor/laravel/framework/src/Illuminate/Pipeline/Pipeline.php(180): Illuminate\\Queue\\CallQueuedHandler->Illuminate\\Queue\\{closure}()\n#25 /home/x26001/ibrahim/Hotel-Booking-System/vendor/laravel/framework/src/Illuminate/Pipeline/Pipeline.php(137): Illuminate\\Pipeline\\Pipeline->Illuminate\\Pipeline\\{closure}()\n#26 /home/x26001/ibrahim/Hotel-Booking-System/vendor/laravel/framework/src/Illuminate/Queue/CallQueuedHandler.php(129): Illuminate\\Pipeline\\Pipeline->then()\n#27 /home/x26001/ibrahim/Hotel-Booking-System/vendor/laravel/framework/src/Illuminate/Queue/CallQueuedHandler.php(70): Illuminate\\Queue\\CallQueuedHandler->dispatchThroughMiddleware()\n#28 /home/x26001/ibrahim/Hotel-Booking-System/vendor/laravel/framework/src/Illuminate/Queue/Jobs/Job.php(102): Illuminate\\Queue\\CallQueuedHandler->call()\n#29 /home/x26001/ibrahim/Hotel-Booking-System/vendor/laravel/framework/src/Illuminate/Queue/Worker.php(485): Illuminate\\Queue\\Jobs\\Job->fire()\n#30 /home/x26001/ibrahim/Hotel-Booking-System/vendor/laravel/framework/src/Illuminate/Queue/Worker.php(435): Illuminate\\Queue\\Worker->process()\n#31 /home/x26001/ibrahim/Hotel-Booking-System/vendor/laravel/framework/src/Illuminate/Queue/Worker.php(201): Illuminate\\Queue\\Worker->runJob()\n#32 /home/x26001/ibrahim/Hotel-Booking-System/vendor/laravel/framework/src/Illuminate/Queue/Console/WorkCommand.php(148): Illuminate\\Queue\\Worker->daemon()\n#33 /home/x26001/ibrahim/Hotel-Booking-System/vendor/laravel/framework/src/Illuminate/Queue/Console/WorkCommand.php(131): Illuminate\\Queue\\Console\\WorkCommand->runWorker()\n#34 /home/x26001/ibrahim/Hotel-Booking-System/vendor/laravel/framework/src/Illuminate/Container/BoundMethod.php(36): Illuminate\\Queue\\Console\\WorkCommand->handle()\n#35 /home/x26001/ibrahim/Hotel-Booking-System/vendor/laravel/framework/src/Illuminate/Container/Util.php(43): Illuminate\\Container\\BoundMethod::Illuminate\\Container\\{closure}()\n#36 /home/x26001/ibrahim/Hotel-Booking-System/vendor/laravel/framework/src/Illuminate/Container/BoundMethod.php(96): Illuminate\\Container\\Util::unwrapIfClosure()\n#37 /home/x26001/ibrahim/Hotel-Booking-System/vendor/laravel/framework/src/Illuminate/Container/BoundMethod.php(35): Illuminate\\Container\\BoundMethod::callBoundMethod()\n#38 /home/x26001/ibrahim/Hotel-Booking-System/vendor/laravel/framework/src/Illuminate/Container/Container.php(799): Illuminate\\Container\\BoundMethod::call()\n#39 /home/x26001/ibrahim/Hotel-Booking-System/vendor/laravel/framework/src/Illuminate/Console/Command.php(211): Illuminate\\Container\\Container->call()\n#40 /home/x26001/ibrahim/Hotel-Booking-System/vendor/symfony/console/Command/Command.php(341): Illuminate\\Console\\Command->execute()\n#41 /home/x26001/ibrahim/Hotel-Booking-System/vendor/laravel/framework/src/Illuminate/Console/Command.php(180): Symfony\\Component\\Console\\Command\\Command->run()\n#42 /home/x26001/ibrahim/Hotel-Booking-System/vendor/symfony/console/Application.php(1117): Illuminate\\Console\\Command->run()\n#43 /home/x26001/ibrahim/Hotel-Booking-System/vendor/symfony/console/Application.php(356): Symfony\\Component\\Console\\Application->doRunCommand()\n#44 /home/x26001/ibrahim/Hotel-Booking-System/vendor/symfony/console/Application.php(195): Symfony\\Component\\Console\\Application->doRun()\n#45 /home/x26001/ibrahim/Hotel-Booking-System/vendor/laravel/framework/src/Illuminate/Foundation/Console/Kernel.php(198): Symfony\\Component\\Console\\Application->run()\n#46 /home/x26001/ibrahim/Hotel-Booking-System/vendor/laravel/framework/src/Illuminate/Foundation/Application.php(1235): Illuminate\\Foundation\\Console\\Kernel->handle()\n#47 /home/x26001/ibrahim/Hotel-Booking-System/artisan(16): Illuminate\\Foundation\\Application->handleCommand()\n#48 {main}', '2026-05-12 11:50:47'),
(48, '351f3dea-4081-4700-b97d-17f6b741ccab', 'redis', 'default', '{\"uuid\":\"351f3dea-4081-4700-b97d-17f6b741ccab\",\"displayName\":\"App\\\\Notifications\\\\AlertAdminPaymentFail\",\"job\":\"Illuminate\\\\Queue\\\\CallQueuedHandler@call\",\"maxTries\":null,\"maxExceptions\":null,\"failOnTimeout\":false,\"backoff\":null,\"timeout\":null,\"retryUntil\":null,\"data\":{\"commandName\":\"Illuminate\\\\Notifications\\\\SendQueuedNotifications\",\"command\":\"O:48:\\\"Illuminate\\\\Notifications\\\\SendQueuedNotifications\\\":3:{s:11:\\\"notifiables\\\";O:45:\\\"Illuminate\\\\Contracts\\\\Database\\\\ModelIdentifier\\\":5:{s:5:\\\"class\\\";s:15:\\\"App\\\\Models\\\\User\\\";s:2:\\\"id\\\";a:1:{i:0;i:2;}s:9:\\\"relations\\\";a:0:{}s:10:\\\"connection\\\";s:5:\\\"mysql\\\";s:15:\\\"collectionClass\\\";N;}s:12:\\\"notification\\\";O:39:\\\"App\\\\Notifications\\\\AlertAdminPaymentFail\\\":2:{s:10:\\\"\\u0000*\\u0000payment\\\";O:45:\\\"Illuminate\\\\Contracts\\\\Database\\\\ModelIdentifier\\\":5:{s:5:\\\"class\\\";s:18:\\\"App\\\\Models\\\\Payment\\\";s:2:\\\"id\\\";i:57;s:9:\\\"relations\\\";a:0:{}s:10:\\\"connection\\\";s:5:\\\"mysql\\\";s:15:\\\"collectionClass\\\";N;}s:2:\\\"id\\\";s:36:\\\"c85626a7-1620-4fd1-9669-4812e025d696\\\";}s:8:\\\"channels\\\";a:1:{i:0;s:4:\\\"mail\\\";}}\",\"batchId\":null},\"createdAt\":1778053392,\"id\":\"PF9t72DP9dpitqu9mC6rDUbtYbkDUaWM\",\"attempts\":0,\"delay\":null}', 'Symfony\\Component\\Mailer\\Exception\\UnexpectedResponseException: Expected response code \"354\" but got code \"550\", with message \"550 5.7.0 Too many emails per second. Please upgrade your plan https://mailtrap.io/billing/plans/testing\". in /home/x26001/ibrahim/Hotel-Booking-System/vendor/symfony/mailer/Transport/Smtp/SmtpTransport.php:331\nStack trace:\n#0 /home/x26001/ibrahim/Hotel-Booking-System/vendor/symfony/mailer/Transport/Smtp/SmtpTransport.php(187): Symfony\\Component\\Mailer\\Transport\\Smtp\\SmtpTransport->assertResponseCode()\n#1 /home/x26001/ibrahim/Hotel-Booking-System/vendor/symfony/mailer/Transport/Smtp/EsmtpTransport.php(150): Symfony\\Component\\Mailer\\Transport\\Smtp\\SmtpTransport->executeCommand()\n#2 /home/x26001/ibrahim/Hotel-Booking-System/vendor/symfony/mailer/Transport/Smtp/SmtpTransport.php(209): Symfony\\Component\\Mailer\\Transport\\Smtp\\EsmtpTransport->executeCommand()\n#3 /home/x26001/ibrahim/Hotel-Booking-System/vendor/symfony/mailer/Transport/AbstractTransport.php(69): Symfony\\Component\\Mailer\\Transport\\Smtp\\SmtpTransport->doSend()\n#4 /home/x26001/ibrahim/Hotel-Booking-System/vendor/symfony/mailer/Transport/Smtp/SmtpTransport.php(138): Symfony\\Component\\Mailer\\Transport\\AbstractTransport->send()\n#5 /home/x26001/ibrahim/Hotel-Booking-System/vendor/laravel/framework/src/Illuminate/Mail/Mailer.php(584): Symfony\\Component\\Mailer\\Transport\\Smtp\\SmtpTransport->send()\n#6 /home/x26001/ibrahim/Hotel-Booking-System/vendor/laravel/framework/src/Illuminate/Mail/Mailer.php(331): Illuminate\\Mail\\Mailer->sendSymfonyMessage()\n#7 /home/x26001/ibrahim/Hotel-Booking-System/vendor/laravel/framework/src/Illuminate/Notifications/Channels/MailChannel.php(66): Illuminate\\Mail\\Mailer->send()\n#8 /home/x26001/ibrahim/Hotel-Booking-System/vendor/laravel/framework/src/Illuminate/Notifications/NotificationSender.php(161): Illuminate\\Notifications\\Channels\\MailChannel->send()\n#9 /home/x26001/ibrahim/Hotel-Booking-System/vendor/laravel/framework/src/Illuminate/Notifications/NotificationSender.php(116): Illuminate\\Notifications\\NotificationSender->sendToNotifiable()\n#10 /home/x26001/ibrahim/Hotel-Booking-System/vendor/laravel/framework/src/Illuminate/Support/Traits/Localizable.php(19): Illuminate\\Notifications\\NotificationSender->Illuminate\\Notifications\\{closure}()\n#11 /home/x26001/ibrahim/Hotel-Booking-System/vendor/laravel/framework/src/Illuminate/Notifications/NotificationSender.php(111): Illuminate\\Notifications\\NotificationSender->withLocale()\n#12 /home/x26001/ibrahim/Hotel-Booking-System/vendor/laravel/framework/src/Illuminate/Notifications/ChannelManager.php(60): Illuminate\\Notifications\\NotificationSender->sendNow()\n#13 /home/x26001/ibrahim/Hotel-Booking-System/vendor/laravel/framework/src/Illuminate/Notifications/SendQueuedNotifications.php(118): Illuminate\\Notifications\\ChannelManager->sendNow()\n#14 /home/x26001/ibrahim/Hotel-Booking-System/vendor/laravel/framework/src/Illuminate/Container/BoundMethod.php(36): Illuminate\\Notifications\\SendQueuedNotifications->handle()\n#15 /home/x26001/ibrahim/Hotel-Booking-System/vendor/laravel/framework/src/Illuminate/Container/Util.php(43): Illuminate\\Container\\BoundMethod::Illuminate\\Container\\{closure}()\n#16 /home/x26001/ibrahim/Hotel-Booking-System/vendor/laravel/framework/src/Illuminate/Container/BoundMethod.php(96): Illuminate\\Container\\Util::unwrapIfClosure()\n#17 /home/x26001/ibrahim/Hotel-Booking-System/vendor/laravel/framework/src/Illuminate/Container/BoundMethod.php(35): Illuminate\\Container\\BoundMethod::callBoundMethod()\n#18 /home/x26001/ibrahim/Hotel-Booking-System/vendor/laravel/framework/src/Illuminate/Container/Container.php(799): Illuminate\\Container\\BoundMethod::call()\n#19 /home/x26001/ibrahim/Hotel-Booking-System/vendor/laravel/framework/src/Illuminate/Bus/Dispatcher.php(129): Illuminate\\Container\\Container->call()\n#20 /home/x26001/ibrahim/Hotel-Booking-System/vendor/laravel/framework/src/Illuminate/Pipeline/Pipeline.php(180): Illuminate\\Bus\\Dispatcher->Illuminate\\Bus\\{closure}()\n#21 /home/x26001/ibrahim/Hotel-Booking-System/vendor/laravel/framework/src/Illuminate/Pipeline/Pipeline.php(137): Illuminate\\Pipeline\\Pipeline->Illuminate\\Pipeline\\{closure}()\n#22 /home/x26001/ibrahim/Hotel-Booking-System/vendor/laravel/framework/src/Illuminate/Bus/Dispatcher.php(133): Illuminate\\Pipeline\\Pipeline->then()\n#23 /home/x26001/ibrahim/Hotel-Booking-System/vendor/laravel/framework/src/Illuminate/Queue/CallQueuedHandler.php(136): Illuminate\\Bus\\Dispatcher->dispatchNow()\n#24 /home/x26001/ibrahim/Hotel-Booking-System/vendor/laravel/framework/src/Illuminate/Pipeline/Pipeline.php(180): Illuminate\\Queue\\CallQueuedHandler->Illuminate\\Queue\\{closure}()\n#25 /home/x26001/ibrahim/Hotel-Booking-System/vendor/laravel/framework/src/Illuminate/Pipeline/Pipeline.php(137): Illuminate\\Pipeline\\Pipeline->Illuminate\\Pipeline\\{closure}()\n#26 /home/x26001/ibrahim/Hotel-Booking-System/vendor/laravel/framework/src/Illuminate/Queue/CallQueuedHandler.php(129): Illuminate\\Pipeline\\Pipeline->then()\n#27 /home/x26001/ibrahim/Hotel-Booking-System/vendor/laravel/framework/src/Illuminate/Queue/CallQueuedHandler.php(70): Illuminate\\Queue\\CallQueuedHandler->dispatchThroughMiddleware()\n#28 /home/x26001/ibrahim/Hotel-Booking-System/vendor/laravel/framework/src/Illuminate/Queue/Jobs/Job.php(102): Illuminate\\Queue\\CallQueuedHandler->call()\n#29 /home/x26001/ibrahim/Hotel-Booking-System/vendor/laravel/framework/src/Illuminate/Queue/Worker.php(485): Illuminate\\Queue\\Jobs\\Job->fire()\n#30 /home/x26001/ibrahim/Hotel-Booking-System/vendor/laravel/framework/src/Illuminate/Queue/Worker.php(435): Illuminate\\Queue\\Worker->process()\n#31 /home/x26001/ibrahim/Hotel-Booking-System/vendor/laravel/framework/src/Illuminate/Queue/Worker.php(201): Illuminate\\Queue\\Worker->runJob()\n#32 /home/x26001/ibrahim/Hotel-Booking-System/vendor/laravel/framework/src/Illuminate/Queue/Console/WorkCommand.php(148): Illuminate\\Queue\\Worker->daemon()\n#33 /home/x26001/ibrahim/Hotel-Booking-System/vendor/laravel/framework/src/Illuminate/Queue/Console/WorkCommand.php(131): Illuminate\\Queue\\Console\\WorkCommand->runWorker()\n#34 /home/x26001/ibrahim/Hotel-Booking-System/vendor/laravel/framework/src/Illuminate/Container/BoundMethod.php(36): Illuminate\\Queue\\Console\\WorkCommand->handle()\n#35 /home/x26001/ibrahim/Hotel-Booking-System/vendor/laravel/framework/src/Illuminate/Container/Util.php(43): Illuminate\\Container\\BoundMethod::Illuminate\\Container\\{closure}()\n#36 /home/x26001/ibrahim/Hotel-Booking-System/vendor/laravel/framework/src/Illuminate/Container/BoundMethod.php(96): Illuminate\\Container\\Util::unwrapIfClosure()\n#37 /home/x26001/ibrahim/Hotel-Booking-System/vendor/laravel/framework/src/Illuminate/Container/BoundMethod.php(35): Illuminate\\Container\\BoundMethod::callBoundMethod()\n#38 /home/x26001/ibrahim/Hotel-Booking-System/vendor/laravel/framework/src/Illuminate/Container/Container.php(799): Illuminate\\Container\\BoundMethod::call()\n#39 /home/x26001/ibrahim/Hotel-Booking-System/vendor/laravel/framework/src/Illuminate/Console/Command.php(211): Illuminate\\Container\\Container->call()\n#40 /home/x26001/ibrahim/Hotel-Booking-System/vendor/symfony/console/Command/Command.php(341): Illuminate\\Console\\Command->execute()\n#41 /home/x26001/ibrahim/Hotel-Booking-System/vendor/laravel/framework/src/Illuminate/Console/Command.php(180): Symfony\\Component\\Console\\Command\\Command->run()\n#42 /home/x26001/ibrahim/Hotel-Booking-System/vendor/symfony/console/Application.php(1117): Illuminate\\Console\\Command->run()\n#43 /home/x26001/ibrahim/Hotel-Booking-System/vendor/symfony/console/Application.php(356): Symfony\\Component\\Console\\Application->doRunCommand()\n#44 /home/x26001/ibrahim/Hotel-Booking-System/vendor/symfony/console/Application.php(195): Symfony\\Component\\Console\\Application->doRun()\n#45 /home/x26001/ibrahim/Hotel-Booking-System/vendor/laravel/framework/src/Illuminate/Foundation/Console/Kernel.php(198): Symfony\\Component\\Console\\Application->run()\n#46 /home/x26001/ibrahim/Hotel-Booking-System/vendor/laravel/framework/src/Illuminate/Foundation/Application.php(1235): Illuminate\\Foundation\\Console\\Kernel->handle()\n#47 /home/x26001/ibrahim/Hotel-Booking-System/artisan(16): Illuminate\\Foundation\\Application->handleCommand()\n#48 {main}', '2026-05-12 11:50:48'),
(49, '054a354a-1f30-4e04-98e0-66b80ffec749', 'redis', 'default', '{\"uuid\":\"054a354a-1f30-4e04-98e0-66b80ffec749\",\"displayName\":\"App\\\\Notifications\\\\BookingCancelNotification\",\"job\":\"Illuminate\\\\Queue\\\\CallQueuedHandler@call\",\"maxTries\":null,\"maxExceptions\":null,\"failOnTimeout\":false,\"backoff\":null,\"timeout\":null,\"retryUntil\":null,\"data\":{\"commandName\":\"Illuminate\\\\Notifications\\\\SendQueuedNotifications\",\"command\":\"O:48:\\\"Illuminate\\\\Notifications\\\\SendQueuedNotifications\\\":3:{s:11:\\\"notifiables\\\";O:45:\\\"Illuminate\\\\Contracts\\\\Database\\\\ModelIdentifier\\\":5:{s:5:\\\"class\\\";s:15:\\\"App\\\\Models\\\\User\\\";s:2:\\\"id\\\";a:1:{i:0;i:1;}s:9:\\\"relations\\\";a:0:{}s:10:\\\"connection\\\";s:5:\\\"mysql\\\";s:15:\\\"collectionClass\\\";N;}s:12:\\\"notification\\\";O:43:\\\"App\\\\Notifications\\\\BookingCancelNotification\\\":2:{s:10:\\\"\\u0000*\\u0000booking\\\";O:45:\\\"Illuminate\\\\Contracts\\\\Database\\\\ModelIdentifier\\\":5:{s:5:\\\"class\\\";s:18:\\\"App\\\\Models\\\\Booking\\\";s:2:\\\"id\\\";i:2;s:9:\\\"relations\\\";a:2:{i:0;s:4:\\\"user\\\";i:1;s:7:\\\"payment\\\";}s:10:\\\"connection\\\";s:5:\\\"mysql\\\";s:15:\\\"collectionClass\\\";N;}s:2:\\\"id\\\";s:36:\\\"8565e9e8-ba46-4bba-9e32-f8b0ebd3820e\\\";}s:8:\\\"channels\\\";a:1:{i:0;s:4:\\\"mail\\\";}}\",\"batchId\":null},\"createdAt\":1777460984,\"id\":\"WYCzgGAduvhwLXm1ZruQlCFh1DsHVZb3\",\"attempts\":0,\"delay\":null}', 'Symfony\\Component\\Mailer\\Exception\\UnexpectedResponseException: Expected response code \"354\" but got code \"550\", with message \"550 5.7.0 Too many emails per second. Please upgrade your plan https://mailtrap.io/billing/plans/testing\". in /home/x26001/ibrahim/Hotel-Booking-System/vendor/symfony/mailer/Transport/Smtp/SmtpTransport.php:331\nStack trace:\n#0 /home/x26001/ibrahim/Hotel-Booking-System/vendor/symfony/mailer/Transport/Smtp/SmtpTransport.php(187): Symfony\\Component\\Mailer\\Transport\\Smtp\\SmtpTransport->assertResponseCode()\n#1 /home/x26001/ibrahim/Hotel-Booking-System/vendor/symfony/mailer/Transport/Smtp/EsmtpTransport.php(150): Symfony\\Component\\Mailer\\Transport\\Smtp\\SmtpTransport->executeCommand()\n#2 /home/x26001/ibrahim/Hotel-Booking-System/vendor/symfony/mailer/Transport/Smtp/SmtpTransport.php(209): Symfony\\Component\\Mailer\\Transport\\Smtp\\EsmtpTransport->executeCommand()\n#3 /home/x26001/ibrahim/Hotel-Booking-System/vendor/symfony/mailer/Transport/AbstractTransport.php(69): Symfony\\Component\\Mailer\\Transport\\Smtp\\SmtpTransport->doSend()\n#4 /home/x26001/ibrahim/Hotel-Booking-System/vendor/symfony/mailer/Transport/Smtp/SmtpTransport.php(138): Symfony\\Component\\Mailer\\Transport\\AbstractTransport->send()\n#5 /home/x26001/ibrahim/Hotel-Booking-System/vendor/laravel/framework/src/Illuminate/Mail/Mailer.php(584): Symfony\\Component\\Mailer\\Transport\\Smtp\\SmtpTransport->send()\n#6 /home/x26001/ibrahim/Hotel-Booking-System/vendor/laravel/framework/src/Illuminate/Mail/Mailer.php(331): Illuminate\\Mail\\Mailer->sendSymfonyMessage()\n#7 /home/x26001/ibrahim/Hotel-Booking-System/vendor/laravel/framework/src/Illuminate/Notifications/Channels/MailChannel.php(66): Illuminate\\Mail\\Mailer->send()\n#8 /home/x26001/ibrahim/Hotel-Booking-System/vendor/laravel/framework/src/Illuminate/Notifications/NotificationSender.php(161): Illuminate\\Notifications\\Channels\\MailChannel->send()\n#9 /home/x26001/ibrahim/Hotel-Booking-System/vendor/laravel/framework/src/Illuminate/Notifications/NotificationSender.php(116): Illuminate\\Notifications\\NotificationSender->sendToNotifiable()\n#10 /home/x26001/ibrahim/Hotel-Booking-System/vendor/laravel/framework/src/Illuminate/Support/Traits/Localizable.php(19): Illuminate\\Notifications\\NotificationSender->Illuminate\\Notifications\\{closure}()\n#11 /home/x26001/ibrahim/Hotel-Booking-System/vendor/laravel/framework/src/Illuminate/Notifications/NotificationSender.php(111): Illuminate\\Notifications\\NotificationSender->withLocale()\n#12 /home/x26001/ibrahim/Hotel-Booking-System/vendor/laravel/framework/src/Illuminate/Notifications/ChannelManager.php(60): Illuminate\\Notifications\\NotificationSender->sendNow()\n#13 /home/x26001/ibrahim/Hotel-Booking-System/vendor/laravel/framework/src/Illuminate/Notifications/SendQueuedNotifications.php(118): Illuminate\\Notifications\\ChannelManager->sendNow()\n#14 /home/x26001/ibrahim/Hotel-Booking-System/vendor/laravel/framework/src/Illuminate/Container/BoundMethod.php(36): Illuminate\\Notifications\\SendQueuedNotifications->handle()\n#15 /home/x26001/ibrahim/Hotel-Booking-System/vendor/laravel/framework/src/Illuminate/Container/Util.php(43): Illuminate\\Container\\BoundMethod::Illuminate\\Container\\{closure}()\n#16 /home/x26001/ibrahim/Hotel-Booking-System/vendor/laravel/framework/src/Illuminate/Container/BoundMethod.php(96): Illuminate\\Container\\Util::unwrapIfClosure()\n#17 /home/x26001/ibrahim/Hotel-Booking-System/vendor/laravel/framework/src/Illuminate/Container/BoundMethod.php(35): Illuminate\\Container\\BoundMethod::callBoundMethod()\n#18 /home/x26001/ibrahim/Hotel-Booking-System/vendor/laravel/framework/src/Illuminate/Container/Container.php(799): Illuminate\\Container\\BoundMethod::call()\n#19 /home/x26001/ibrahim/Hotel-Booking-System/vendor/laravel/framework/src/Illuminate/Bus/Dispatcher.php(129): Illuminate\\Container\\Container->call()\n#20 /home/x26001/ibrahim/Hotel-Booking-System/vendor/laravel/framework/src/Illuminate/Pipeline/Pipeline.php(180): Illuminate\\Bus\\Dispatcher->Illuminate\\Bus\\{closure}()\n#21 /home/x26001/ibrahim/Hotel-Booking-System/vendor/laravel/framework/src/Illuminate/Pipeline/Pipeline.php(137): Illuminate\\Pipeline\\Pipeline->Illuminate\\Pipeline\\{closure}()\n#22 /home/x26001/ibrahim/Hotel-Booking-System/vendor/laravel/framework/src/Illuminate/Bus/Dispatcher.php(133): Illuminate\\Pipeline\\Pipeline->then()\n#23 /home/x26001/ibrahim/Hotel-Booking-System/vendor/laravel/framework/src/Illuminate/Queue/CallQueuedHandler.php(136): Illuminate\\Bus\\Dispatcher->dispatchNow()\n#24 /home/x26001/ibrahim/Hotel-Booking-System/vendor/laravel/framework/src/Illuminate/Pipeline/Pipeline.php(180): Illuminate\\Queue\\CallQueuedHandler->Illuminate\\Queue\\{closure}()\n#25 /home/x26001/ibrahim/Hotel-Booking-System/vendor/laravel/framework/src/Illuminate/Pipeline/Pipeline.php(137): Illuminate\\Pipeline\\Pipeline->Illuminate\\Pipeline\\{closure}()\n#26 /home/x26001/ibrahim/Hotel-Booking-System/vendor/laravel/framework/src/Illuminate/Queue/CallQueuedHandler.php(129): Illuminate\\Pipeline\\Pipeline->then()\n#27 /home/x26001/ibrahim/Hotel-Booking-System/vendor/laravel/framework/src/Illuminate/Queue/CallQueuedHandler.php(70): Illuminate\\Queue\\CallQueuedHandler->dispatchThroughMiddleware()\n#28 /home/x26001/ibrahim/Hotel-Booking-System/vendor/laravel/framework/src/Illuminate/Queue/Jobs/Job.php(102): Illuminate\\Queue\\CallQueuedHandler->call()\n#29 /home/x26001/ibrahim/Hotel-Booking-System/vendor/laravel/framework/src/Illuminate/Queue/Worker.php(485): Illuminate\\Queue\\Jobs\\Job->fire()\n#30 /home/x26001/ibrahim/Hotel-Booking-System/vendor/laravel/framework/src/Illuminate/Queue/Worker.php(435): Illuminate\\Queue\\Worker->process()\n#31 /home/x26001/ibrahim/Hotel-Booking-System/vendor/laravel/framework/src/Illuminate/Queue/Worker.php(201): Illuminate\\Queue\\Worker->runJob()\n#32 /home/x26001/ibrahim/Hotel-Booking-System/vendor/laravel/framework/src/Illuminate/Queue/Console/WorkCommand.php(148): Illuminate\\Queue\\Worker->daemon()\n#33 /home/x26001/ibrahim/Hotel-Booking-System/vendor/laravel/framework/src/Illuminate/Queue/Console/WorkCommand.php(131): Illuminate\\Queue\\Console\\WorkCommand->runWorker()\n#34 /home/x26001/ibrahim/Hotel-Booking-System/vendor/laravel/framework/src/Illuminate/Container/BoundMethod.php(36): Illuminate\\Queue\\Console\\WorkCommand->handle()\n#35 /home/x26001/ibrahim/Hotel-Booking-System/vendor/laravel/framework/src/Illuminate/Container/Util.php(43): Illuminate\\Container\\BoundMethod::Illuminate\\Container\\{closure}()\n#36 /home/x26001/ibrahim/Hotel-Booking-System/vendor/laravel/framework/src/Illuminate/Container/BoundMethod.php(96): Illuminate\\Container\\Util::unwrapIfClosure()\n#37 /home/x26001/ibrahim/Hotel-Booking-System/vendor/laravel/framework/src/Illuminate/Container/BoundMethod.php(35): Illuminate\\Container\\BoundMethod::callBoundMethod()\n#38 /home/x26001/ibrahim/Hotel-Booking-System/vendor/laravel/framework/src/Illuminate/Container/Container.php(799): Illuminate\\Container\\BoundMethod::call()\n#39 /home/x26001/ibrahim/Hotel-Booking-System/vendor/laravel/framework/src/Illuminate/Console/Command.php(211): Illuminate\\Container\\Container->call()\n#40 /home/x26001/ibrahim/Hotel-Booking-System/vendor/symfony/console/Command/Command.php(341): Illuminate\\Console\\Command->execute()\n#41 /home/x26001/ibrahim/Hotel-Booking-System/vendor/laravel/framework/src/Illuminate/Console/Command.php(180): Symfony\\Component\\Console\\Command\\Command->run()\n#42 /home/x26001/ibrahim/Hotel-Booking-System/vendor/symfony/console/Application.php(1117): Illuminate\\Console\\Command->run()\n#43 /home/x26001/ibrahim/Hotel-Booking-System/vendor/symfony/console/Application.php(356): Symfony\\Component\\Console\\Application->doRunCommand()\n#44 /home/x26001/ibrahim/Hotel-Booking-System/vendor/symfony/console/Application.php(195): Symfony\\Component\\Console\\Application->doRun()\n#45 /home/x26001/ibrahim/Hotel-Booking-System/vendor/laravel/framework/src/Illuminate/Foundation/Console/Kernel.php(198): Symfony\\Component\\Console\\Application->run()\n#46 /home/x26001/ibrahim/Hotel-Booking-System/vendor/laravel/framework/src/Illuminate/Foundation/Application.php(1235): Illuminate\\Foundation\\Console\\Kernel->handle()\n#47 /home/x26001/ibrahim/Hotel-Booking-System/artisan(16): Illuminate\\Foundation\\Application->handleCommand()\n#48 {main}', '2026-05-12 11:50:50'),
(50, '6f0b709b-2feb-422f-9bc1-584679a6d006', 'redis', 'default', '{\"uuid\":\"6f0b709b-2feb-422f-9bc1-584679a6d006\",\"displayName\":\"App\\\\Notifications\\\\AlertAdminPaymentFail\",\"job\":\"Illuminate\\\\Queue\\\\CallQueuedHandler@call\",\"maxTries\":null,\"maxExceptions\":null,\"failOnTimeout\":false,\"backoff\":null,\"timeout\":null,\"retryUntil\":null,\"data\":{\"commandName\":\"Illuminate\\\\Notifications\\\\SendQueuedNotifications\",\"command\":\"O:48:\\\"Illuminate\\\\Notifications\\\\SendQueuedNotifications\\\":3:{s:11:\\\"notifiables\\\";O:45:\\\"Illuminate\\\\Contracts\\\\Database\\\\ModelIdentifier\\\":5:{s:5:\\\"class\\\";s:15:\\\"App\\\\Models\\\\User\\\";s:2:\\\"id\\\";a:1:{i:0;i:2;}s:9:\\\"relations\\\";a:0:{}s:10:\\\"connection\\\";s:5:\\\"mysql\\\";s:15:\\\"collectionClass\\\";N;}s:12:\\\"notification\\\";O:39:\\\"App\\\\Notifications\\\\AlertAdminPaymentFail\\\":2:{s:10:\\\"\\u0000*\\u0000payment\\\";O:45:\\\"Illuminate\\\\Contracts\\\\Database\\\\ModelIdentifier\\\":5:{s:5:\\\"class\\\";s:18:\\\"App\\\\Models\\\\Payment\\\";s:2:\\\"id\\\";i:78;s:9:\\\"relations\\\";a:0:{}s:10:\\\"connection\\\";s:5:\\\"mysql\\\";s:15:\\\"collectionClass\\\";N;}s:2:\\\"id\\\";s:36:\\\"033f58d2-00e4-4465-b8fc-3e4d394e17d0\\\";}s:8:\\\"channels\\\";a:1:{i:0;s:4:\\\"mail\\\";}}\",\"batchId\":null},\"createdAt\":1778587551,\"id\":\"WTx3RoYqg52EYJ2JrlvDPkexUCFWx21D\",\"attempts\":0,\"delay\":null}', 'Symfony\\Component\\Mailer\\Exception\\UnexpectedResponseException: Expected response code \"354\" but got code \"550\", with message \"550 5.7.0 Too many emails per second. Please upgrade your plan https://mailtrap.io/billing/plans/testing\". in /home/x26001/ibrahim/Hotel-Booking-System/vendor/symfony/mailer/Transport/Smtp/SmtpTransport.php:331\nStack trace:\n#0 /home/x26001/ibrahim/Hotel-Booking-System/vendor/symfony/mailer/Transport/Smtp/SmtpTransport.php(187): Symfony\\Component\\Mailer\\Transport\\Smtp\\SmtpTransport->assertResponseCode()\n#1 /home/x26001/ibrahim/Hotel-Booking-System/vendor/symfony/mailer/Transport/Smtp/EsmtpTransport.php(150): Symfony\\Component\\Mailer\\Transport\\Smtp\\SmtpTransport->executeCommand()\n#2 /home/x26001/ibrahim/Hotel-Booking-System/vendor/symfony/mailer/Transport/Smtp/SmtpTransport.php(209): Symfony\\Component\\Mailer\\Transport\\Smtp\\EsmtpTransport->executeCommand()\n#3 /home/x26001/ibrahim/Hotel-Booking-System/vendor/symfony/mailer/Transport/AbstractTransport.php(69): Symfony\\Component\\Mailer\\Transport\\Smtp\\SmtpTransport->doSend()\n#4 /home/x26001/ibrahim/Hotel-Booking-System/vendor/symfony/mailer/Transport/Smtp/SmtpTransport.php(138): Symfony\\Component\\Mailer\\Transport\\AbstractTransport->send()\n#5 /home/x26001/ibrahim/Hotel-Booking-System/vendor/laravel/framework/src/Illuminate/Mail/Mailer.php(584): Symfony\\Component\\Mailer\\Transport\\Smtp\\SmtpTransport->send()\n#6 /home/x26001/ibrahim/Hotel-Booking-System/vendor/laravel/framework/src/Illuminate/Mail/Mailer.php(331): Illuminate\\Mail\\Mailer->sendSymfonyMessage()\n#7 /home/x26001/ibrahim/Hotel-Booking-System/vendor/laravel/framework/src/Illuminate/Notifications/Channels/MailChannel.php(66): Illuminate\\Mail\\Mailer->send()\n#8 /home/x26001/ibrahim/Hotel-Booking-System/vendor/laravel/framework/src/Illuminate/Notifications/NotificationSender.php(161): Illuminate\\Notifications\\Channels\\MailChannel->send()\n#9 /home/x26001/ibrahim/Hotel-Booking-System/vendor/laravel/framework/src/Illuminate/Notifications/NotificationSender.php(116): Illuminate\\Notifications\\NotificationSender->sendToNotifiable()\n#10 /home/x26001/ibrahim/Hotel-Booking-System/vendor/laravel/framework/src/Illuminate/Support/Traits/Localizable.php(19): Illuminate\\Notifications\\NotificationSender->Illuminate\\Notifications\\{closure}()\n#11 /home/x26001/ibrahim/Hotel-Booking-System/vendor/laravel/framework/src/Illuminate/Notifications/NotificationSender.php(111): Illuminate\\Notifications\\NotificationSender->withLocale()\n#12 /home/x26001/ibrahim/Hotel-Booking-System/vendor/laravel/framework/src/Illuminate/Notifications/ChannelManager.php(60): Illuminate\\Notifications\\NotificationSender->sendNow()\n#13 /home/x26001/ibrahim/Hotel-Booking-System/vendor/laravel/framework/src/Illuminate/Notifications/SendQueuedNotifications.php(118): Illuminate\\Notifications\\ChannelManager->sendNow()\n#14 /home/x26001/ibrahim/Hotel-Booking-System/vendor/laravel/framework/src/Illuminate/Container/BoundMethod.php(36): Illuminate\\Notifications\\SendQueuedNotifications->handle()\n#15 /home/x26001/ibrahim/Hotel-Booking-System/vendor/laravel/framework/src/Illuminate/Container/Util.php(43): Illuminate\\Container\\BoundMethod::Illuminate\\Container\\{closure}()\n#16 /home/x26001/ibrahim/Hotel-Booking-System/vendor/laravel/framework/src/Illuminate/Container/BoundMethod.php(96): Illuminate\\Container\\Util::unwrapIfClosure()\n#17 /home/x26001/ibrahim/Hotel-Booking-System/vendor/laravel/framework/src/Illuminate/Container/BoundMethod.php(35): Illuminate\\Container\\BoundMethod::callBoundMethod()\n#18 /home/x26001/ibrahim/Hotel-Booking-System/vendor/laravel/framework/src/Illuminate/Container/Container.php(799): Illuminate\\Container\\BoundMethod::call()\n#19 /home/x26001/ibrahim/Hotel-Booking-System/vendor/laravel/framework/src/Illuminate/Bus/Dispatcher.php(129): Illuminate\\Container\\Container->call()\n#20 /home/x26001/ibrahim/Hotel-Booking-System/vendor/laravel/framework/src/Illuminate/Pipeline/Pipeline.php(180): Illuminate\\Bus\\Dispatcher->Illuminate\\Bus\\{closure}()\n#21 /home/x26001/ibrahim/Hotel-Booking-System/vendor/laravel/framework/src/Illuminate/Pipeline/Pipeline.php(137): Illuminate\\Pipeline\\Pipeline->Illuminate\\Pipeline\\{closure}()\n#22 /home/x26001/ibrahim/Hotel-Booking-System/vendor/laravel/framework/src/Illuminate/Bus/Dispatcher.php(133): Illuminate\\Pipeline\\Pipeline->then()\n#23 /home/x26001/ibrahim/Hotel-Booking-System/vendor/laravel/framework/src/Illuminate/Queue/CallQueuedHandler.php(136): Illuminate\\Bus\\Dispatcher->dispatchNow()\n#24 /home/x26001/ibrahim/Hotel-Booking-System/vendor/laravel/framework/src/Illuminate/Pipeline/Pipeline.php(180): Illuminate\\Queue\\CallQueuedHandler->Illuminate\\Queue\\{closure}()\n#25 /home/x26001/ibrahim/Hotel-Booking-System/vendor/laravel/framework/src/Illuminate/Pipeline/Pipeline.php(137): Illuminate\\Pipeline\\Pipeline->Illuminate\\Pipeline\\{closure}()\n#26 /home/x26001/ibrahim/Hotel-Booking-System/vendor/laravel/framework/src/Illuminate/Queue/CallQueuedHandler.php(129): Illuminate\\Pipeline\\Pipeline->then()\n#27 /home/x26001/ibrahim/Hotel-Booking-System/vendor/laravel/framework/src/Illuminate/Queue/CallQueuedHandler.php(70): Illuminate\\Queue\\CallQueuedHandler->dispatchThroughMiddleware()\n#28 /home/x26001/ibrahim/Hotel-Booking-System/vendor/laravel/framework/src/Illuminate/Queue/Jobs/Job.php(102): Illuminate\\Queue\\CallQueuedHandler->call()\n#29 /home/x26001/ibrahim/Hotel-Booking-System/vendor/laravel/framework/src/Illuminate/Queue/Worker.php(485): Illuminate\\Queue\\Jobs\\Job->fire()\n#30 /home/x26001/ibrahim/Hotel-Booking-System/vendor/laravel/framework/src/Illuminate/Queue/Worker.php(435): Illuminate\\Queue\\Worker->process()\n#31 /home/x26001/ibrahim/Hotel-Booking-System/vendor/laravel/framework/src/Illuminate/Queue/Worker.php(201): Illuminate\\Queue\\Worker->runJob()\n#32 /home/x26001/ibrahim/Hotel-Booking-System/vendor/laravel/framework/src/Illuminate/Queue/Console/WorkCommand.php(148): Illuminate\\Queue\\Worker->daemon()\n#33 /home/x26001/ibrahim/Hotel-Booking-System/vendor/laravel/framework/src/Illuminate/Queue/Console/WorkCommand.php(131): Illuminate\\Queue\\Console\\WorkCommand->runWorker()\n#34 /home/x26001/ibrahim/Hotel-Booking-System/vendor/laravel/framework/src/Illuminate/Container/BoundMethod.php(36): Illuminate\\Queue\\Console\\WorkCommand->handle()\n#35 /home/x26001/ibrahim/Hotel-Booking-System/vendor/laravel/framework/src/Illuminate/Container/Util.php(43): Illuminate\\Container\\BoundMethod::Illuminate\\Container\\{closure}()\n#36 /home/x26001/ibrahim/Hotel-Booking-System/vendor/laravel/framework/src/Illuminate/Container/BoundMethod.php(96): Illuminate\\Container\\Util::unwrapIfClosure()\n#37 /home/x26001/ibrahim/Hotel-Booking-System/vendor/laravel/framework/src/Illuminate/Container/BoundMethod.php(35): Illuminate\\Container\\BoundMethod::callBoundMethod()\n#38 /home/x26001/ibrahim/Hotel-Booking-System/vendor/laravel/framework/src/Illuminate/Container/Container.php(799): Illuminate\\Container\\BoundMethod::call()\n#39 /home/x26001/ibrahim/Hotel-Booking-System/vendor/laravel/framework/src/Illuminate/Console/Command.php(211): Illuminate\\Container\\Container->call()\n#40 /home/x26001/ibrahim/Hotel-Booking-System/vendor/symfony/console/Command/Command.php(341): Illuminate\\Console\\Command->execute()\n#41 /home/x26001/ibrahim/Hotel-Booking-System/vendor/laravel/framework/src/Illuminate/Console/Command.php(180): Symfony\\Component\\Console\\Command\\Command->run()\n#42 /home/x26001/ibrahim/Hotel-Booking-System/vendor/symfony/console/Application.php(1117): Illuminate\\Console\\Command->run()\n#43 /home/x26001/ibrahim/Hotel-Booking-System/vendor/symfony/console/Application.php(356): Symfony\\Component\\Console\\Application->doRunCommand()\n#44 /home/x26001/ibrahim/Hotel-Booking-System/vendor/symfony/console/Application.php(195): Symfony\\Component\\Console\\Application->doRun()\n#45 /home/x26001/ibrahim/Hotel-Booking-System/vendor/laravel/framework/src/Illuminate/Foundation/Console/Kernel.php(198): Symfony\\Component\\Console\\Application->run()\n#46 /home/x26001/ibrahim/Hotel-Booking-System/vendor/laravel/framework/src/Illuminate/Foundation/Application.php(1235): Illuminate\\Foundation\\Console\\Kernel->handle()\n#47 /home/x26001/ibrahim/Hotel-Booking-System/artisan(16): Illuminate\\Foundation\\Application->handleCommand()\n#48 {main}', '2026-05-12 12:05:54'),
(51, '1a468126-2615-4090-9583-7374c3ab0997', 'redis', 'default', '{\"uuid\":\"1a468126-2615-4090-9583-7374c3ab0997\",\"displayName\":\"App\\\\Notifications\\\\BookingCancelNotification\",\"job\":\"Illuminate\\\\Queue\\\\CallQueuedHandler@call\",\"maxTries\":null,\"maxExceptions\":null,\"failOnTimeout\":false,\"backoff\":null,\"timeout\":null,\"retryUntil\":null,\"data\":{\"commandName\":\"Illuminate\\\\Notifications\\\\SendQueuedNotifications\",\"command\":\"O:48:\\\"Illuminate\\\\Notifications\\\\SendQueuedNotifications\\\":3:{s:11:\\\"notifiables\\\";O:45:\\\"Illuminate\\\\Contracts\\\\Database\\\\ModelIdentifier\\\":5:{s:5:\\\"class\\\";s:15:\\\"App\\\\Models\\\\User\\\";s:2:\\\"id\\\";a:1:{i:0;i:1;}s:9:\\\"relations\\\";a:0:{}s:10:\\\"connection\\\";s:5:\\\"mysql\\\";s:15:\\\"collectionClass\\\";N;}s:12:\\\"notification\\\";O:43:\\\"App\\\\Notifications\\\\BookingCancelNotification\\\":2:{s:10:\\\"\\u0000*\\u0000booking\\\";O:45:\\\"Illuminate\\\\Contracts\\\\Database\\\\ModelIdentifier\\\":5:{s:5:\\\"class\\\";s:18:\\\"App\\\\Models\\\\Booking\\\";s:2:\\\"id\\\";i:87;s:9:\\\"relations\\\";a:2:{i:0;s:4:\\\"user\\\";i:1;s:7:\\\"payment\\\";}s:10:\\\"connection\\\";s:5:\\\"mysql\\\";s:15:\\\"collectionClass\\\";N;}s:2:\\\"id\\\";s:36:\\\"7cc42f66-bc98-4b06-9951-57014d33667c\\\";}s:8:\\\"channels\\\";a:1:{i:0;s:4:\\\"mail\\\";}}\",\"batchId\":null},\"createdAt\":1778587551,\"id\":\"5jLrT2vihYeVMliTAaPp8D2NYln17tgg\",\"attempts\":0,\"delay\":null}', 'Symfony\\Component\\Mailer\\Exception\\UnexpectedResponseException: Expected response code \"354\" but got code \"550\", with message \"550 5.7.0 Too many emails per second. Please upgrade your plan https://mailtrap.io/billing/plans/testing\". in /home/x26001/ibrahim/Hotel-Booking-System/vendor/symfony/mailer/Transport/Smtp/SmtpTransport.php:331\nStack trace:\n#0 /home/x26001/ibrahim/Hotel-Booking-System/vendor/symfony/mailer/Transport/Smtp/SmtpTransport.php(187): Symfony\\Component\\Mailer\\Transport\\Smtp\\SmtpTransport->assertResponseCode()\n#1 /home/x26001/ibrahim/Hotel-Booking-System/vendor/symfony/mailer/Transport/Smtp/EsmtpTransport.php(150): Symfony\\Component\\Mailer\\Transport\\Smtp\\SmtpTransport->executeCommand()\n#2 /home/x26001/ibrahim/Hotel-Booking-System/vendor/symfony/mailer/Transport/Smtp/SmtpTransport.php(209): Symfony\\Component\\Mailer\\Transport\\Smtp\\EsmtpTransport->executeCommand()\n#3 /home/x26001/ibrahim/Hotel-Booking-System/vendor/symfony/mailer/Transport/AbstractTransport.php(69): Symfony\\Component\\Mailer\\Transport\\Smtp\\SmtpTransport->doSend()\n#4 /home/x26001/ibrahim/Hotel-Booking-System/vendor/symfony/mailer/Transport/Smtp/SmtpTransport.php(138): Symfony\\Component\\Mailer\\Transport\\AbstractTransport->send()\n#5 /home/x26001/ibrahim/Hotel-Booking-System/vendor/laravel/framework/src/Illuminate/Mail/Mailer.php(584): Symfony\\Component\\Mailer\\Transport\\Smtp\\SmtpTransport->send()\n#6 /home/x26001/ibrahim/Hotel-Booking-System/vendor/laravel/framework/src/Illuminate/Mail/Mailer.php(331): Illuminate\\Mail\\Mailer->sendSymfonyMessage()\n#7 /home/x26001/ibrahim/Hotel-Booking-System/vendor/laravel/framework/src/Illuminate/Notifications/Channels/MailChannel.php(66): Illuminate\\Mail\\Mailer->send()\n#8 /home/x26001/ibrahim/Hotel-Booking-System/vendor/laravel/framework/src/Illuminate/Notifications/NotificationSender.php(161): Illuminate\\Notifications\\Channels\\MailChannel->send()\n#9 /home/x26001/ibrahim/Hotel-Booking-System/vendor/laravel/framework/src/Illuminate/Notifications/NotificationSender.php(116): Illuminate\\Notifications\\NotificationSender->sendToNotifiable()\n#10 /home/x26001/ibrahim/Hotel-Booking-System/vendor/laravel/framework/src/Illuminate/Support/Traits/Localizable.php(19): Illuminate\\Notifications\\NotificationSender->Illuminate\\Notifications\\{closure}()\n#11 /home/x26001/ibrahim/Hotel-Booking-System/vendor/laravel/framework/src/Illuminate/Notifications/NotificationSender.php(111): Illuminate\\Notifications\\NotificationSender->withLocale()\n#12 /home/x26001/ibrahim/Hotel-Booking-System/vendor/laravel/framework/src/Illuminate/Notifications/ChannelManager.php(60): Illuminate\\Notifications\\NotificationSender->sendNow()\n#13 /home/x26001/ibrahim/Hotel-Booking-System/vendor/laravel/framework/src/Illuminate/Notifications/SendQueuedNotifications.php(118): Illuminate\\Notifications\\ChannelManager->sendNow()\n#14 /home/x26001/ibrahim/Hotel-Booking-System/vendor/laravel/framework/src/Illuminate/Container/BoundMethod.php(36): Illuminate\\Notifications\\SendQueuedNotifications->handle()\n#15 /home/x26001/ibrahim/Hotel-Booking-System/vendor/laravel/framework/src/Illuminate/Container/Util.php(43): Illuminate\\Container\\BoundMethod::Illuminate\\Container\\{closure}()\n#16 /home/x26001/ibrahim/Hotel-Booking-System/vendor/laravel/framework/src/Illuminate/Container/BoundMethod.php(96): Illuminate\\Container\\Util::unwrapIfClosure()\n#17 /home/x26001/ibrahim/Hotel-Booking-System/vendor/laravel/framework/src/Illuminate/Container/BoundMethod.php(35): Illuminate\\Container\\BoundMethod::callBoundMethod()\n#18 /home/x26001/ibrahim/Hotel-Booking-System/vendor/laravel/framework/src/Illuminate/Container/Container.php(799): Illuminate\\Container\\BoundMethod::call()\n#19 /home/x26001/ibrahim/Hotel-Booking-System/vendor/laravel/framework/src/Illuminate/Bus/Dispatcher.php(129): Illuminate\\Container\\Container->call()\n#20 /home/x26001/ibrahim/Hotel-Booking-System/vendor/laravel/framework/src/Illuminate/Pipeline/Pipeline.php(180): Illuminate\\Bus\\Dispatcher->Illuminate\\Bus\\{closure}()\n#21 /home/x26001/ibrahim/Hotel-Booking-System/vendor/laravel/framework/src/Illuminate/Pipeline/Pipeline.php(137): Illuminate\\Pipeline\\Pipeline->Illuminate\\Pipeline\\{closure}()\n#22 /home/x26001/ibrahim/Hotel-Booking-System/vendor/laravel/framework/src/Illuminate/Bus/Dispatcher.php(133): Illuminate\\Pipeline\\Pipeline->then()\n#23 /home/x26001/ibrahim/Hotel-Booking-System/vendor/laravel/framework/src/Illuminate/Queue/CallQueuedHandler.php(136): Illuminate\\Bus\\Dispatcher->dispatchNow()\n#24 /home/x26001/ibrahim/Hotel-Booking-System/vendor/laravel/framework/src/Illuminate/Pipeline/Pipeline.php(180): Illuminate\\Queue\\CallQueuedHandler->Illuminate\\Queue\\{closure}()\n#25 /home/x26001/ibrahim/Hotel-Booking-System/vendor/laravel/framework/src/Illuminate/Pipeline/Pipeline.php(137): Illuminate\\Pipeline\\Pipeline->Illuminate\\Pipeline\\{closure}()\n#26 /home/x26001/ibrahim/Hotel-Booking-System/vendor/laravel/framework/src/Illuminate/Queue/CallQueuedHandler.php(129): Illuminate\\Pipeline\\Pipeline->then()\n#27 /home/x26001/ibrahim/Hotel-Booking-System/vendor/laravel/framework/src/Illuminate/Queue/CallQueuedHandler.php(70): Illuminate\\Queue\\CallQueuedHandler->dispatchThroughMiddleware()\n#28 /home/x26001/ibrahim/Hotel-Booking-System/vendor/laravel/framework/src/Illuminate/Queue/Jobs/Job.php(102): Illuminate\\Queue\\CallQueuedHandler->call()\n#29 /home/x26001/ibrahim/Hotel-Booking-System/vendor/laravel/framework/src/Illuminate/Queue/Worker.php(485): Illuminate\\Queue\\Jobs\\Job->fire()\n#30 /home/x26001/ibrahim/Hotel-Booking-System/vendor/laravel/framework/src/Illuminate/Queue/Worker.php(435): Illuminate\\Queue\\Worker->process()\n#31 /home/x26001/ibrahim/Hotel-Booking-System/vendor/laravel/framework/src/Illuminate/Queue/Worker.php(201): Illuminate\\Queue\\Worker->runJob()\n#32 /home/x26001/ibrahim/Hotel-Booking-System/vendor/laravel/framework/src/Illuminate/Queue/Console/WorkCommand.php(148): Illuminate\\Queue\\Worker->daemon()\n#33 /home/x26001/ibrahim/Hotel-Booking-System/vendor/laravel/framework/src/Illuminate/Queue/Console/WorkCommand.php(131): Illuminate\\Queue\\Console\\WorkCommand->runWorker()\n#34 /home/x26001/ibrahim/Hotel-Booking-System/vendor/laravel/framework/src/Illuminate/Container/BoundMethod.php(36): Illuminate\\Queue\\Console\\WorkCommand->handle()\n#35 /home/x26001/ibrahim/Hotel-Booking-System/vendor/laravel/framework/src/Illuminate/Container/Util.php(43): Illuminate\\Container\\BoundMethod::Illuminate\\Container\\{closure}()\n#36 /home/x26001/ibrahim/Hotel-Booking-System/vendor/laravel/framework/src/Illuminate/Container/BoundMethod.php(96): Illuminate\\Container\\Util::unwrapIfClosure()\n#37 /home/x26001/ibrahim/Hotel-Booking-System/vendor/laravel/framework/src/Illuminate/Container/BoundMethod.php(35): Illuminate\\Container\\BoundMethod::callBoundMethod()\n#38 /home/x26001/ibrahim/Hotel-Booking-System/vendor/laravel/framework/src/Illuminate/Container/Container.php(799): Illuminate\\Container\\BoundMethod::call()\n#39 /home/x26001/ibrahim/Hotel-Booking-System/vendor/laravel/framework/src/Illuminate/Console/Command.php(211): Illuminate\\Container\\Container->call()\n#40 /home/x26001/ibrahim/Hotel-Booking-System/vendor/symfony/console/Command/Command.php(341): Illuminate\\Console\\Command->execute()\n#41 /home/x26001/ibrahim/Hotel-Booking-System/vendor/laravel/framework/src/Illuminate/Console/Command.php(180): Symfony\\Component\\Console\\Command\\Command->run()\n#42 /home/x26001/ibrahim/Hotel-Booking-System/vendor/symfony/console/Application.php(1117): Illuminate\\Console\\Command->run()\n#43 /home/x26001/ibrahim/Hotel-Booking-System/vendor/symfony/console/Application.php(356): Symfony\\Component\\Console\\Application->doRunCommand()\n#44 /home/x26001/ibrahim/Hotel-Booking-System/vendor/symfony/console/Application.php(195): Symfony\\Component\\Console\\Application->doRun()\n#45 /home/x26001/ibrahim/Hotel-Booking-System/vendor/laravel/framework/src/Illuminate/Foundation/Console/Kernel.php(198): Symfony\\Component\\Console\\Application->run()\n#46 /home/x26001/ibrahim/Hotel-Booking-System/vendor/laravel/framework/src/Illuminate/Foundation/Application.php(1235): Illuminate\\Foundation\\Console\\Kernel->handle()\n#47 /home/x26001/ibrahim/Hotel-Booking-System/artisan(16): Illuminate\\Foundation\\Application->handleCommand()\n#48 {main}', '2026-05-12 12:05:55');
INSERT INTO `failed_jobs` (`id`, `uuid`, `connection`, `queue`, `payload`, `exception`, `failed_at`) VALUES
(52, '5e3ab5b0-202c-41ac-abd8-a130f0f5e508', 'redis', 'default', '{\"uuid\":\"5e3ab5b0-202c-41ac-abd8-a130f0f5e508\",\"displayName\":\"App\\\\Notifications\\\\BookingConfirmNotification\",\"job\":\"Illuminate\\\\Queue\\\\CallQueuedHandler@call\",\"maxTries\":null,\"maxExceptions\":null,\"failOnTimeout\":false,\"backoff\":null,\"timeout\":null,\"retryUntil\":null,\"data\":{\"commandName\":\"Illuminate\\\\Notifications\\\\SendQueuedNotifications\",\"command\":\"O:48:\\\"Illuminate\\\\Notifications\\\\SendQueuedNotifications\\\":3:{s:11:\\\"notifiables\\\";O:45:\\\"Illuminate\\\\Contracts\\\\Database\\\\ModelIdentifier\\\":5:{s:5:\\\"class\\\";s:15:\\\"App\\\\Models\\\\User\\\";s:2:\\\"id\\\";a:1:{i:0;i:1;}s:9:\\\"relations\\\";a:0:{}s:10:\\\"connection\\\";s:5:\\\"mysql\\\";s:15:\\\"collectionClass\\\";N;}s:12:\\\"notification\\\";O:44:\\\"App\\\\Notifications\\\\BookingConfirmNotification\\\":2:{s:10:\\\"\\u0000*\\u0000booking\\\";O:45:\\\"Illuminate\\\\Contracts\\\\Database\\\\ModelIdentifier\\\":5:{s:5:\\\"class\\\";s:18:\\\"App\\\\Models\\\\Booking\\\";s:2:\\\"id\\\";i:99;s:9:\\\"relations\\\";a:3:{i:0;s:4:\\\"user\\\";i:1;s:7:\\\"payment\\\";i:2;s:5:\\\"hotel\\\";}s:10:\\\"connection\\\";s:5:\\\"mysql\\\";s:15:\\\"collectionClass\\\";N;}s:2:\\\"id\\\";s:36:\\\"33995e29-9e46-44fe-b03b-31e41a39c9aa\\\";}s:8:\\\"channels\\\";a:1:{i:0;s:4:\\\"mail\\\";}}\",\"batchId\":null},\"createdAt\":1779371228,\"id\":\"s5ngB7aQOg02aHcgeTTtyDtZ6OPVvHzk\",\"attempts\":0,\"delay\":null}', 'Symfony\\Component\\Mailer\\Exception\\TransportException: Failed to authenticate on SMTP server with username \"b7a145c58395cc\" using the following authenticators: \"CRAM-MD5\", \"LOGIN\", \"PLAIN\". Authenticator \"CRAM-MD5\" returned \"Expected response code \"235\" but got code \"535\", with message \"535 5.7.0 The email limit is reached. Please upgrade your plan https://mailtrap.io/billing/plans/testing\".\". Authenticator \"LOGIN\" returned \"Expected response code \"334\" but got empty code.\". Authenticator \"PLAIN\" returned \"Expected response code \"235\" but got empty code.\". in /home/x26001/ibrahim/Hotel-Booking-System/vendor/symfony/mailer/Transport/Smtp/EsmtpTransport.php:269\nStack trace:\n#0 /home/x26001/ibrahim/Hotel-Booking-System/vendor/symfony/mailer/Transport/Smtp/EsmtpTransport.php(199): Symfony\\Component\\Mailer\\Transport\\Smtp\\EsmtpTransport->handleAuth()\n#1 /home/x26001/ibrahim/Hotel-Booking-System/vendor/symfony/mailer/Transport/Smtp/EsmtpTransport.php(150): Symfony\\Component\\Mailer\\Transport\\Smtp\\EsmtpTransport->doEhloCommand()\n#2 /home/x26001/ibrahim/Hotel-Booking-System/vendor/symfony/mailer/Transport/Smtp/SmtpTransport.php(244): Symfony\\Component\\Mailer\\Transport\\Smtp\\EsmtpTransport->executeCommand()\n#3 /home/x26001/ibrahim/Hotel-Booking-System/vendor/symfony/mailer/Transport/Smtp/SmtpTransport.php(270): Symfony\\Component\\Mailer\\Transport\\Smtp\\SmtpTransport->doHeloCommand()\n#4 /home/x26001/ibrahim/Hotel-Booking-System/vendor/symfony/mailer/Transport/Smtp/SmtpTransport.php(200): Symfony\\Component\\Mailer\\Transport\\Smtp\\SmtpTransport->start()\n#5 /home/x26001/ibrahim/Hotel-Booking-System/vendor/symfony/mailer/Transport/AbstractTransport.php(69): Symfony\\Component\\Mailer\\Transport\\Smtp\\SmtpTransport->doSend()\n#6 /home/x26001/ibrahim/Hotel-Booking-System/vendor/symfony/mailer/Transport/Smtp/SmtpTransport.php(138): Symfony\\Component\\Mailer\\Transport\\AbstractTransport->send()\n#7 /home/x26001/ibrahim/Hotel-Booking-System/vendor/laravel/framework/src/Illuminate/Mail/Mailer.php(584): Symfony\\Component\\Mailer\\Transport\\Smtp\\SmtpTransport->send()\n#8 /home/x26001/ibrahim/Hotel-Booking-System/vendor/laravel/framework/src/Illuminate/Mail/Mailer.php(331): Illuminate\\Mail\\Mailer->sendSymfonyMessage()\n#9 /home/x26001/ibrahim/Hotel-Booking-System/vendor/laravel/framework/src/Illuminate/Notifications/Channels/MailChannel.php(66): Illuminate\\Mail\\Mailer->send()\n#10 /home/x26001/ibrahim/Hotel-Booking-System/vendor/laravel/framework/src/Illuminate/Notifications/NotificationSender.php(161): Illuminate\\Notifications\\Channels\\MailChannel->send()\n#11 /home/x26001/ibrahim/Hotel-Booking-System/vendor/laravel/framework/src/Illuminate/Notifications/NotificationSender.php(116): Illuminate\\Notifications\\NotificationSender->sendToNotifiable()\n#12 /home/x26001/ibrahim/Hotel-Booking-System/vendor/laravel/framework/src/Illuminate/Support/Traits/Localizable.php(19): Illuminate\\Notifications\\NotificationSender->Illuminate\\Notifications\\{closure}()\n#13 /home/x26001/ibrahim/Hotel-Booking-System/vendor/laravel/framework/src/Illuminate/Notifications/NotificationSender.php(111): Illuminate\\Notifications\\NotificationSender->withLocale()\n#14 /home/x26001/ibrahim/Hotel-Booking-System/vendor/laravel/framework/src/Illuminate/Notifications/ChannelManager.php(60): Illuminate\\Notifications\\NotificationSender->sendNow()\n#15 /home/x26001/ibrahim/Hotel-Booking-System/vendor/laravel/framework/src/Illuminate/Notifications/SendQueuedNotifications.php(118): Illuminate\\Notifications\\ChannelManager->sendNow()\n#16 /home/x26001/ibrahim/Hotel-Booking-System/vendor/laravel/framework/src/Illuminate/Container/BoundMethod.php(36): Illuminate\\Notifications\\SendQueuedNotifications->handle()\n#17 /home/x26001/ibrahim/Hotel-Booking-System/vendor/laravel/framework/src/Illuminate/Container/Util.php(43): Illuminate\\Container\\BoundMethod::Illuminate\\Container\\{closure}()\n#18 /home/x26001/ibrahim/Hotel-Booking-System/vendor/laravel/framework/src/Illuminate/Container/BoundMethod.php(96): Illuminate\\Container\\Util::unwrapIfClosure()\n#19 /home/x26001/ibrahim/Hotel-Booking-System/vendor/laravel/framework/src/Illuminate/Container/BoundMethod.php(35): Illuminate\\Container\\BoundMethod::callBoundMethod()\n#20 /home/x26001/ibrahim/Hotel-Booking-System/vendor/laravel/framework/src/Illuminate/Container/Container.php(799): Illuminate\\Container\\BoundMethod::call()\n#21 /home/x26001/ibrahim/Hotel-Booking-System/vendor/laravel/framework/src/Illuminate/Bus/Dispatcher.php(129): Illuminate\\Container\\Container->call()\n#22 /home/x26001/ibrahim/Hotel-Booking-System/vendor/laravel/framework/src/Illuminate/Pipeline/Pipeline.php(180): Illuminate\\Bus\\Dispatcher->Illuminate\\Bus\\{closure}()\n#23 /home/x26001/ibrahim/Hotel-Booking-System/vendor/laravel/framework/src/Illuminate/Pipeline/Pipeline.php(137): Illuminate\\Pipeline\\Pipeline->Illuminate\\Pipeline\\{closure}()\n#24 /home/x26001/ibrahim/Hotel-Booking-System/vendor/laravel/framework/src/Illuminate/Bus/Dispatcher.php(133): Illuminate\\Pipeline\\Pipeline->then()\n#25 /home/x26001/ibrahim/Hotel-Booking-System/vendor/laravel/framework/src/Illuminate/Queue/CallQueuedHandler.php(136): Illuminate\\Bus\\Dispatcher->dispatchNow()\n#26 /home/x26001/ibrahim/Hotel-Booking-System/vendor/laravel/framework/src/Illuminate/Pipeline/Pipeline.php(180): Illuminate\\Queue\\CallQueuedHandler->Illuminate\\Queue\\{closure}()\n#27 /home/x26001/ibrahim/Hotel-Booking-System/vendor/laravel/framework/src/Illuminate/Pipeline/Pipeline.php(137): Illuminate\\Pipeline\\Pipeline->Illuminate\\Pipeline\\{closure}()\n#28 /home/x26001/ibrahim/Hotel-Booking-System/vendor/laravel/framework/src/Illuminate/Queue/CallQueuedHandler.php(129): Illuminate\\Pipeline\\Pipeline->then()\n#29 /home/x26001/ibrahim/Hotel-Booking-System/vendor/laravel/framework/src/Illuminate/Queue/CallQueuedHandler.php(70): Illuminate\\Queue\\CallQueuedHandler->dispatchThroughMiddleware()\n#30 /home/x26001/ibrahim/Hotel-Booking-System/vendor/laravel/framework/src/Illuminate/Queue/Jobs/Job.php(102): Illuminate\\Queue\\CallQueuedHandler->call()\n#31 /home/x26001/ibrahim/Hotel-Booking-System/vendor/laravel/framework/src/Illuminate/Queue/Worker.php(485): Illuminate\\Queue\\Jobs\\Job->fire()\n#32 /home/x26001/ibrahim/Hotel-Booking-System/vendor/laravel/framework/src/Illuminate/Queue/Worker.php(435): Illuminate\\Queue\\Worker->process()\n#33 /home/x26001/ibrahim/Hotel-Booking-System/vendor/laravel/framework/src/Illuminate/Queue/Worker.php(201): Illuminate\\Queue\\Worker->runJob()\n#34 /home/x26001/ibrahim/Hotel-Booking-System/vendor/laravel/framework/src/Illuminate/Queue/Console/WorkCommand.php(148): Illuminate\\Queue\\Worker->daemon()\n#35 /home/x26001/ibrahim/Hotel-Booking-System/vendor/laravel/framework/src/Illuminate/Queue/Console/WorkCommand.php(131): Illuminate\\Queue\\Console\\WorkCommand->runWorker()\n#36 /home/x26001/ibrahim/Hotel-Booking-System/vendor/laravel/framework/src/Illuminate/Container/BoundMethod.php(36): Illuminate\\Queue\\Console\\WorkCommand->handle()\n#37 /home/x26001/ibrahim/Hotel-Booking-System/vendor/laravel/framework/src/Illuminate/Container/Util.php(43): Illuminate\\Container\\BoundMethod::Illuminate\\Container\\{closure}()\n#38 /home/x26001/ibrahim/Hotel-Booking-System/vendor/laravel/framework/src/Illuminate/Container/BoundMethod.php(96): Illuminate\\Container\\Util::unwrapIfClosure()\n#39 /home/x26001/ibrahim/Hotel-Booking-System/vendor/laravel/framework/src/Illuminate/Container/BoundMethod.php(35): Illuminate\\Container\\BoundMethod::callBoundMethod()\n#40 /home/x26001/ibrahim/Hotel-Booking-System/vendor/laravel/framework/src/Illuminate/Container/Container.php(799): Illuminate\\Container\\BoundMethod::call()\n#41 /home/x26001/ibrahim/Hotel-Booking-System/vendor/laravel/framework/src/Illuminate/Console/Command.php(211): Illuminate\\Container\\Container->call()\n#42 /home/x26001/ibrahim/Hotel-Booking-System/vendor/symfony/console/Command/Command.php(341): Illuminate\\Console\\Command->execute()\n#43 /home/x26001/ibrahim/Hotel-Booking-System/vendor/laravel/framework/src/Illuminate/Console/Command.php(180): Symfony\\Component\\Console\\Command\\Command->run()\n#44 /home/x26001/ibrahim/Hotel-Booking-System/vendor/symfony/console/Application.php(1117): Illuminate\\Console\\Command->run()\n#45 /home/x26001/ibrahim/Hotel-Booking-System/vendor/symfony/console/Application.php(356): Symfony\\Component\\Console\\Application->doRunCommand()\n#46 /home/x26001/ibrahim/Hotel-Booking-System/vendor/symfony/console/Application.php(195): Symfony\\Component\\Console\\Application->doRun()\n#47 /home/x26001/ibrahim/Hotel-Booking-System/vendor/laravel/framework/src/Illuminate/Foundation/Console/Kernel.php(198): Symfony\\Component\\Console\\Application->run()\n#48 /home/x26001/ibrahim/Hotel-Booking-System/vendor/laravel/framework/src/Illuminate/Foundation/Application.php(1235): Illuminate\\Foundation\\Console\\Kernel->handle()\n#49 /home/x26001/ibrahim/Hotel-Booking-System/artisan(16): Illuminate\\Foundation\\Application->handleCommand()\n#50 {main}', '2026-05-21 13:47:12'),
(53, '95f788a1-a9b7-422f-851a-6c6fcb76c06a', 'redis', 'default', '{\"uuid\":\"95f788a1-a9b7-422f-851a-6c6fcb76c06a\",\"displayName\":\"App\\\\Notifications\\\\BookingCancelNotification\",\"job\":\"Illuminate\\\\Queue\\\\CallQueuedHandler@call\",\"maxTries\":null,\"maxExceptions\":null,\"failOnTimeout\":false,\"backoff\":null,\"timeout\":null,\"retryUntil\":null,\"data\":{\"commandName\":\"Illuminate\\\\Notifications\\\\SendQueuedNotifications\",\"command\":\"O:48:\\\"Illuminate\\\\Notifications\\\\SendQueuedNotifications\\\":3:{s:11:\\\"notifiables\\\";O:45:\\\"Illuminate\\\\Contracts\\\\Database\\\\ModelIdentifier\\\":5:{s:5:\\\"class\\\";s:15:\\\"App\\\\Models\\\\User\\\";s:2:\\\"id\\\";a:1:{i:0;i:1;}s:9:\\\"relations\\\";a:0:{}s:10:\\\"connection\\\";s:5:\\\"mysql\\\";s:15:\\\"collectionClass\\\";N;}s:12:\\\"notification\\\";O:43:\\\"App\\\\Notifications\\\\BookingCancelNotification\\\":2:{s:10:\\\"\\u0000*\\u0000booking\\\";O:45:\\\"Illuminate\\\\Contracts\\\\Database\\\\ModelIdentifier\\\":5:{s:5:\\\"class\\\";s:18:\\\"App\\\\Models\\\\Booking\\\";s:2:\\\"id\\\";i:93;s:9:\\\"relations\\\";a:1:{i:0;s:4:\\\"user\\\";}s:10:\\\"connection\\\";s:5:\\\"mysql\\\";s:15:\\\"collectionClass\\\";N;}s:2:\\\"id\\\";s:36:\\\"bca07b05-bb51-44d8-b527-3307cb671197\\\";}s:8:\\\"channels\\\";a:1:{i:0;s:4:\\\"mail\\\";}}\",\"batchId\":null},\"createdAt\":1779371689,\"id\":\"gUA60tGsEE34VupVfBaAjSeixInpW82G\",\"attempts\":0,\"delay\":null}', 'Symfony\\Component\\Mailer\\Exception\\TransportException: Failed to authenticate on SMTP server with username \"b7a145c58395cc\" using the following authenticators: \"CRAM-MD5\", \"LOGIN\", \"PLAIN\". Authenticator \"CRAM-MD5\" returned \"Expected response code \"235\" but got code \"535\", with message \"535 5.7.0 The email limit is reached. Please upgrade your plan https://mailtrap.io/billing/plans/testing\".\". Authenticator \"LOGIN\" returned \"Expected response code \"334\" but got empty code.\". Authenticator \"PLAIN\" returned \"Expected response code \"235\" but got empty code.\". in /home/x26001/ibrahim/Hotel-Booking-System/vendor/symfony/mailer/Transport/Smtp/EsmtpTransport.php:269\nStack trace:\n#0 /home/x26001/ibrahim/Hotel-Booking-System/vendor/symfony/mailer/Transport/Smtp/EsmtpTransport.php(199): Symfony\\Component\\Mailer\\Transport\\Smtp\\EsmtpTransport->handleAuth()\n#1 /home/x26001/ibrahim/Hotel-Booking-System/vendor/symfony/mailer/Transport/Smtp/EsmtpTransport.php(150): Symfony\\Component\\Mailer\\Transport\\Smtp\\EsmtpTransport->doEhloCommand()\n#2 /home/x26001/ibrahim/Hotel-Booking-System/vendor/symfony/mailer/Transport/Smtp/SmtpTransport.php(244): Symfony\\Component\\Mailer\\Transport\\Smtp\\EsmtpTransport->executeCommand()\n#3 /home/x26001/ibrahim/Hotel-Booking-System/vendor/symfony/mailer/Transport/Smtp/SmtpTransport.php(270): Symfony\\Component\\Mailer\\Transport\\Smtp\\SmtpTransport->doHeloCommand()\n#4 /home/x26001/ibrahim/Hotel-Booking-System/vendor/symfony/mailer/Transport/Smtp/SmtpTransport.php(200): Symfony\\Component\\Mailer\\Transport\\Smtp\\SmtpTransport->start()\n#5 /home/x26001/ibrahim/Hotel-Booking-System/vendor/symfony/mailer/Transport/AbstractTransport.php(69): Symfony\\Component\\Mailer\\Transport\\Smtp\\SmtpTransport->doSend()\n#6 /home/x26001/ibrahim/Hotel-Booking-System/vendor/symfony/mailer/Transport/Smtp/SmtpTransport.php(138): Symfony\\Component\\Mailer\\Transport\\AbstractTransport->send()\n#7 /home/x26001/ibrahim/Hotel-Booking-System/vendor/laravel/framework/src/Illuminate/Mail/Mailer.php(584): Symfony\\Component\\Mailer\\Transport\\Smtp\\SmtpTransport->send()\n#8 /home/x26001/ibrahim/Hotel-Booking-System/vendor/laravel/framework/src/Illuminate/Mail/Mailer.php(331): Illuminate\\Mail\\Mailer->sendSymfonyMessage()\n#9 /home/x26001/ibrahim/Hotel-Booking-System/vendor/laravel/framework/src/Illuminate/Notifications/Channels/MailChannel.php(66): Illuminate\\Mail\\Mailer->send()\n#10 /home/x26001/ibrahim/Hotel-Booking-System/vendor/laravel/framework/src/Illuminate/Notifications/NotificationSender.php(161): Illuminate\\Notifications\\Channels\\MailChannel->send()\n#11 /home/x26001/ibrahim/Hotel-Booking-System/vendor/laravel/framework/src/Illuminate/Notifications/NotificationSender.php(116): Illuminate\\Notifications\\NotificationSender->sendToNotifiable()\n#12 /home/x26001/ibrahim/Hotel-Booking-System/vendor/laravel/framework/src/Illuminate/Support/Traits/Localizable.php(19): Illuminate\\Notifications\\NotificationSender->Illuminate\\Notifications\\{closure}()\n#13 /home/x26001/ibrahim/Hotel-Booking-System/vendor/laravel/framework/src/Illuminate/Notifications/NotificationSender.php(111): Illuminate\\Notifications\\NotificationSender->withLocale()\n#14 /home/x26001/ibrahim/Hotel-Booking-System/vendor/laravel/framework/src/Illuminate/Notifications/ChannelManager.php(60): Illuminate\\Notifications\\NotificationSender->sendNow()\n#15 /home/x26001/ibrahim/Hotel-Booking-System/vendor/laravel/framework/src/Illuminate/Notifications/SendQueuedNotifications.php(118): Illuminate\\Notifications\\ChannelManager->sendNow()\n#16 /home/x26001/ibrahim/Hotel-Booking-System/vendor/laravel/framework/src/Illuminate/Container/BoundMethod.php(36): Illuminate\\Notifications\\SendQueuedNotifications->handle()\n#17 /home/x26001/ibrahim/Hotel-Booking-System/vendor/laravel/framework/src/Illuminate/Container/Util.php(43): Illuminate\\Container\\BoundMethod::Illuminate\\Container\\{closure}()\n#18 /home/x26001/ibrahim/Hotel-Booking-System/vendor/laravel/framework/src/Illuminate/Container/BoundMethod.php(96): Illuminate\\Container\\Util::unwrapIfClosure()\n#19 /home/x26001/ibrahim/Hotel-Booking-System/vendor/laravel/framework/src/Illuminate/Container/BoundMethod.php(35): Illuminate\\Container\\BoundMethod::callBoundMethod()\n#20 /home/x26001/ibrahim/Hotel-Booking-System/vendor/laravel/framework/src/Illuminate/Container/Container.php(799): Illuminate\\Container\\BoundMethod::call()\n#21 /home/x26001/ibrahim/Hotel-Booking-System/vendor/laravel/framework/src/Illuminate/Bus/Dispatcher.php(129): Illuminate\\Container\\Container->call()\n#22 /home/x26001/ibrahim/Hotel-Booking-System/vendor/laravel/framework/src/Illuminate/Pipeline/Pipeline.php(180): Illuminate\\Bus\\Dispatcher->Illuminate\\Bus\\{closure}()\n#23 /home/x26001/ibrahim/Hotel-Booking-System/vendor/laravel/framework/src/Illuminate/Pipeline/Pipeline.php(137): Illuminate\\Pipeline\\Pipeline->Illuminate\\Pipeline\\{closure}()\n#24 /home/x26001/ibrahim/Hotel-Booking-System/vendor/laravel/framework/src/Illuminate/Bus/Dispatcher.php(133): Illuminate\\Pipeline\\Pipeline->then()\n#25 /home/x26001/ibrahim/Hotel-Booking-System/vendor/laravel/framework/src/Illuminate/Queue/CallQueuedHandler.php(136): Illuminate\\Bus\\Dispatcher->dispatchNow()\n#26 /home/x26001/ibrahim/Hotel-Booking-System/vendor/laravel/framework/src/Illuminate/Pipeline/Pipeline.php(180): Illuminate\\Queue\\CallQueuedHandler->Illuminate\\Queue\\{closure}()\n#27 /home/x26001/ibrahim/Hotel-Booking-System/vendor/laravel/framework/src/Illuminate/Pipeline/Pipeline.php(137): Illuminate\\Pipeline\\Pipeline->Illuminate\\Pipeline\\{closure}()\n#28 /home/x26001/ibrahim/Hotel-Booking-System/vendor/laravel/framework/src/Illuminate/Queue/CallQueuedHandler.php(129): Illuminate\\Pipeline\\Pipeline->then()\n#29 /home/x26001/ibrahim/Hotel-Booking-System/vendor/laravel/framework/src/Illuminate/Queue/CallQueuedHandler.php(70): Illuminate\\Queue\\CallQueuedHandler->dispatchThroughMiddleware()\n#30 /home/x26001/ibrahim/Hotel-Booking-System/vendor/laravel/framework/src/Illuminate/Queue/Jobs/Job.php(102): Illuminate\\Queue\\CallQueuedHandler->call()\n#31 /home/x26001/ibrahim/Hotel-Booking-System/vendor/laravel/framework/src/Illuminate/Queue/Worker.php(485): Illuminate\\Queue\\Jobs\\Job->fire()\n#32 /home/x26001/ibrahim/Hotel-Booking-System/vendor/laravel/framework/src/Illuminate/Queue/Worker.php(435): Illuminate\\Queue\\Worker->process()\n#33 /home/x26001/ibrahim/Hotel-Booking-System/vendor/laravel/framework/src/Illuminate/Queue/Worker.php(201): Illuminate\\Queue\\Worker->runJob()\n#34 /home/x26001/ibrahim/Hotel-Booking-System/vendor/laravel/framework/src/Illuminate/Queue/Console/WorkCommand.php(148): Illuminate\\Queue\\Worker->daemon()\n#35 /home/x26001/ibrahim/Hotel-Booking-System/vendor/laravel/framework/src/Illuminate/Queue/Console/WorkCommand.php(131): Illuminate\\Queue\\Console\\WorkCommand->runWorker()\n#36 /home/x26001/ibrahim/Hotel-Booking-System/vendor/laravel/framework/src/Illuminate/Container/BoundMethod.php(36): Illuminate\\Queue\\Console\\WorkCommand->handle()\n#37 /home/x26001/ibrahim/Hotel-Booking-System/vendor/laravel/framework/src/Illuminate/Container/Util.php(43): Illuminate\\Container\\BoundMethod::Illuminate\\Container\\{closure}()\n#38 /home/x26001/ibrahim/Hotel-Booking-System/vendor/laravel/framework/src/Illuminate/Container/BoundMethod.php(96): Illuminate\\Container\\Util::unwrapIfClosure()\n#39 /home/x26001/ibrahim/Hotel-Booking-System/vendor/laravel/framework/src/Illuminate/Container/BoundMethod.php(35): Illuminate\\Container\\BoundMethod::callBoundMethod()\n#40 /home/x26001/ibrahim/Hotel-Booking-System/vendor/laravel/framework/src/Illuminate/Container/Container.php(799): Illuminate\\Container\\BoundMethod::call()\n#41 /home/x26001/ibrahim/Hotel-Booking-System/vendor/laravel/framework/src/Illuminate/Console/Command.php(211): Illuminate\\Container\\Container->call()\n#42 /home/x26001/ibrahim/Hotel-Booking-System/vendor/symfony/console/Command/Command.php(341): Illuminate\\Console\\Command->execute()\n#43 /home/x26001/ibrahim/Hotel-Booking-System/vendor/laravel/framework/src/Illuminate/Console/Command.php(180): Symfony\\Component\\Console\\Command\\Command->run()\n#44 /home/x26001/ibrahim/Hotel-Booking-System/vendor/symfony/console/Application.php(1117): Illuminate\\Console\\Command->run()\n#45 /home/x26001/ibrahim/Hotel-Booking-System/vendor/symfony/console/Application.php(356): Symfony\\Component\\Console\\Application->doRunCommand()\n#46 /home/x26001/ibrahim/Hotel-Booking-System/vendor/symfony/console/Application.php(195): Symfony\\Component\\Console\\Application->doRun()\n#47 /home/x26001/ibrahim/Hotel-Booking-System/vendor/laravel/framework/src/Illuminate/Foundation/Console/Kernel.php(198): Symfony\\Component\\Console\\Application->run()\n#48 /home/x26001/ibrahim/Hotel-Booking-System/vendor/laravel/framework/src/Illuminate/Foundation/Application.php(1235): Illuminate\\Foundation\\Console\\Kernel->handle()\n#49 /home/x26001/ibrahim/Hotel-Booking-System/artisan(16): Illuminate\\Foundation\\Application->handleCommand()\n#50 {main}', '2026-05-21 13:54:54'),
(54, 'af5c73ef-314c-4be5-bd8c-333ab9f0ceb3', 'redis', 'default', '{\"uuid\":\"af5c73ef-314c-4be5-bd8c-333ab9f0ceb3\",\"displayName\":\"App\\\\Notifications\\\\BookingCancelNotification\",\"job\":\"Illuminate\\\\Queue\\\\CallQueuedHandler@call\",\"maxTries\":null,\"maxExceptions\":null,\"failOnTimeout\":false,\"backoff\":null,\"timeout\":null,\"retryUntil\":null,\"data\":{\"commandName\":\"Illuminate\\\\Notifications\\\\SendQueuedNotifications\",\"command\":\"O:48:\\\"Illuminate\\\\Notifications\\\\SendQueuedNotifications\\\":3:{s:11:\\\"notifiables\\\";O:45:\\\"Illuminate\\\\Contracts\\\\Database\\\\ModelIdentifier\\\":5:{s:5:\\\"class\\\";s:15:\\\"App\\\\Models\\\\User\\\";s:2:\\\"id\\\";a:1:{i:0;i:1;}s:9:\\\"relations\\\";a:0:{}s:10:\\\"connection\\\";s:5:\\\"mysql\\\";s:15:\\\"collectionClass\\\";N;}s:12:\\\"notification\\\";O:43:\\\"App\\\\Notifications\\\\BookingCancelNotification\\\":2:{s:10:\\\"\\u0000*\\u0000booking\\\";O:45:\\\"Illuminate\\\\Contracts\\\\Database\\\\ModelIdentifier\\\":5:{s:5:\\\"class\\\";s:18:\\\"App\\\\Models\\\\Booking\\\";s:2:\\\"id\\\";i:94;s:9:\\\"relations\\\";a:1:{i:0;s:4:\\\"user\\\";}s:10:\\\"connection\\\";s:5:\\\"mysql\\\";s:15:\\\"collectionClass\\\";N;}s:2:\\\"id\\\";s:36:\\\"8b536dbb-6e5a-4aca-8cc6-b4e62f79e225\\\";}s:8:\\\"channels\\\";a:1:{i:0;s:4:\\\"mail\\\";}}\",\"batchId\":null},\"createdAt\":1779371703,\"id\":\"hNMPcSPFoWUwFEHjBGvNFT7jQSk44syj\",\"attempts\":0,\"delay\":null}', 'Symfony\\Component\\Mailer\\Exception\\TransportException: Failed to authenticate on SMTP server with username \"b7a145c58395cc\" using the following authenticators: \"CRAM-MD5\", \"LOGIN\", \"PLAIN\". Authenticator \"CRAM-MD5\" returned \"Expected response code \"235\" but got code \"535\", with message \"535 5.7.0 The email limit is reached. Please upgrade your plan https://mailtrap.io/billing/plans/testing\".\". Authenticator \"LOGIN\" returned \"Expected response code \"334\" but got empty code.\". Authenticator \"PLAIN\" returned \"Expected response code \"235\" but got empty code.\". in /home/x26001/ibrahim/Hotel-Booking-System/vendor/symfony/mailer/Transport/Smtp/EsmtpTransport.php:269\nStack trace:\n#0 /home/x26001/ibrahim/Hotel-Booking-System/vendor/symfony/mailer/Transport/Smtp/EsmtpTransport.php(199): Symfony\\Component\\Mailer\\Transport\\Smtp\\EsmtpTransport->handleAuth()\n#1 /home/x26001/ibrahim/Hotel-Booking-System/vendor/symfony/mailer/Transport/Smtp/EsmtpTransport.php(150): Symfony\\Component\\Mailer\\Transport\\Smtp\\EsmtpTransport->doEhloCommand()\n#2 /home/x26001/ibrahim/Hotel-Booking-System/vendor/symfony/mailer/Transport/Smtp/SmtpTransport.php(244): Symfony\\Component\\Mailer\\Transport\\Smtp\\EsmtpTransport->executeCommand()\n#3 /home/x26001/ibrahim/Hotel-Booking-System/vendor/symfony/mailer/Transport/Smtp/SmtpTransport.php(270): Symfony\\Component\\Mailer\\Transport\\Smtp\\SmtpTransport->doHeloCommand()\n#4 /home/x26001/ibrahim/Hotel-Booking-System/vendor/symfony/mailer/Transport/Smtp/SmtpTransport.php(200): Symfony\\Component\\Mailer\\Transport\\Smtp\\SmtpTransport->start()\n#5 /home/x26001/ibrahim/Hotel-Booking-System/vendor/symfony/mailer/Transport/AbstractTransport.php(69): Symfony\\Component\\Mailer\\Transport\\Smtp\\SmtpTransport->doSend()\n#6 /home/x26001/ibrahim/Hotel-Booking-System/vendor/symfony/mailer/Transport/Smtp/SmtpTransport.php(138): Symfony\\Component\\Mailer\\Transport\\AbstractTransport->send()\n#7 /home/x26001/ibrahim/Hotel-Booking-System/vendor/laravel/framework/src/Illuminate/Mail/Mailer.php(584): Symfony\\Component\\Mailer\\Transport\\Smtp\\SmtpTransport->send()\n#8 /home/x26001/ibrahim/Hotel-Booking-System/vendor/laravel/framework/src/Illuminate/Mail/Mailer.php(331): Illuminate\\Mail\\Mailer->sendSymfonyMessage()\n#9 /home/x26001/ibrahim/Hotel-Booking-System/vendor/laravel/framework/src/Illuminate/Notifications/Channels/MailChannel.php(66): Illuminate\\Mail\\Mailer->send()\n#10 /home/x26001/ibrahim/Hotel-Booking-System/vendor/laravel/framework/src/Illuminate/Notifications/NotificationSender.php(161): Illuminate\\Notifications\\Channels\\MailChannel->send()\n#11 /home/x26001/ibrahim/Hotel-Booking-System/vendor/laravel/framework/src/Illuminate/Notifications/NotificationSender.php(116): Illuminate\\Notifications\\NotificationSender->sendToNotifiable()\n#12 /home/x26001/ibrahim/Hotel-Booking-System/vendor/laravel/framework/src/Illuminate/Support/Traits/Localizable.php(19): Illuminate\\Notifications\\NotificationSender->Illuminate\\Notifications\\{closure}()\n#13 /home/x26001/ibrahim/Hotel-Booking-System/vendor/laravel/framework/src/Illuminate/Notifications/NotificationSender.php(111): Illuminate\\Notifications\\NotificationSender->withLocale()\n#14 /home/x26001/ibrahim/Hotel-Booking-System/vendor/laravel/framework/src/Illuminate/Notifications/ChannelManager.php(60): Illuminate\\Notifications\\NotificationSender->sendNow()\n#15 /home/x26001/ibrahim/Hotel-Booking-System/vendor/laravel/framework/src/Illuminate/Notifications/SendQueuedNotifications.php(118): Illuminate\\Notifications\\ChannelManager->sendNow()\n#16 /home/x26001/ibrahim/Hotel-Booking-System/vendor/laravel/framework/src/Illuminate/Container/BoundMethod.php(36): Illuminate\\Notifications\\SendQueuedNotifications->handle()\n#17 /home/x26001/ibrahim/Hotel-Booking-System/vendor/laravel/framework/src/Illuminate/Container/Util.php(43): Illuminate\\Container\\BoundMethod::Illuminate\\Container\\{closure}()\n#18 /home/x26001/ibrahim/Hotel-Booking-System/vendor/laravel/framework/src/Illuminate/Container/BoundMethod.php(96): Illuminate\\Container\\Util::unwrapIfClosure()\n#19 /home/x26001/ibrahim/Hotel-Booking-System/vendor/laravel/framework/src/Illuminate/Container/BoundMethod.php(35): Illuminate\\Container\\BoundMethod::callBoundMethod()\n#20 /home/x26001/ibrahim/Hotel-Booking-System/vendor/laravel/framework/src/Illuminate/Container/Container.php(799): Illuminate\\Container\\BoundMethod::call()\n#21 /home/x26001/ibrahim/Hotel-Booking-System/vendor/laravel/framework/src/Illuminate/Bus/Dispatcher.php(129): Illuminate\\Container\\Container->call()\n#22 /home/x26001/ibrahim/Hotel-Booking-System/vendor/laravel/framework/src/Illuminate/Pipeline/Pipeline.php(180): Illuminate\\Bus\\Dispatcher->Illuminate\\Bus\\{closure}()\n#23 /home/x26001/ibrahim/Hotel-Booking-System/vendor/laravel/framework/src/Illuminate/Pipeline/Pipeline.php(137): Illuminate\\Pipeline\\Pipeline->Illuminate\\Pipeline\\{closure}()\n#24 /home/x26001/ibrahim/Hotel-Booking-System/vendor/laravel/framework/src/Illuminate/Bus/Dispatcher.php(133): Illuminate\\Pipeline\\Pipeline->then()\n#25 /home/x26001/ibrahim/Hotel-Booking-System/vendor/laravel/framework/src/Illuminate/Queue/CallQueuedHandler.php(136): Illuminate\\Bus\\Dispatcher->dispatchNow()\n#26 /home/x26001/ibrahim/Hotel-Booking-System/vendor/laravel/framework/src/Illuminate/Pipeline/Pipeline.php(180): Illuminate\\Queue\\CallQueuedHandler->Illuminate\\Queue\\{closure}()\n#27 /home/x26001/ibrahim/Hotel-Booking-System/vendor/laravel/framework/src/Illuminate/Pipeline/Pipeline.php(137): Illuminate\\Pipeline\\Pipeline->Illuminate\\Pipeline\\{closure}()\n#28 /home/x26001/ibrahim/Hotel-Booking-System/vendor/laravel/framework/src/Illuminate/Queue/CallQueuedHandler.php(129): Illuminate\\Pipeline\\Pipeline->then()\n#29 /home/x26001/ibrahim/Hotel-Booking-System/vendor/laravel/framework/src/Illuminate/Queue/CallQueuedHandler.php(70): Illuminate\\Queue\\CallQueuedHandler->dispatchThroughMiddleware()\n#30 /home/x26001/ibrahim/Hotel-Booking-System/vendor/laravel/framework/src/Illuminate/Queue/Jobs/Job.php(102): Illuminate\\Queue\\CallQueuedHandler->call()\n#31 /home/x26001/ibrahim/Hotel-Booking-System/vendor/laravel/framework/src/Illuminate/Queue/Worker.php(485): Illuminate\\Queue\\Jobs\\Job->fire()\n#32 /home/x26001/ibrahim/Hotel-Booking-System/vendor/laravel/framework/src/Illuminate/Queue/Worker.php(435): Illuminate\\Queue\\Worker->process()\n#33 /home/x26001/ibrahim/Hotel-Booking-System/vendor/laravel/framework/src/Illuminate/Queue/Worker.php(201): Illuminate\\Queue\\Worker->runJob()\n#34 /home/x26001/ibrahim/Hotel-Booking-System/vendor/laravel/framework/src/Illuminate/Queue/Console/WorkCommand.php(148): Illuminate\\Queue\\Worker->daemon()\n#35 /home/x26001/ibrahim/Hotel-Booking-System/vendor/laravel/framework/src/Illuminate/Queue/Console/WorkCommand.php(131): Illuminate\\Queue\\Console\\WorkCommand->runWorker()\n#36 /home/x26001/ibrahim/Hotel-Booking-System/vendor/laravel/framework/src/Illuminate/Container/BoundMethod.php(36): Illuminate\\Queue\\Console\\WorkCommand->handle()\n#37 /home/x26001/ibrahim/Hotel-Booking-System/vendor/laravel/framework/src/Illuminate/Container/Util.php(43): Illuminate\\Container\\BoundMethod::Illuminate\\Container\\{closure}()\n#38 /home/x26001/ibrahim/Hotel-Booking-System/vendor/laravel/framework/src/Illuminate/Container/BoundMethod.php(96): Illuminate\\Container\\Util::unwrapIfClosure()\n#39 /home/x26001/ibrahim/Hotel-Booking-System/vendor/laravel/framework/src/Illuminate/Container/BoundMethod.php(35): Illuminate\\Container\\BoundMethod::callBoundMethod()\n#40 /home/x26001/ibrahim/Hotel-Booking-System/vendor/laravel/framework/src/Illuminate/Container/Container.php(799): Illuminate\\Container\\BoundMethod::call()\n#41 /home/x26001/ibrahim/Hotel-Booking-System/vendor/laravel/framework/src/Illuminate/Console/Command.php(211): Illuminate\\Container\\Container->call()\n#42 /home/x26001/ibrahim/Hotel-Booking-System/vendor/symfony/console/Command/Command.php(341): Illuminate\\Console\\Command->execute()\n#43 /home/x26001/ibrahim/Hotel-Booking-System/vendor/laravel/framework/src/Illuminate/Console/Command.php(180): Symfony\\Component\\Console\\Command\\Command->run()\n#44 /home/x26001/ibrahim/Hotel-Booking-System/vendor/symfony/console/Application.php(1117): Illuminate\\Console\\Command->run()\n#45 /home/x26001/ibrahim/Hotel-Booking-System/vendor/symfony/console/Application.php(356): Symfony\\Component\\Console\\Application->doRunCommand()\n#46 /home/x26001/ibrahim/Hotel-Booking-System/vendor/symfony/console/Application.php(195): Symfony\\Component\\Console\\Application->doRun()\n#47 /home/x26001/ibrahim/Hotel-Booking-System/vendor/laravel/framework/src/Illuminate/Foundation/Console/Kernel.php(198): Symfony\\Component\\Console\\Application->run()\n#48 /home/x26001/ibrahim/Hotel-Booking-System/vendor/laravel/framework/src/Illuminate/Foundation/Application.php(1235): Illuminate\\Foundation\\Console\\Kernel->handle()\n#49 /home/x26001/ibrahim/Hotel-Booking-System/artisan(16): Illuminate\\Foundation\\Application->handleCommand()\n#50 {main}', '2026-05-21 13:55:06'),
(55, '40d6b8de-00f2-4427-b56d-4dab952678b8', 'redis', 'default', '{\"uuid\":\"40d6b8de-00f2-4427-b56d-4dab952678b8\",\"timeout\":null,\"id\":\"CdVEcAUOEw1lc5sF3BD2HgAq3rXsMJ4I\",\"job\":\"Illuminate\\\\Queue\\\\CallQueuedHandler@call\",\"backoff\":null,\"displayName\":\"App\\\\Notifications\\\\BookingConfirmNotification\",\"maxTries\":null,\"createdAt\":1780051143,\"failOnTimeout\":false,\"maxExceptions\":null,\"retryUntil\":null,\"data\":{\"command\":\"O:48:\\\"Illuminate\\\\Notifications\\\\SendQueuedNotifications\\\":3:{s:11:\\\"notifiables\\\";O:45:\\\"Illuminate\\\\Contracts\\\\Database\\\\ModelIdentifier\\\":5:{s:5:\\\"class\\\";s:15:\\\"App\\\\Models\\\\User\\\";s:2:\\\"id\\\";a:1:{i:0;i:1;}s:9:\\\"relations\\\";a:0:{}s:10:\\\"connection\\\";s:5:\\\"mysql\\\";s:15:\\\"collectionClass\\\";N;}s:12:\\\"notification\\\";O:44:\\\"App\\\\Notifications\\\\BookingConfirmNotification\\\":2:{s:10:\\\"\\u0000*\\u0000booking\\\";O:45:\\\"Illuminate\\\\Contracts\\\\Database\\\\ModelIdentifier\\\":5:{s:5:\\\"class\\\";s:18:\\\"App\\\\Models\\\\Booking\\\";s:2:\\\"id\\\";i:108;s:9:\\\"relations\\\";a:3:{i:0;s:4:\\\"user\\\";i:1;s:7:\\\"payment\\\";i:2;s:5:\\\"hotel\\\";}s:10:\\\"connection\\\";s:5:\\\"mysql\\\";s:15:\\\"collectionClass\\\";N;}s:2:\\\"id\\\";s:36:\\\"d41c5459-46ed-4108-b0af-ed5d8ba600ac\\\";}s:8:\\\"channels\\\";a:1:{i:0;s:4:\\\"mail\\\";}}\",\"commandName\":\"Illuminate\\\\Notifications\\\\SendQueuedNotifications\",\"batchId\":null},\"delay\":null,\"attempts\":1}', 'Illuminate\\Queue\\MaxAttemptsExceededException: App\\Notifications\\BookingConfirmNotification has been attempted too many times. in /home/x26001/ibrahim/Hotel-Booking-System/vendor/laravel/framework/src/Illuminate/Queue/MaxAttemptsExceededException.php:24\nStack trace:\n#0 /home/x26001/ibrahim/Hotel-Booking-System/vendor/laravel/framework/src/Illuminate/Queue/Worker.php(862): Illuminate\\Queue\\MaxAttemptsExceededException::forJob()\n#1 /home/x26001/ibrahim/Hotel-Booking-System/vendor/laravel/framework/src/Illuminate/Queue/Worker.php(573): Illuminate\\Queue\\Worker->maxAttemptsExceededException()\n#2 /home/x26001/ibrahim/Hotel-Booking-System/vendor/laravel/framework/src/Illuminate/Queue/Worker.php(474): Illuminate\\Queue\\Worker->markJobAsFailedIfAlreadyExceedsMaxAttempts()\n#3 /home/x26001/ibrahim/Hotel-Booking-System/vendor/laravel/framework/src/Illuminate/Queue/Worker.php(435): Illuminate\\Queue\\Worker->process()\n#4 /home/x26001/ibrahim/Hotel-Booking-System/vendor/laravel/framework/src/Illuminate/Queue/Worker.php(201): Illuminate\\Queue\\Worker->runJob()\n#5 /home/x26001/ibrahim/Hotel-Booking-System/vendor/laravel/framework/src/Illuminate/Queue/Console/WorkCommand.php(148): Illuminate\\Queue\\Worker->daemon()\n#6 /home/x26001/ibrahim/Hotel-Booking-System/vendor/laravel/framework/src/Illuminate/Queue/Console/WorkCommand.php(131): Illuminate\\Queue\\Console\\WorkCommand->runWorker()\n#7 /home/x26001/ibrahim/Hotel-Booking-System/vendor/laravel/framework/src/Illuminate/Container/BoundMethod.php(36): Illuminate\\Queue\\Console\\WorkCommand->handle()\n#8 /home/x26001/ibrahim/Hotel-Booking-System/vendor/laravel/framework/src/Illuminate/Container/Util.php(43): Illuminate\\Container\\BoundMethod::Illuminate\\Container\\{closure}()\n#9 /home/x26001/ibrahim/Hotel-Booking-System/vendor/laravel/framework/src/Illuminate/Container/BoundMethod.php(96): Illuminate\\Container\\Util::unwrapIfClosure()\n#10 /home/x26001/ibrahim/Hotel-Booking-System/vendor/laravel/framework/src/Illuminate/Container/BoundMethod.php(35): Illuminate\\Container\\BoundMethod::callBoundMethod()\n#11 /home/x26001/ibrahim/Hotel-Booking-System/vendor/laravel/framework/src/Illuminate/Container/Container.php(799): Illuminate\\Container\\BoundMethod::call()\n#12 /home/x26001/ibrahim/Hotel-Booking-System/vendor/laravel/framework/src/Illuminate/Console/Command.php(211): Illuminate\\Container\\Container->call()\n#13 /home/x26001/ibrahim/Hotel-Booking-System/vendor/symfony/console/Command/Command.php(341): Illuminate\\Console\\Command->execute()\n#14 /home/x26001/ibrahim/Hotel-Booking-System/vendor/laravel/framework/src/Illuminate/Console/Command.php(180): Symfony\\Component\\Console\\Command\\Command->run()\n#15 /home/x26001/ibrahim/Hotel-Booking-System/vendor/symfony/console/Application.php(1117): Illuminate\\Console\\Command->run()\n#16 /home/x26001/ibrahim/Hotel-Booking-System/vendor/symfony/console/Application.php(356): Symfony\\Component\\Console\\Application->doRunCommand()\n#17 /home/x26001/ibrahim/Hotel-Booking-System/vendor/symfony/console/Application.php(195): Symfony\\Component\\Console\\Application->doRun()\n#18 /home/x26001/ibrahim/Hotel-Booking-System/vendor/laravel/framework/src/Illuminate/Foundation/Console/Kernel.php(198): Symfony\\Component\\Console\\Application->run()\n#19 /home/x26001/ibrahim/Hotel-Booking-System/vendor/laravel/framework/src/Illuminate/Foundation/Application.php(1235): Illuminate\\Foundation\\Console\\Kernel->handle()\n#20 /home/x26001/ibrahim/Hotel-Booking-System/artisan(16): Illuminate\\Foundation\\Application->handleCommand()\n#21 {main}', '2026-06-01 04:44:40');

--
-- Dumping data for table `hotels`
--

INSERT INTO `hotels` (`id`, `name`, `description`, `address`, `city_id`, `pincode`, `created_at`, `updated_at`, `cancellation_charge`, `user_id`) VALUES
(1, 'The Taj Mahal Palace', 'Luxury heritage hotel overlooking the Arabian Sea, offering world-class hospitality and iconic architecture.', 'Ahmedabad, Gujarat, India', 1, '400001', '2026-04-22 05:23:19', '2026-04-22 05:30:40', 0.00, NULL),
(2, 'The Leela Palace New Delhi', 'Opulent hotel featuring royal Indian design, fine dining, and premium spa services in the heart of Delhi.', 'New Delhi, India', 78, '110023', '2026-04-22 05:23:19', '2026-04-22 06:00:05', 100.00, NULL),
(3, 'The Oberoi Rajkot', 'Elegant luxury hotel set amidst lush gardens with premium rooms and award-winning dining.', 'Umiya Chowk, 150ft Ring Road', 27, '360001', '2026-04-22 05:23:19', '2026-04-30 07:12:51', 0.00, 3),
(4, 'ITC Rajputana', 'Rajasthani-style luxury hotel offering cultural ambiance with modern comfort in Jaipur.', 'Jaipur, Rajasthan, India', 61, '302006', '2026-04-22 05:23:19', '2026-04-22 06:00:14', 150.00, 3),
(5, 'Taj Resort & Convention Centre Goa', 'Beachside resort with scenic views, infinity pool, and relaxing coastal experience.', 'West Beach, Panaji', 40, '403516', '2026-04-22 05:23:19', '2026-04-22 05:33:54', 0.00, 3),
(6, 'Burj Al Arab Jumeirah', 'Iconic 7-star luxury hotel in Dubai known for its sail-shaped design and ultra-premium services.', 'Jumeirah St, Dubai, UAE', 145, '00000', '2026-04-22 05:23:19', '2026-04-22 06:00:43', 5.00, 3),
(7, 'Hôtel Ritz Paris', 'Historic palace hotel in central Paris offering timeless elegance and luxury suites.', '15 Place Vendôme, Paris, France', 105, '75001', '2026-04-22 05:23:19', '2026-04-22 05:38:08', 0.00, 3),
(8, 'The Beverly Hills Hotel', 'Legendary luxury hotel in Los Angeles known for Hollywood glamour and premium hospitality.', '9641 Sunset Blvd, Beverly Hills, CA', 84, '90210', '2026-04-22 05:23:19', '2026-04-22 06:00:54', 10.00, 3),
(9, 'The Ritz-Carlton Riyadh', 'Grand luxury hotel featuring palatial architecture and premium services in Saudi Arabia.', 'Al Hada Area, Riyadh, Saudi Arabia', 141, '11493', '2026-04-22 05:23:19', '2026-04-27 04:49:41', 5.00, 3),
(10, 'Jeddah Hilton', 'Modern waterfront hotel offering Red Sea views and premium accommodations in Jeddah.', 'North Corniche Rd, Jeddah, Saudi Arabia', 143, '23511', '2026-04-22 05:23:19', '2026-04-22 06:01:02', 18.00, 3),
(11, 'Hotel The Grand Regency', 'A modern hotel in the heart of Rajkot offering comfortable rooms, fast WiFi, and in-house dining. Ideal for both business and leisure stays with easy access to major city attractions.', 'Dr. Yagnik Road, Near Race Course Ring Road', 27, '360001', '2026-04-22 05:42:22', '2026-04-22 05:42:22', 0.00, 3);

--
-- Dumping data for table `images`
--

INSERT INTO `images` (`id`, `imageable_type`, `imageable_id`, `path`, `created_at`, `updated_at`) VALUES
(1, 'App\\Models\\Hotel', 1, 'assets/hotel/X2uQEWxxIwY3FXlQzrLY1MCRCGsg6ZCGeJxaCWFf.jpg', '2026-04-22 05:30:40', '2026-04-22 05:30:40'),
(2, 'App\\Models\\Hotel', 2, 'assets/hotel/dCsXHl8zmK3OCwM8U7yLEqLazcoc43gxDP29tGmo.jpg', '2026-04-22 05:31:28', '2026-04-22 05:31:28'),
(3, 'App\\Models\\Hotel', 3, 'assets/hotel/Zxmp5tMbgNTjByxg9NHtLGgfukQwVFcBsqa4Lp7e.jpg', '2026-04-22 05:32:10', '2026-04-22 05:32:10'),
(4, 'App\\Models\\Hotel', 4, 'assets/hotel/n9RWAkoneQPtJTYZgAOHKDHPW9k08OoUEHoKsjMY.jpg', '2026-04-22 05:33:05', '2026-04-22 05:33:05'),
(5, 'App\\Models\\Hotel', 5, 'assets/hotel/2R4PtKRaWiHlc6ZJX4cvotvHVZUpvWeO8sI6oJkn.jpg', '2026-04-22 05:33:54', '2026-04-22 05:33:54'),
(6, 'App\\Models\\Hotel', 6, 'assets/hotel/5EcCtI2yHC0b09Kj92KTQUWnPWnuUajHDvcpp6no.jpg', '2026-04-22 05:37:50', '2026-04-22 05:37:50'),
(7, 'App\\Models\\Hotel', 7, 'assets/hotel/z5Z0oSIfdLzmCf8BY83LArwhdDuJyO9Ef5yxyeKG.jpg', '2026-04-22 05:38:08', '2026-04-22 05:38:08'),
(8, 'App\\Models\\Hotel', 8, 'assets/hotel/GB3WmKxqt3ysVGRYLPBSXcJXVYubYUdCnFkrE6uy.jpg', '2026-04-22 05:38:50', '2026-04-22 05:38:50'),
(9, 'App\\Models\\Hotel', 9, 'assets/hotel/3DjjAq4UiMsAF1eMOXcdJFA0vZFf7i3bTVRLSowJ.jpg', '2026-04-22 05:39:15', '2026-04-22 05:39:15'),
(10, 'App\\Models\\Hotel', 10, 'assets/hotel/N3NL6O13pyTNbmVZgNRBQREFTskwH0mwAEfLckd8.jpg', '2026-04-22 05:39:49', '2026-04-22 05:39:49'),
(11, 'App\\Models\\Hotel', 11, 'assets/hotel/TJDf7tuREkPGty5UDs54q7HhxbV2HVjBkEtjv6ik.jpg', '2026-04-22 05:42:22', '2026-04-22 05:42:22'),
(12, 'App\\Models\\RoomDetail', 1, 'assets/rooms/LzZg5cMDBL60YBHS8pXZgfVtUdLhZBHxPyU3n6Pc.jpg', '2026-04-22 06:44:21', '2026-04-22 06:44:21'),
(13, 'App\\Models\\Hotel', 1, 'assets/hotel/AtoZeEWG5KlxPP0uldelIfZUmpoyngbg7hKiyFMQ.jpg', '2026-04-22 07:21:02', '2026-04-22 07:21:02'),
(14, 'App\\Models\\Hotel', 1, 'assets/hotel/3VhmbvuA9uULfv90H5nBxnuPtFRnRH0r69p1kihE.jpg', '2026-04-22 07:21:02', '2026-04-22 07:21:02'),
(15, 'App\\Models\\Hotel', 1, 'assets/hotel/6MH4XWJUAGmfzRqgbX9FP1eZVWI4o5l2fz284AEe.jpg', '2026-04-22 07:21:02', '2026-04-22 07:21:02'),
(16, 'App\\Models\\RoomDetail', 2, 'assets/rooms/Mte0YaoYMPiMCvxJJgpgoNjaUTjHjgLCdWLWoqvu.jpg', '2026-04-22 07:35:19', '2026-04-22 07:35:19'),
(17, 'App\\Models\\RoomDetail', 3, 'assets/rooms/856q4qezAexu298JBr4QnPvIbsmXMGK0UPE6fTqa.jpg', '2026-04-22 07:38:07', '2026-04-22 07:38:07'),
(18, 'App\\Models\\RoomDetail', 4, 'assets/rooms/bXjIxOl01EJ2aHsjb3p8HaT13CWcezFdstOQdV1P.jpg', '2026-04-22 07:46:48', '2026-04-22 07:46:48'),
(19, 'App\\Models\\RoomDetail', 5, 'assets/rooms/oGILXG0cEKCR516BvUOwtpn2WJlM8MZZGSAZSAVI.jpg', '2026-04-22 07:59:13', '2026-04-22 07:59:13'),
(20, 'App\\Models\\RoomDetail', 37, 'assets/rooms/a3DGKpzhXq5WmeIkJSpe4wN3KclU1T3mEwm5Wd1v.jpg', '2026-04-22 08:19:32', '2026-04-22 08:19:32'),
(21, 'App\\Models\\RoomDetail', 38, 'assets/rooms/JoTnWPoGXGVtjvqQgT7IHWXGr62AcuUeYEQXFArr.jpg', '2026-04-22 08:21:12', '2026-04-22 08:21:12'),
(22, 'App\\Models\\RoomDetail', 36, 'assets/rooms/28ScvdjIR8IWv2L3PihH79gZS2Aulaa2UIF5aKAL.jpg', '2026-04-22 08:21:28', '2026-04-22 08:21:28'),
(23, 'App\\Models\\RoomDetail', 35, 'assets/rooms/tcNDS9bmzloJJ4NZTVfB8vkwftjAkgX7R6Rr8CVF.jpg', '2026-04-22 08:21:41', '2026-04-22 08:21:41'),
(24, 'App\\Models\\RoomDetail', 34, 'assets/rooms/wqV7VdZkRcJnRWXKKCULjuuozRmWKGFQAPcc3dQx.jpg', '2026-04-22 08:23:03', '2026-04-22 08:23:03'),
(25, 'App\\Models\\RoomDetail', 9, 'assets/rooms/92FECN4ylp10mlRxLjDPrBXzhrfqhoeOoM9evObZ.jpg', '2026-04-22 08:23:58', '2026-04-22 08:23:58'),
(26, 'App\\Models\\RoomDetail', 8, 'assets/rooms/bveZ4QrwJbPrx04P9XpxnBAfH5XiqBS4UiKsb0qi.jpg', '2026-04-22 08:24:36', '2026-04-22 08:24:36'),
(27, 'App\\Models\\RoomDetail', 7, 'assets/rooms/FGVsLa0HKRAdtrqHTaTM4WGpYbyVp9iByOTXMO9i.jpg', '2026-04-22 08:25:13', '2026-04-22 08:25:13'),
(28, 'App\\Models\\RoomDetail', 6, 'assets/rooms/1H0w1PGy53icBMQ5zUw8O8lAA3rhWSJKpJuO0jG5.jpg', '2026-04-22 08:25:24', '2026-04-22 08:25:24'),
(29, 'App\\Models\\RoomDetail', 13, 'assets/rooms/ZfxwlaahMmTv3tgvMxySJZzXVUJPrwuJTo0uBlOL.jpg', '2026-04-22 08:26:50', '2026-04-22 08:26:50'),
(30, 'App\\Models\\RoomDetail', 12, 'assets/rooms/NYBUMdbh3r3GxEzbSAHrBqaP4vcOADsHZuaPNILP.jpg', '2026-04-22 08:27:03', '2026-04-22 08:27:03'),
(31, 'App\\Models\\RoomDetail', 11, 'assets/rooms/eG3ZJSaT2406faoZY2gXr1izuyOjJEY3cwtENMYw.jpg', '2026-04-22 08:27:14', '2026-04-22 08:27:14'),
(32, 'App\\Models\\RoomDetail', 10, 'assets/rooms/n96BKrOw0FRZyobkNFE8Yh3ahAYB3bcAgRevGdtu.jpg', '2026-04-22 08:28:00', '2026-04-22 08:28:00'),
(33, 'App\\Models\\RoomDetail', 17, 'assets/rooms/jXVd4sR1TwfI6WuN1utXLaivxShquka7s1znqjK2.jpg', '2026-04-22 08:28:31', '2026-04-22 08:28:31'),
(34, 'App\\Models\\RoomDetail', 16, 'assets/rooms/DCxvtFRAmgCDrNR21jprzvWlYuRTwENiYsVeJNEQ.jpg', '2026-04-22 08:28:39', '2026-04-22 08:28:39'),
(35, 'App\\Models\\RoomDetail', 15, 'assets/rooms/yFl9twWsPABxte1feRwbaYepvj3MwKR5P1oEZJcM.jpg', '2026-04-22 08:28:53', '2026-04-22 08:28:53'),
(36, 'App\\Models\\RoomDetail', 14, 'assets/rooms/cmccztYe6iQDtCkFdcWijir1tV46aX2DNotjGVTN.jpg', '2026-04-22 08:29:05', '2026-04-22 08:29:05'),
(37, 'App\\Models\\RoomDetail', 21, 'assets/rooms/9BPLeCko2gXq2mWv1hfoQkm1DKbBp3n1jYETeK2h.jpg', '2026-04-22 08:30:59', '2026-04-22 08:30:59'),
(38, 'App\\Models\\RoomDetail', 20, 'assets/rooms/LAKKqKj5BOlX7ydt3qAkHLgQq136CqvfudV1tFeu.jpg', '2026-04-22 08:31:16', '2026-04-22 08:31:16'),
(39, 'App\\Models\\RoomDetail', 19, 'assets/rooms/rsK2xm3B83MD1jXLzODeCLi1BqjHZkyQKNWbnQWl.png', '2026-04-22 08:32:20', '2026-04-22 08:32:20'),
(40, 'App\\Models\\RoomDetail', 18, 'assets/rooms/Rjjc9sI6GplsIr5XV58ZUaeAnuhlV084EstjJmdF.jpg', '2026-04-22 08:33:00', '2026-04-22 08:33:00'),
(41, 'App\\Models\\RoomDetail', 25, 'assets/rooms/33izZd1rdfOraSECkmPLakugAgUcSgIqHCklVUkm.jpg', '2026-04-22 08:35:14', '2026-04-22 08:35:14'),
(43, 'App\\Models\\RoomDetail', 23, 'assets/rooms/tkEhgbm5TAyjga7H9Fa7A0bmeiR8KWozDJOhZIWh.jpg', '2026-04-22 08:36:22', '2026-04-22 08:36:22'),
(44, 'App\\Models\\RoomDetail', 24, 'assets/rooms/He2QrG61sDsh5I8NTnP6DTeokBwaofs8wPPYGdtn.jpg', '2026-04-22 08:36:43', '2026-04-22 08:36:43'),
(45, 'App\\Models\\RoomDetail', 22, 'assets/rooms/fk8N15OFMY9Y9QVhYd2RhGF4RMwDWba7SPZjE3VA.jpg', '2026-04-22 08:37:03', '2026-04-22 08:37:03'),
(46, 'App\\Models\\RoomDetail', 29, 'assets/rooms/tEYEd6tQeosNgFwtdT18LKETSDsNJcwrYOtRZ7B6.jpg', '2026-04-22 08:51:20', '2026-04-22 08:51:20'),
(48, 'App\\Models\\RoomDetail', 27, 'assets/rooms/2kDeOCEnAZRPi4rDqNpAfAxccikShGE0DkdUdSD7.jpg', '2026-04-22 08:52:09', '2026-04-22 08:52:09'),
(49, 'App\\Models\\RoomDetail', 28, 'assets/rooms/HR7R5v7EqSPQpiriK34XcZJw1KLejHkORTZNkB3m.jpg', '2026-04-22 08:52:28', '2026-04-22 08:52:28'),
(50, 'App\\Models\\RoomDetail', 26, 'assets/rooms/9TpwwhXfgHAX3J6zrOPiXx05WSxoz3kN3TqfZ0hn.jpg', '2026-04-22 08:53:36', '2026-04-22 08:53:36'),
(51, 'App\\Models\\RoomDetail', 33, 'assets/rooms/AO0kGLpqQ6jmRV8wScns1bW82CW6EcTnfllpshZ2.jpg', '2026-04-22 08:54:15', '2026-04-22 08:54:15'),
(52, 'App\\Models\\RoomDetail', 32, 'assets/rooms/eDr6baRsvp7NXiypKmxVQPLXq7Olxt9u5sgqKLdw.jpg', '2026-04-22 08:54:34', '2026-04-22 08:54:34'),
(53, 'App\\Models\\RoomDetail', 31, 'assets/rooms/bfJGOTOhFoBh3Pnxgx1OecwsOyE7QmBJsQwz5l1o.jpg', '2026-04-22 08:54:48', '2026-04-22 08:54:48'),
(54, 'App\\Models\\RoomDetail', 30, 'assets/rooms/7au7hNbV1ywtWJd7ba0iPAVGMtSMY8Ka77fUtECK.jpg', '2026-04-22 08:55:10', '2026-04-22 08:55:10'),
(55, 'App\\Models\\RoomDetail', 45, 'assets/rooms/h029uEEDTHnWurqNKaCHMPMPDmseLSZ7MVD1s9tX.jpg', '2026-04-22 08:56:01', '2026-04-22 08:56:01'),
(56, 'App\\Models\\RoomDetail', 44, 'assets/rooms/aYxErWFBTP11m6aBeDi4r2r9GWlLsDwdMkw3OFt0.jpg', '2026-04-22 08:56:20', '2026-04-22 08:56:20'),
(57, 'App\\Models\\RoomDetail', 43, 'assets/rooms/0ZgZEsaRHWowQ1KFUo0skFHiFYO2JmIqXHACyIx7.jpg', '2026-04-22 08:56:36', '2026-04-22 08:56:36'),
(58, 'App\\Models\\RoomDetail', 42, 'assets/rooms/L0VKVNAdLaL1grf7oF885I1X5KhNWMH02BEtyMft.jpg', '2026-04-22 08:56:50', '2026-04-22 08:56:50'),
(59, 'App\\Models\\RoomDetail', 41, 'assets/rooms/Sd6ymV2tnedTe4pvwrSPVz1U8C3w4wN0ZQAFe7Nf.jpg', '2026-04-22 08:57:12', '2026-04-22 08:57:12'),
(60, 'App\\Models\\RoomDetail', 40, 'assets/rooms/DaKByt9Jb3FjtbvntU8lMubTlPxiVqIE9k4DT7T6.jpg', '2026-04-22 08:57:25', '2026-04-22 08:57:25'),
(61, 'App\\Models\\RoomDetail', 39, 'assets/rooms/NTYmmXRSKl1Hkjo2aooKM1rdJdz88hPeit1LsNVv.jpg', '2026-04-22 08:57:36', '2026-04-22 08:57:36'),
(66, 'App\\Models\\RoomDetail', 47, 'assets/rooms/s0wHD68ECcU0od7IsxPejMfTBLJso3dV0dlrdORU.jpg', '2026-04-23 06:00:54', '2026-04-23 06:00:54'),
(67, 'App\\Models\\RoomDetail', 48, 'assets/rooms/qgNl4zIrVRbpY7wg6xIOLvgtoP7yhi7clzAEZXVV.jpg', '2026-04-23 06:17:14', '2026-04-23 06:17:14'),
(68, 'App\\Models\\RoomDetail', 49, 'assets/rooms/X8VPZ8NS0dVwLY4vIobNWKbtLNfzFdEf5qr9MSHz.jpg', '2026-04-23 06:25:03', '2026-04-23 06:25:03'),
(70, 'App\\Models\\RoomDetail', 50, 'assets/rooms/bjQgQZQIno9N2brHOfZgFMJstKkZyWNwhFEX1ulK.jpg', '2026-04-23 06:40:30', '2026-04-23 06:40:30'),
(71, 'App\\Models\\UserProfile', 1, 'assets/bipnLpEaYzEkMkRUDJORcPrf845QS6WWposD1rHA.png', '2026-05-01 06:50:32', '2026-05-01 06:50:32'),
(72, 'App\\Models\\RoomDetail', 51, 'assets/rooms/2k0GEbogUbDHxh0n90d1LfSH3z6mMWKYW33Axz10.jpg', '2026-05-02 05:02:15', '2026-05-02 05:02:15');

--
-- Dumping data for table `notifications`
--

INSERT INTO `notifications` (`id`, `type`, `notifiable_type`, `notifiable_id`, `data`, `read_at`, `created_at`, `updated_at`) VALUES
('033f58d2-00e4-4465-b8fc-3e4d394e17d0', 'App\\Notifications\\AlertAdminPaymentFail', 'App\\Models\\User', 2, '{\"title\":\"\\u26a0\\ufe0f Payment Failed\",\"message\":\"Payment failed for booking #1778587524ATOY0001\",\"booking_id\":87,\"amount\":\"1980.00 INR\",\"user_name\":\"Ibrahim Garana\",\"type\":\"danger\",\"url\":\"http:\\/\\/localhost\\/admin\\/bookings?search=1778587524ATOY0001\"}', NULL, '2026-05-12 12:05:53', '2026-05-12 12:05:53'),
('0bb99a12-825f-4ba5-b421-805680c83bea', 'App\\Notifications\\AlertAdminPaymentFail', 'App\\Models\\User', 2, '{\"title\":\"\\u26a0\\ufe0f Payment Failed\",\"message\":\"Payment failed for booking #1778053609AIV30016\",\"booking_id\":68,\"amount\":\"1080.00 INR\",\"user_name\":\"Anabelle Hammes\",\"type\":\"danger\",\"url\":\"http:\\/\\/localhost\\/admin\\/bookings?search=1778053609AIV30016\"}', NULL, '2026-05-06 07:51:47', '2026-05-06 07:51:47'),
('4f60c090-4e7e-4a2b-9f4f-5ff40edb3ca4', 'App\\Notifications\\AlertAdminPaymentFail', 'App\\Models\\User', 2, '{\"title\":\"\\u26a0\\ufe0f Payment Failed\",\"message\":\"Payment failed for booking #1778053609AIV30016\",\"booking_id\":68,\"amount\":\"1080.00 INR\",\"user_name\":\"Anabelle Hammes\",\"type\":\"danger\",\"url\":\"http:\\/\\/localhost\\/admin\\/bookings?search=1778053609AIV30016\"}', NULL, '2026-05-06 07:48:53', '2026-05-06 07:48:53'),
('5039a93b-9767-4700-91f7-3c0ab3c605f9', 'App\\Notifications\\AlertAdminPaymentFail', 'App\\Models\\User', 2, '{\"title\":\"\\u26a0\\ufe0f Payment Failed\",\"message\":\"Payment failed for booking #1776929182ZADO0001\",\"booking_id\":2,\"amount\":\"901.05 INR\",\"user_name\":\"Ibrahim Garana\",\"type\":\"danger\",\"url\":\"http:\\/\\/localhost\\/admin\\/bookings?search=1776929182ZADO0001\"}', NULL, '2026-04-29 11:06:01', '2026-04-29 11:06:01'),
('6ea959f4-6b12-4a6d-8e97-2b3e0b219bbc', 'App\\Notifications\\AlertAdminPaymentFail', 'App\\Models\\User', 2, '{\"title\":\"\\u26a0\\ufe0f Payment Failed\",\"message\":\"Payment failed for booking #1778053609AIV30016\",\"booking_id\":68,\"amount\":\"1080.00 INR\",\"user_name\":\"Anabelle Hammes\",\"type\":\"danger\",\"url\":\"http:\\/\\/localhost\\/admin\\/bookings?search=1778053609AIV30016\"}', NULL, '2026-05-06 07:52:11', '2026-05-06 07:52:11'),
('7947865b-ecb7-40c4-9b7c-460eee543c8e', 'App\\Notifications\\AlertAdminPaymentFail', 'App\\Models\\User', 2, '{\"title\":\"\\u26a0\\ufe0f Payment Failed\",\"message\":\"Payment failed for booking #1778053609AIV30016\",\"booking_id\":68,\"amount\":\"1080.00 INR\",\"user_name\":\"Anabelle Hammes\",\"type\":\"danger\",\"url\":\"http:\\/\\/localhost\\/admin\\/bookings?search=1778053609AIV30016\"}', NULL, '2026-05-06 07:50:21', '2026-05-06 07:50:21'),
('7f357b3c-69b1-4f4b-93c8-4bf491dd53ec', 'App\\Notifications\\AlertAdminPaymentFail', 'App\\Models\\User', 2, '{\"title\":\"\\u26a0\\ufe0f Payment Failed\",\"message\":\"Payment failed for booking #1776929182ZADO0001\",\"booking_id\":2,\"amount\":\"901.05 INR\",\"user_name\":\"Ibrahim Garana\",\"type\":\"danger\",\"url\":\"http:\\/\\/localhost\\/admin\\/bookings?search=1776929182ZADO0001\"}', NULL, '2026-04-29 11:09:47', '2026-04-29 11:09:47'),
('82448f19-386b-4180-965a-967960c3254b', 'App\\Notifications\\AlertAdminPaymentFail', 'App\\Models\\User', 2, '{\"title\":\"\\u26a0\\ufe0f Payment Failed\",\"message\":\"Payment failed for booking #1778053609AIV30016\",\"booking_id\":68,\"amount\":\"1080.00 INR\",\"user_name\":\"Anabelle Hammes\",\"type\":\"danger\",\"url\":\"http:\\/\\/localhost\\/admin\\/bookings?search=1778053609AIV30016\"}', NULL, '2026-05-06 07:49:40', '2026-05-06 07:49:40'),
('c85626a7-1620-4fd1-9669-4812e025d696', 'App\\Notifications\\AlertAdminPaymentFail', 'App\\Models\\User', 2, '{\"title\":\"\\u26a0\\ufe0f Payment Failed\",\"message\":\"Payment failed for booking #1778053383UHAG0016\",\"booking_id\":66,\"amount\":\"5220.00 INR\",\"user_name\":\"Anabelle Hammes\",\"type\":\"danger\",\"url\":\"http:\\/\\/localhost\\/admin\\/bookings?search=1778053383UHAG0016\"}', NULL, '2026-05-06 07:43:17', '2026-05-06 07:43:17'),
('d813779c-b1c1-419a-90a1-2844a858c597', 'App\\Notifications\\AlertAdminPaymentFail', 'App\\Models\\User', 2, '{\"title\":\"\\u26a0\\ufe0f Payment Failed\",\"message\":\"Payment failed for booking #1776929182ZADO0001\",\"booking_id\":2,\"amount\":\"901.05 INR\",\"user_name\":\"Ibrahim Garana\",\"type\":\"danger\",\"url\":\"http:\\/\\/localhost\\/admin\\/bookings?search=1776929182ZADO0001\"}', NULL, '2026-04-29 11:05:18', '2026-04-29 11:05:18'),
('d99e4b70-2473-4f2d-a3ba-8c02f9a79191', 'App\\Notifications\\AlertAdminPaymentFail', 'App\\Models\\User', 2, '{\"title\":\"\\u26a0\\ufe0f Payment Failed\",\"message\":\"Payment failed for booking #1776929182ZADO0001\",\"booking_id\":2,\"amount\":\"901.05 INR\",\"user_name\":\"Ibrahim Garana\",\"type\":\"danger\",\"url\":\"http:\\/\\/localhost\\/admin\\/bookings?search=1776929182ZADO0001\"}', NULL, '2026-04-29 11:07:15', '2026-04-29 11:07:15'),
('dc9b6e65-6abf-4656-9013-6c1b17312e71', 'App\\Notifications\\AlertAdminPaymentFail', 'App\\Models\\User', 2, '{\"title\":\"\\u26a0\\ufe0f Payment Failed\",\"message\":\"Payment failed for booking #1776929182ZADO0001\",\"booking_id\":2,\"amount\":\"901.05 INR\",\"user_name\":\"Ibrahim Garana\",\"type\":\"danger\",\"url\":\"http:\\/\\/localhost\\/admin\\/bookings?search=1776929182ZADO0001\"}', NULL, '2026-04-29 11:13:25', '2026-04-29 11:13:25'),
('e12fd466-56c3-4950-bf72-f3de18ec0b76', 'App\\Notifications\\AlertAdminPaymentFail', 'App\\Models\\User', 2, '{\"title\":\"\\u26a0\\ufe0f Payment Failed\",\"message\":\"Payment failed for booking #1776929182ZADO0001\",\"booking_id\":2,\"amount\":\"901.05 INR\",\"user_name\":\"Ibrahim Garana\",\"type\":\"danger\",\"url\":\"http:\\/\\/127.0.0.1:8000\\/admin\\/bookings?search=1776929182ZADO0001\"}', NULL, '2026-04-29 10:55:28', '2026-04-29 10:55:28'),
('e25edd3b-4a1e-4abd-a942-4d9a5c6a45aa', 'App\\Notifications\\AlertAdminPaymentFail', 'App\\Models\\User', 2, '{\"title\":\"\\u26a0\\ufe0f Payment Failed\",\"message\":\"Payment failed for booking #1776929182ZADO0001\",\"booking_id\":2,\"amount\":\"901.05 INR\",\"user_name\":\"Ibrahim Garana\",\"type\":\"danger\",\"url\":\"http:\\/\\/127.0.0.1:8000\\/admin\\/bookings?search=1776929182ZADO0001\"}', NULL, '2026-04-29 11:02:28', '2026-04-29 11:02:28'),
('f57277fb-dd20-4aa9-ac89-f78cef8ae3b6', 'App\\Notifications\\AlertAdminPaymentFail', 'App\\Models\\User', 2, '{\"title\":\"\\u26a0\\ufe0f Payment Failed\",\"message\":\"Payment failed for booking #1778054137L7OI0016\",\"booking_id\":69,\"amount\":\"3420.00 INR\",\"user_name\":\"Anabelle Hammes\",\"type\":\"danger\",\"url\":\"http:\\/\\/localhost\\/admin\\/bookings?search=1778054137L7OI0016\"}', NULL, '2026-05-06 07:56:00', '2026-05-06 07:56:00'),
('fed14005-385d-4ae2-a025-6940d0eead41', 'App\\Notifications\\AlertAdminPaymentFail', 'App\\Models\\User', 2, '{\"title\":\"\\u26a0\\ufe0f Payment Failed\",\"message\":\"Payment failed for booking #1776929182ZADO0001\",\"booking_id\":2,\"amount\":\"901.05 INR\",\"user_name\":\"Ibrahim Garana\",\"type\":\"danger\",\"url\":\"http:\\/\\/localhost\\/admin\\/bookings?search=1776929182ZADO0001\"}', NULL, '2026-04-29 11:03:53', '2026-04-29 11:03:53');

--
-- Dumping data for table `oauth_access_tokens`
--

INSERT INTO `oauth_access_tokens` (`id`, `user_id`, `client_id`, `name`, `scopes`, `revoked`, `created_at`, `updated_at`, `expires_at`) VALUES
('2d8b2b8419a40e84439b2ecfdf7cd82db9000ba7a9f70a0157aaed0233ae60e297a3b6146856d95e', 1, '019e7232-59ac-7126-9722-44c0f18d6090', 'API Token', '[]', 0, '2026-05-29 07:36:26', '2026-05-29 07:36:26', '2027-05-29 13:06:26'),
('bc3d6419d387785d704e797e45b34ba731384a5467b096a216e930f71e58036720f99b864ab4d1e6', 1, '019e7232-59ac-7126-9722-44c0f18d6090', 'API Token', '[]', 0, '2026-05-29 07:36:13', '2026-05-29 07:36:13', '2027-05-29 13:06:13');

--
-- Dumping data for table `oauth_clients`
--

INSERT INTO `oauth_clients` (`id`, `owner_type`, `owner_id`, `name`, `secret`, `provider`, `redirect_uris`, `grant_types`, `revoked`, `created_at`, `updated_at`) VALUES
('019e7232-59ac-7126-9722-44c0f18d6090', NULL, NULL, 'Default Client', '$2y$12$ByUZ8R8yZyygfLf2ZUvgZOmhZ83FoB.CdTkwLxZw0MUwpIEB1Ikv2', 'users', '[]', '[\"personal_access\"]', 0, '2026-05-29 05:26:02', '2026-05-29 05:26:02'),
('019e723f-3228-72dc-87ba-63c3d8a47cfa', NULL, NULL, 'Default Client', '$2y$12$9m.8vel0cjRcuXbQWH2lQOB0DYwy2fofXjuQ5k69OBs2BFlFcpj4a', 'users', '[]', '[\"password\",\"refresh_token\"]', 0, '2026-05-29 05:40:04', '2026-05-29 05:40:04');

--
-- Dumping data for table `password_reset_tokens`
--

INSERT INTO `password_reset_tokens` (`email`, `token`, `created_at`) VALUES
('ibrahim.g@techxperts.co.in', '$2y$12$AT4q3N8VDIO9aA9Sbhbofer/vcJqJNjnw6z/iYAorFlaanK4yDe/m', '2026-06-01 12:29:06');

--
-- Dumping data for table `payments`
--

INSERT INTO `payments` (`id`, `booking_id`, `gateway`, `amount`, `converted_amount`, `paid_currency`, `exchange_rate`, `currency`, `status`, `session_id`, `payment_intent_id`, `created_at`, `updated_at`) VALUES
(1, 1, 'Stripe', 8598.00, 338.93, 'AED', 0.03942000, 'INR', 1, 'cs_test_a1VEZ3ked2FyESwAkn0aydHrcStw0QwjowXeh1flLa84KtBWwhJW5989FT', NULL, '2026-04-22 08:43:31', '2026-04-22 08:43:31'),
(2, 2, 'Stripe', 36.00, 901.05, 'INR', 25.02930000, 'SAR', 6, 'cs_test_a1S2WKf5GTjAniy5GRUazI4dbCkbB7mx51clnpr2ya8b4KE89JOlxWFVVg', 'pi_3TPHedLOdhBME3Ik03qzbLNM', '2026-04-23 07:26:24', '2026-04-29 11:19:13'),
(3, 3, 'Stripe', 40.50, 4451.40, 'INR', 109.91120000, 'EUR', 1, 'cs_test_a1cygtbbOy11cI0YDxO6WbHNYtQijkXAvW3vHmaNktK8fe7iUI1HsoGdiS', 'pi_3TPKzcLOdhBME3Ik0ISCtzmY', '2026-04-23 11:00:18', '2026-04-23 11:00:26'),
(4, 8, 'Stripe', 5220.00, 5220.00, 'INR', 1.00000000, 'INR', 2, 'cs_test_a13ZeZMBqAyKTTJCf7OFoNuYercHveP1X39VlNVIISNjnl3QHgIoMTLBUX', NULL, '2026-04-23 12:29:33', '2026-04-24 12:29:33'),
(5, 14, 'Stripe', 108.00, 10170.37, 'INR', 94.17010000, 'USD', 2, 'cs_test_b1LDnJq7axMnf7ZCTldnvGzVAGBwOUA9mgxgpZdbV85DADKz8L9uZZOisD', NULL, '2026-04-24 05:19:19', '2026-04-24 05:49:17'),
(6, 15, 'Stripe', 160.00, 160.00, 'INR', 1.00000000, 'INR', 2, 'cs_test_a1T2dIHz5mQZrEZOl847Tj4f6fkGbigsSZdVRrQPWLUfjpDpNM2uCoT76H', NULL, '2026-04-16 11:14:43', '2026-04-24 11:44:43'),
(7, 16, 'Stripe', 4000.00, 4000.00, 'INR', 1.00000000, 'INR', 1, 'cs_test_a13Re4RVoezlFmxiq4m84MS43QIbZIJtOUCzBFSripFwT5r5iFdu5ryWIl', 'pi_3TQhj2LOdhBME3Ik14aScjp4', '2026-04-27 05:28:48', '2026-04-27 05:28:58'),
(8, 17, 'Stripe', 1890.00, 1890.00, 'INR', 1.00000000, 'INR', 1, 'cs_test_a1rDXEzmoOWudkLQ9qp7VDA6cBdDSbLdkcWF7GsSvQ2Yv7l7U9nFT6MvV7', NULL, '2026-04-28 06:11:40', '2026-04-28 06:11:40'),
(9, 18, 'Stripe', 3150.00, 3150.00, 'INR', 1.00000000, 'INR', 1, 'cs_test_a13KeDkZ2bckUHIHVcIsHRtR7wzrbJ1QtTWlfiV10VxbfMHnlnxUWerwxM', 'pi_3TR5CVLOdhBME3Ik0pEyer3U', '2026-04-28 06:32:50', '2026-04-28 06:32:57'),
(10, 19, 'Stripe', 3400.00, 3400.00, 'INR', 1.00000000, 'INR', 1, 'cs_test_a1MQRsa7oGEPrxV5TctWAwcDpZ1i2b54FLyKoshX7ZKOiCe6HFKqcNP9l6', 'pi_3TR607LOdhBME3Ik0ur6W9Du', '2026-04-28 07:23:12', '2026-04-28 07:24:13'),
(11, 20, 'Stripe', 128.00, 3219.88, 'INR', 25.15530000, 'SAR', 1, 'cs_test_b1ypN1t2KS5p6SOeNVQNTUd3KLAWl3B00aHr0C31UxJ1ZgnLHOYUrTrMXu', NULL, '2026-04-29 08:16:31', '2026-04-29 08:16:31'),
(12, 21, 'Stripe', 7560.00, 7560.00, 'INR', 1.00000000, 'INR', 1, 'cs_test_b17NlkvhrT9SuBAmxUh67By6kzarDZgkD9QhRbipCrrJjzgfooolNcdNpp', 'pi_3TRotuLOdhBME3Ik13Olc05K', '2026-04-30 07:20:39', '2026-04-30 07:20:48'),
(13, 22, 'Stripe', 4800.00, 4800.00, 'INR', 1.00000000, 'INR', 1, 'cs_test_a11IQYrHDf4kRNRDvAJlogWQgXgOBMHvnURJt9zTjQIffqQdg8eKZfpnmR', 'pi_3TRp2VLOdhBME3Ik1qC4bbBs', '2026-04-30 07:29:32', '2026-04-30 07:29:41'),
(14, 23, 'Stripe', 75.20, 1947.80, 'INR', 25.90160000, 'AED', 1, 'cs_test_a1dB9jxjJJz8zB9g7nadVz842dIaAR7bGYCo4S0aRyKW87V7bs00kvs7SV', 'pi_3TRqUvLOdhBME3Ik1lbd7Jrx', '2026-04-30 09:02:56', '2026-04-30 09:03:07'),
(15, 24, 'Stripe', 81485.00, 81485.00, 'INR', 1.00000000, 'INR', 4, 'cs_test_b1bvG7n8jlEGZGPv527BIafyEXZg8JTy71wYHhytFJcZzNwS4JnHm7TciD', NULL, '2026-04-30 09:24:07', '2026-04-30 09:54:06'),
(16, 25, 'Stripe', 5600.00, 5600.00, 'INR', 1.00000000, 'INR', 1, 'cs_test_a14ix2qPPz8ucjMpJbsYhwqnEL0pEM3hugMC5jmpPfBbkSZfMkAQ87vnZ9', 'pi_3TRt5rLOdhBME3Ik13e5cs6L', '2026-04-30 11:49:16', '2026-04-30 11:49:25'),
(17, 26, 'Stripe', 114500.00, 114500.00, 'INR', 1.00000000, 'INR', 1, 'cs_test_a1sZhwcDOwG8EqsgTNhdl7m16LRormkiK7c1jkrUhYOVMMMpuFMLxDdzXC', 'pi_3TRtA7LOdhBME3Ik0HiFjy1m', '2026-04-30 11:52:57', '2026-04-30 11:53:49'),
(18, 27, 'Stripe', 6300.00, 6300.00, 'INR', 1.00000000, 'INR', 1, 'cs_test_a1ID7FbIadHAqoYJMjuu2OXYwuzOpLbPEuNIdnEqAxp4RzJbdONGMJN6kN', NULL, '2026-05-01 06:18:10', '2026-05-01 06:18:10'),
(19, 28, 'Stripe', 3150.00, 3150.00, 'INR', 1.00000000, 'INR', 1, 'cs_test_a1obIdqS0Gt6ikIDmIfnV9D6TWMMRNHKNfsrWlCL8CpmlnGFEImBgmf62i', 'pi_3TSAVNLOdhBME3Ik03cVX381', '2026-05-01 06:24:47', '2026-05-01 06:24:55'),
(20, 29, 'Stripe', 96.00, 2429.38, 'INR', 25.30600000, 'SAR', 1, 'cs_test_a1S315b4Zfn6mynsefgbwVAqa5uV6U0ak6kSsMW8Nin0oAAuQij7RSdrRh', 'pi_3TSF3qLOdhBME3Ik0XXvFRsd', '2026-05-01 11:16:38', '2026-05-01 11:16:48'),
(21, 30, 'Stripe', 4800.00, 4800.00, 'INR', 1.00000000, 'INR', 1, 'cs_test_a1tomEKhi35r7MY8OwtVeCD8HSPtf3Ay5IYqzoDh3bnd18PFj88cvXPHke', 'pi_3TSUzTLOdhBME3Ik0iyCRVvm', '2026-05-02 04:17:10', '2026-05-05 08:46:39'),
(22, 31, 'Stripe', 16800.00, 16800.00, 'INR', 1.00000000, 'INR', 1, 'cs_test_a143NXxAbM2ddQwrfkuH8gGawm7XYdkMHOJ2yqrfqGkxC54TgOH44cdmQU', 'pi_3TSY9pLOdhBME3Ik0nPZYama', '2026-05-02 07:40:04', '2026-05-02 07:40:15'),
(23, 32, 'offline', 72.00, 1821.10, 'INR', 25.29300000, 'SAR', 1, 'cs_test_a1UOwtM1fOQdC8ILkRO81qC2L3zTunzqFh5MEAf2mX4UMCSzQxVw0BXFth', NULL, '2026-05-05 05:08:39', '2026-05-05 05:28:16'),
(24, 33, 'Stripe', 72.00, 1830.59, 'INR', 25.42490000, 'SAR', 1, 'cs_test_a1AkKewWjiK5JiHjdno7QgtSAwMBOhNyguyOpntgDdgKIHg7hxeQe0my4d', 'pi_3TTdb0LOdhBME3Ik168zUG1j', '2026-05-05 07:40:40', '2026-05-05 07:40:48'),
(25, 34, 'Stripe', 13000.00, 13000.00, 'INR', 1.00000000, 'INR', 1, 'cs_test_b1h4XTocmkxftowclxK2ZiWTfNBwmVW4CooiEoCxoqQl6jdtkY8cg1lODF', 'pi_3TTegSLOdhBME3Ik1UDbpJOO', '2026-05-05 08:49:58', '2026-05-05 08:51:27'),
(26, 35, 'Stripe', 6300.00, 6300.00, 'INR', 1.00000000, 'INR', 1, 'cs_test_a10e33RsKrrT7I23saODZr2bVoqGEW0iGsprflC7uISK3scbBvA8hL0i89', 'pi_3TTelILOdhBME3Ik0Krb84Ec', '2026-05-05 08:52:54', '2026-05-05 08:55:29'),
(27, 36, 'Stripe', 11000.00, 11000.00, 'INR', 1.00000000, 'INR', 1, 'cs_test_b1II7Tn8YtmkPeZadg5L8z5Z5iqhbeTaHtQaG7WT9v81kEirOvy2YR7gDA', 'pi_3TTg15LOdhBME3Ik1sKmqvHl', '2026-05-05 10:12:47', '2026-05-05 10:16:30'),
(28, 37, 'Stripe', 5398.20, 5398.20, 'INR', 1.00000000, 'INR', 1, 'cs_test_a1Popen4JlbMt0I7W2TFzFScr07X5owIDvb0je5dWN0lEUEmSre4ER12UC', 'pi_3TTxLxLOdhBME3Ik1F4oo4uj', '2026-05-06 04:46:18', '2026-05-06 04:46:35'),
(29, 38, 'Stripe', 9400.00, 9400.00, 'INR', 1.00000000, 'INR', 2, 'cs_test_a1fHTAdOg7J45ADvI2WQNa9EZElGJQUI3CTEHPfGlJhhz6vB86Fm2Zjn6h', 'pi_3TTxuGLOdhBME3Ik1hvhgCW2', '2026-05-06 05:20:24', '2026-05-06 05:22:03'),
(30, 39, 'Stripe', 3960.00, 3960.00, 'INR', 1.00000000, 'INR', 1, 'cs_test_a1kDLUgsDv18mNDRvlZBG0wKyxdZptg62AZ7F33IreUW1mpjBeHs6Szvhw', 'pi_3TTyjRLOdhBME3Ik1h7VicaV', '2026-05-06 06:14:21', '2026-05-06 06:15:06'),
(31, 40, 'Stripe', 8550.00, 8550.00, 'INR', 1.00000000, 'INR', 1, 'cs_test_a1EELF3DmMQfjp6g4KvZNfbEsCPyT4zW6gqV6OraojUq3slbpEYvuId1vm', NULL, '2026-05-06 06:27:23', '2026-05-06 07:01:03'),
(32, 41, 'Stripe', 1980.00, 1980.00, 'INR', 1.00000000, 'INR', 0, 'cs_test_a193iQGZiZwVTXkVzkZiSbtehQTnvsFAgp9UVjKPdlPvVyWOFD1qI4I1cx', NULL, '2026-05-06 06:36:49', '2026-05-06 06:36:49'),
(33, 42, 'Stripe', 1980.00, 1980.00, 'INR', 1.00000000, 'INR', 0, 'cs_test_a1uFKHXrSSwWLxHcD53szWjEMd1eRHWcKmgynRJmfrHG8kptTnIoQ4rtw7', NULL, '2026-05-06 06:40:05', '2026-05-06 06:40:05'),
(34, 43, 'Stripe', 1980.00, 1980.00, 'INR', 1.00000000, 'INR', 0, 'cs_test_a1WRgkd0y2u7WvqEcp03ZIrdSvCLCTDifTGLOj6fbXK48lQtLKp3EES7yN', NULL, '2026-05-06 06:42:25', '2026-05-06 06:42:25'),
(35, 44, 'Stripe', 1980.00, 1980.00, 'INR', 1.00000000, 'INR', 0, 'cs_test_a1pJwnZVX8jycNDHgHNv955BNUfisxKTjG6adV7T5Vqvgm9J9kSbnIE1gA', NULL, '2026-05-06 06:45:29', '2026-05-06 06:45:29'),
(36, 45, 'Stripe', 1980.00, 1980.00, 'INR', 1.00000000, 'INR', 0, 'cs_test_a1GnHHjLn7zcEuD0P58XZlfQbqsEqI7sDnXmJDCMeNfCdT8CTek8AO9qjX', NULL, '2026-05-06 06:46:51', '2026-05-06 06:46:51'),
(37, 46, 'Stripe', 1980.00, 1980.00, 'INR', 1.00000000, 'INR', 0, 'cs_test_a19k0tvd0QZdSeWh1gGEBytL6g4TUBk2KdyDU2sGOLUk2VXvkyX8yImDpy', NULL, '2026-05-06 06:48:05', '2026-05-06 06:48:05'),
(38, 47, 'Stripe', 1980.00, 1980.00, 'INR', 1.00000000, 'INR', 0, 'cs_test_a1MadZgRpPhwLkETNaoCX3Tn9uPfydSmM0JLVe0TxRDDSnffxKqGYrxjac', NULL, '2026-05-06 06:49:16', '2026-05-06 06:49:16'),
(39, 48, 'Stripe', 1980.00, 1980.00, 'INR', 1.00000000, 'INR', 0, 'cs_test_a15x21fRzYOwEgwivv6pvcAnSm0D37yfqD1TX01DW4Hnkq8aJ8QNs8s8MV', NULL, '2026-05-06 06:49:17', '2026-05-06 06:49:17'),
(40, 49, 'Stripe', 1980.00, 1980.00, 'INR', 1.00000000, 'INR', 0, 'cs_test_a1CxBomcmvDxnGUx7Q5f2nuAKDyhw7SkNAyyLc08DSXN6hHLpu3sLWIJj3', NULL, '2026-05-06 06:50:57', '2026-05-06 06:50:57'),
(41, 50, 'Stripe', 1980.00, 1980.00, 'INR', 1.00000000, 'INR', 0, 'cs_test_a1HGJ0yIafbiK5CzFKfN1PXzN7upUkheRL8Yohb6wepQbzpObkNEi631Lt', NULL, '2026-05-06 06:52:12', '2026-05-06 06:52:12'),
(42, 51, 'Stripe', 1980.00, 1980.00, 'INR', 1.00000000, 'INR', 0, 'cs_test_a1qekeRuM5PoJwXu6aMbB5ThaQxtpvqSSsKo8ChQZCOSdDvsJq1UvDroVP', NULL, '2026-05-06 06:53:31', '2026-05-06 06:53:31'),
(43, 52, 'Stripe', 1980.00, 1980.00, 'INR', 1.00000000, 'INR', 0, 'cs_test_a1mLB7exUIshmkouCFDM8W8MEeWU6Gu7yDWCR2rdGpywaupeERCwEYvQ1R', NULL, '2026-05-06 06:58:20', '2026-05-06 06:58:20'),
(44, 53, 'Stripe', 1980.00, 1980.00, 'INR', 1.00000000, 'INR', 0, 'cs_test_a17qdKofN1mD66r3Hqk2YPiiv0i0iGw101q92nwOCho568bGeNbQ1zpPrI', NULL, '2026-05-06 07:04:57', '2026-05-06 07:04:57'),
(45, 54, 'Stripe', 1980.00, 1980.00, 'INR', 1.00000000, 'INR', 0, 'cs_test_a1qwhwkEE4yBlLhIG3UuOt89hlHyUXkax5JWUA7JEtgChu0bohcJ2SqfdV', NULL, '2026-05-06 07:07:54', '2026-05-06 07:07:54'),
(46, 55, 'Stripe', 1980.00, 1980.00, 'INR', 1.00000000, 'INR', 0, 'cs_test_a1Jy0hqfquLPYCMtttzaPyP9tvvQ53HpMc1rmmIdXUBFzZUoSV6rSCiAGn', NULL, '2026-05-06 07:09:44', '2026-05-06 07:09:44'),
(47, 56, 'Stripe', 1980.00, 1980.00, 'INR', 1.00000000, 'INR', 0, 'cs_test_a1ky5maU2Uxjip7V1MiS7zQQkaymjdZcbMliKiJP3fcad3jM7Lc64oOwTT', NULL, '2026-05-06 07:10:50', '2026-05-06 07:10:50'),
(48, 57, 'Stripe', 1980.00, 1980.00, 'INR', 1.00000000, 'INR', 0, 'cs_test_a1WdOOUMBEry3dvibQSb49Jvxo1Np129Ba3wmtQTS4ezBQKIOudZgZ7nbP', NULL, '2026-05-06 07:12:21', '2026-05-06 07:12:21'),
(49, 58, 'Stripe', 1980.00, 1980.00, 'INR', 1.00000000, 'INR', 0, 'cs_test_a1RPJtiwMKtTxGit6g9e8W1iSfGCq603Ec5a4pgUeIDA4TzQkzLBlNQfgm', NULL, '2026-05-06 07:12:48', '2026-05-06 07:12:48'),
(50, 59, 'Stripe', 1980.00, 1980.00, 'INR', 1.00000000, 'INR', 0, 'cs_test_a1wNe0VOYM1EAp2ql8EoboZwYcDiLVaNeNzw2dgPBSIT0JOlRe2rc6ZVnO', NULL, '2026-05-06 07:27:41', '2026-05-06 07:27:41'),
(51, 60, 'Stripe', 1980.00, 1980.00, 'INR', 1.00000000, 'INR', 0, 'cs_test_a1Atd0cP91MUAhpDn9qUK0q1CphEOkpvbalxpuDIlnZOxoQ6WDN0dDEX91', NULL, '2026-05-06 07:29:26', '2026-05-06 07:29:26'),
(52, 61, 'Stripe', 1980.00, 1980.00, 'INR', 1.00000000, 'INR', 1, 'cs_test_a16OttvFy4NGFGZ1U4N8flfxmHrTEOAxVGjydWegVkffikA63MNQ9Sr9A4', 'pi_3TTzvjLOdhBME3Ik0HE7Nm8c', '2026-05-06 07:31:33', '2026-05-06 07:31:42'),
(53, 62, 'Stripe', 1980.00, 1980.00, 'INR', 1.00000000, 'INR', 1, 'cs_test_a1Cf5cIZHY9jGHfveNL7PsgNRJVxE2svLWU8BZbOFOzTqtCwI2jm851aj1', NULL, '2026-05-06 07:36:11', '2026-05-06 07:36:21'),
(54, 63, 'Stripe', 3960.00, 3960.00, 'INR', 1.00000000, 'INR', 1, 'cs_test_b1QJpq6pZfpQNUhICW7Ji3KddMgUtgOTbdA51i6hIlTsD68D9opaBT1LO7', NULL, '2026-05-06 07:37:31', '2026-05-06 07:37:39'),
(55, 64, 'Stripe', 1980.00, 1980.00, 'INR', 1.00000000, 'INR', 1, 'cs_test_a1iJR1N3OHDQsZRh56SjwlJGEHPO9SpvHily2QJzyiW9QKBRGauuoiMUjr', 'pi_3TU02uLOdhBME3Ik1cqMtuf3', '2026-05-06 07:38:55', '2026-05-06 07:39:07'),
(56, 65, 'Stripe', 1980.00, 1980.00, 'INR', 1.00000000, 'INR', 1, 'cs_test_a1UPS3TzqMtKdtqHTXX0WIp8B3TjkdL9q0xVMkBqUU1pHUf4jQjABezH0R', 'pi_3TU046LOdhBME3Ik1uocNl88', '2026-05-06 07:40:11', '2026-05-06 07:40:20'),
(57, 66, 'Stripe', 5220.00, 5220.00, 'INR', 1.00000000, 'INR', 1, 'cs_test_a1BiTaC0SeruTiLqU9NLQtS92mhoF4eNG18JR9VTBpIMNQu5nBBt8SN1L1', 'pi_3TU06rLOdhBME3Ik1jsN96wL', '2026-05-06 07:43:04', '2026-05-06 07:43:12'),
(58, 67, 'Stripe', 1800.00, 1800.00, 'INR', 1.00000000, 'INR', 1, 'cs_test_a1wnHh0vFbFBExgb3S30JoeuRxQyHvlfJ2ITuFLjzqDqHlqzQNdBG52SHb', 'pi_3TU09RLOdhBME3Ik0TJ8Dfqr', '2026-05-06 07:45:41', '2026-05-06 07:45:52'),
(59, 68, 'Stripe', 1080.00, 1080.00, 'INR', 1.00000000, 'INR', 2, 'cs_test_a1iPebawsjAOYg9367zJQeJ05h6Q4yxZ6kzWBegVwwkh2XOz1OKVJEWof4', 'pi_3TU0AWLOdhBME3Ik0tNlpjID', '2026-05-06 07:46:50', '2026-05-06 07:52:09'),
(60, 69, 'Stripe', 3420.00, 3420.00, 'INR', 1.00000000, 'INR', 2, 'cs_test_b1kkcGa2ANZ8WbF2dKKvets6s6iGIuW4IaQaZNIZZPwC4zj5sXs32umYri', 'pi_3TU0JBLOdhBME3Ik1gf6AXpr', '2026-05-06 07:55:38', '2026-05-06 07:55:57'),
(61, 70, 'Stripe', 5490.00, 5490.00, 'INR', 1.00000000, 'INR', 1, 'cs_test_b1lpmbgkB02fYzty7NpioqmgHoAG3oIwPogKr3ZfHVuiCX6EobQDYmBk5V', 'pi_3TU0LXLOdhBME3Ik1deV5L9l', '2026-05-06 07:58:13', '2026-05-06 07:58:21'),
(62, 71, 'Stripe', 1710.00, 1710.00, 'INR', 1.00000000, 'INR', 1, 'cs_test_a1kuVt0qQqO0sAw8mnB78h2jygCJyHp8DSTdCd94SbweWbxYAgR50S6AEl', 'pi_3TU1SwLOdhBME3Ik0XirReUH', '2026-05-06 09:09:55', '2026-05-06 09:10:04'),
(63, 72, 'Stripe', 81.00, 9003.47, 'INR', 111.15400000, 'EUR', 1, 'cs_test_b10M87y8Zr1mYtDNM4N5DCIXyNvhZ73j8LKyYGxHd3DCSCT46sqhopjDGN', 'pi_3TU3ZPLOdhBME3Ik0aNa7Yy3', '2026-05-06 11:24:45', '2026-05-06 11:24:53'),
(64, 73, 'Stripe', 42.30, 1092.43, 'INR', 25.82570000, 'AED', 1, 'cs_test_a1i0f1st5QBkkweZMHNdECpYSuf35bBoL6nfSbPD0R62uBkUT7soecqZDS', 'pi_3TU425LOdhBME3Ik0PEc0pIG', '2026-05-06 11:54:13', '2026-05-06 11:54:30'),
(65, 74, 'Stripe', 54.00, 5127.84, 'INR', 94.96000000, 'USD', 1, 'cs_test_a1OHVu0NfiI2O7gsjLIfXoRTK1nU81gLzTR20OeS9uPSPTGholgLzhx3Fp', 'pi_3TU42rLOdhBME3Ik112nFBFn', '2026-05-06 11:55:10', '2026-05-06 11:55:19'),
(66, 75, 'Stripe', 9400.00, 9400.00, 'INR', 1.00000000, 'INR', 1, 'cs_test_a1DOrubQMgX4rqJUi773TrkUTAB1vslFJvoQqlL3seMqMaAGQY5PImn78N', 'pi_3TUJLXLOdhBME3Ik0PDx3Fgn', '2026-05-07 04:15:29', '2026-05-07 04:15:37'),
(67, 76, 'Stripe', 9400.00, 9400.00, 'INR', 1.00000000, 'INR', 1, 'cs_test_a1VWsAj5AbO4sz2DdmanDxYKdaNussI0XWpQuuKN77gA7UKWvj4McnKB3G', 'pi_3TUJgpLOdhBME3Ik0kLiLlVY', '2026-05-07 04:37:29', '2026-05-07 04:37:37'),
(68, 77, 'Stripe', 3960.00, 3960.00, 'INR', 1.00000000, 'INR', 1, 'cs_test_a1PDj2gyryqwAefs21y7BGgGSAdLjLuQ4mN8jwJ2NVYpNrGQW7AfWaNbob', 'pi_3TUJlGLOdhBME3Ik0fTxxiXj', '2026-05-07 04:42:05', '2026-05-07 04:42:12'),
(69, 78, 'Stripe', 3600.00, 3600.00, 'INR', 1.00000000, 'INR', 1, 'cs_test_a1ptZNh6TCHm5uytIyFBTVn7KRVQZ2v6C0FfRPjcJkCOapBx2Fjshc5Gkk', 'pi_3TUJoSLOdhBME3Ik1TaGWEeX', '2026-05-07 04:45:23', '2026-05-07 04:45:30'),
(70, 79, 'Stripe', 18.00, 463.70, 'INR', 25.76100000, 'AED', 6, 'cs_test_a1avsNeiL771UB8HGK4gXJ4C2RUBV4elOCBSoM5uT9s7PiavqS8gJd361H', 'pi_3TUK2NLOdhBME3Ik0mNTsaD7', '2026-05-07 04:59:44', '2026-05-07 05:14:01'),
(71, 80, 'Stripe', 40.50, 1043.32, 'INR', 25.76100000, 'AED', 6, 'cs_test_a1YAcqOEogFHW6oOvXudqbaUrzVP4TzAFjUc66jp44ZfwbdFy7eYtK1IMg', 'pi_3TUKShLOdhBME3Ik1HnnsWtD', '2026-05-07 05:26:58', '2026-05-07 05:43:28'),
(72, 81, 'Stripe', 72.00, 1854.79, 'INR', 25.76100000, 'AED', 6, 'cs_test_a1xJt2cAnZREYJCX8393cQGvhuPRlKMAfzhoV4m8KSPWf7odKnyChbCqsv', 'pi_3TUKXYLOdhBME3Ik10voaBdR', '2026-05-07 05:31:58', '2026-05-07 05:40:25'),
(73, 82, 'Stripe', 54.00, 5109.21, 'INR', 94.61500000, 'USD', 6, 'cs_test_a1m9Su2o56yHY8F9bmTtQ3WQnNM9TfEYvidGnMCa0Cc73ADaRHjfE6hrDj', 'pi_3TUKmfLOdhBME3Ik0R9lyL19', '2026-05-07 05:47:36', '2026-05-07 05:53:19'),
(74, 83, 'Stripe', 19.80, 499.97, 'INR', 25.25120000, 'SAR', 6, 'cs_test_a10Xoo8xoC6dpMSiG4RIGVQ4yNTyEjTx6glvhBBDDdSMLvzN8hqv6SXnnz', 'pi_3TUKr2LOdhBME3Ik1V7eNMJD', '2026-05-07 05:48:29', '2026-05-07 06:44:40'),
(75, 84, 'Stripe', 54.00, 5109.21, 'INR', 94.61500000, 'USD', 1, 'cs_test_a1m9OnkArt8Jo4HpojAtoZp2MbK9RvM4MK6jwYhgYzNQruT4BDu99p63US', 'pi_3TULzlLOdhBME3Ik1L9biYEZ', '2026-05-07 07:05:10', '2026-05-07 07:05:19'),
(76, 85, 'Stripe', 400.00, 400.00, 'INR', 1.00000000, 'INR', 1, 'cs_test_a130f6VTFM4cKe4yxsq6O8q0oC8SXZ8R7h0Ag5m9vBMFVtASjVdGSzqO4a', 'pi_3TUfuqLOdhBME3Ik0eTFGjdD', '2026-05-08 04:20:47', '2026-05-08 04:21:34'),
(77, 86, 'Stripe', 1080.00, 1080.00, 'INR', 1.00000000, 'INR', 1, 'cs_test_a17DxKMGkDl5EDpSgIBwfzjbZJzZLYGXnuQKfpsqYuuGZwAkHAp0FXXKo4', 'pi_3TWF2iLOdhBME3Ik1pvioLja', '2026-05-12 12:03:46', '2026-05-12 12:04:11'),
(78, 87, 'Stripe', 1980.00, 1980.00, 'INR', 1.00000000, 'INR', 2, 'cs_test_a1m6WdS5KSGyCr4ceSOBK81qGx94x43hfwEpjE78QqX5MCPhtT0Ki9N4uD', 'pi_3TWF4JLOdhBME3Ik02qKps74', '2026-05-12 12:05:26', '2026-05-12 12:05:51'),
(79, 88, 'Stripe', 1980.00, 1980.00, 'INR', 1.00000000, 'INR', 1, 'cs_test_a1pUpgnvWrVNj3GY2DeI5MAMe0GAkzZvgOGpnvNHs9vqmKdLZrfRVLry4h', 'pi_3TWF5wLOdhBME3Ik0p73Zo0O', '2026-05-12 12:07:23', '2026-05-12 12:29:50'),
(80, 89, 'Stripe', 2700.00, 2700.00, 'INR', 1.00000000, 'INR', 1, 'cs_test_a1Im40fq1I8SFpEmH1FbpNuhdRSK6H3Jy2w45yDeraqmyhwqCQjoEvk9Dk', 'pi_3TZ1T9LOdhBME3Ik0tzxYwqm', '2026-05-20 04:08:51', '2026-05-20 04:10:57'),
(81, 90, 'Stripe', 6209.10, 6209.10, 'INR', 1.00000000, 'INR', 0, 'cs_test_a1dKrf6eiQlU7GEBdvcLZFsR79Mj9u7VITq868JQDRPv6vckP1ICRkBhMX', NULL, '2026-05-21 07:04:28', '2026-05-21 07:04:28'),
(82, 91, 'Stripe', 6209.10, 6209.10, 'INR', 1.00000000, 'INR', 0, 'cs_test_a13IKTPgDhrDaySjxgQK0LplgUUK1kJobswGyT6nItQ4TuAN1pex5J4EKQ', NULL, '2026-05-21 07:07:57', '2026-05-21 07:07:57'),
(83, 92, 'Stripe', 6209.10, 6209.10, 'INR', 1.00000000, 'INR', 1, 'cs_test_a1WPROD2Nk8CtyFDyOQ0Uu9xqrF4XNMtHZOVuAgbCGGS67hQ39rp9M3enZ', 'pi_3TZQmQLOdhBME3Ik1arIaJgX', '2026-05-21 07:08:36', '2026-05-21 07:12:32'),
(84, 93, 'Stripe', 4299.00, 4299.00, 'INR', 1.00000000, 'INR', 4, 'cs_test_a1lWUeKdbzSD0GNRlTihDEDd5dEUb9VjRDDxMJjODXBbid2u255m8HuqfK', NULL, '2026-05-21 13:24:49', '2026-05-21 13:54:49'),
(85, 94, 'Stripe', 4299.00, 4299.00, 'INR', 1.00000000, 'INR', 4, 'cs_test_a1uZ4lI4FzzuxHWtFinO1wiaROrT2hU2wQ76KydX1j8zKD4FqcCuCT1iSO', NULL, '2026-05-21 13:25:03', '2026-05-21 13:55:03'),
(86, 95, 'Stripe', 4299.00, 4299.00, 'INR', 1.00000000, 'INR', 1, 'cs_test_a1wLUp1aDCg05wwtJWGbdfNO3hEAlqO9JcWYQh4cuttK82X2tvJn05W1j2', 'pi_3TZWerLOdhBME3Ik1EFXroxl', '2026-05-21 13:25:36', '2026-05-21 13:29:07'),
(87, 96, 'Stripe', 7899.00, 7899.00, 'INR', 1.00000000, 'INR', 1, 'cs_test_a1K9PArX0kWdMcbeBfPBF9LcJmKAMeSPvz6Wj8ZS5j1N3bR9b8ymmP13sB', 'pi_3TZWigLOdhBME3Ik1p7Z5C88', '2026-05-21 13:32:55', '2026-05-21 13:33:04'),
(88, 97, 'Stripe', 6899.00, 6899.00, 'INR', 1.00000000, 'INR', 1, 'cs_test_a1OlUqRIgVjFSRgHunFslAayx5duamK0u2arpp6r7S2ctqmSQXD4cSa0KF', 'pi_3TZWlGLOdhBME3Ik0KEkLQMP', '2026-05-21 13:35:33', '2026-05-21 13:35:44'),
(89, 98, 'Stripe', 4299.00, 4299.00, 'INR', 1.00000000, 'INR', 1, 'cs_test_a1gzxFWCLkC4E9ftQl5By8SEI9IuSkfSTi2Ie0h0NHiw6tnPLV0GYy3OiP', 'pi_3TZWpgLOdhBME3Ik1IAcY2LF', '2026-05-21 13:40:05', '2026-05-21 13:40:17'),
(90, 99, 'Stripe', 2999.00, 2999.00, 'INR', 1.00000000, 'INR', 1, 'cs_test_a1y1DwSTLw3KM2hKXImbuHV95shKZ9hgR3WygJPaXYV8LIHFm83r1WmQM8', 'pi_3TZWwILOdhBME3Ik1LZFtqiy', '2026-05-21 13:46:59', '2026-05-21 13:47:08'),
(91, 102, 'Stripe', 240.00, 6243.72, 'INR', 26.01550000, 'AED', 1, 'cs_test_a18EuXUb758Kn7M6IRxD9v0AiZ4hIHxBg4cbTThTgfSKu8EssC6Xfj22rO', 'pi_3Tay3wLOdhBME3Ik02CoTrcs', '2026-05-25 12:56:50', '2026-05-25 12:56:58'),
(92, 107, 'Stripe', 156.60, 3979.47, 'INR', 25.41170000, 'SAR', 1, 'cs_test_a1Pxfg4qrB8a7rA0ZpMIgNaZ3lBF1QWAlAa6zsdfDjAJehAhAceWbQoDRs', 'pi_3TayhZLOdhBME3Ik1ckdpUF0', '2026-05-25 13:37:46', '2026-05-25 13:37:55'),
(93, 108, 'Stripe', 11198.00, 11198.00, 'INR', 1.00000000, 'INR', 1, 'cs_test_b1Cld22kiKDFt156n1YvUEdHbVOmMtrwxs8hGnlDELnkIoo6PYtGJD4RWC', 'pi_3TcNofLOdhBME3Ik0dvz24B6', '2026-05-29 10:38:52', '2026-05-29 10:39:03'),
(94, 109, 'Stripe', 4299.00, 4299.00, 'INR', 1.00000000, 'INR', 1, 'cs_test_a1yvPCgnlPrxoBBCCOSik5jpWoR4IAeNxHTThUYRQl6x8CX88nDLQdFK0b', 'pi_3TdQD1LOdhBME3Ik0ud5XNpn', '2026-06-01 07:24:09', '2026-06-01 07:24:29'),
(95, 110, 'Stripe', 6899.00, 6899.00, 'INR', 1.00000000, 'INR', 1, 'cs_test_a11aM4H0f5TTdO4RvhQLsYhSBBX9hiAxJWe7tEQ9SL8DQ7OMrmoea4ALmz', 'pi_3TdQDyLOdhBME3Ik0K1NGMTX', '2026-06-01 07:25:18', '2026-06-01 07:25:28'),
(96, 111, 'Stripe', 13798.00, 13798.00, 'INR', 1.00000000, 'INR', 1, 'cs_test_a1dCN2x2HrIhvoxQ1hClUUstuO7PgAe6J6fuh10owzO8MvFXaRYyo7Uddq', 'pi_3TdQEwLOdhBME3Ik08dMyzhZ', '2026-06-01 07:26:21', '2026-06-01 07:26:28'),
(97, 112, 'Stripe', 4299.00, 4299.00, 'INR', 1.00000000, 'INR', 1, 'cs_test_a1NMzCOY7yGesRXs9L76uC7QFkk7xTlJyw46JQ1wGACFyvNiZpZ0Qp6BnA', 'pi_3TeAkpLOdhBME3Ik1nNOQYVW', '2026-06-03 09:06:20', '2026-06-03 09:06:29'),
(98, 113, 'Stripe', 20.00, 520.55, 'INR', 26.02750000, 'AED', 1, 'cs_test_a1pMkb59K3GwyGtca9fmnKSe0uba6i9AnWSblJoJOz2iZxkCAsKeONPVKF', 'pi_3TeULwLOdhBME3Ik1PuM74bo', '2026-06-04 06:01:56', '2026-06-04 06:02:06'),
(99, 114, 'Stripe', 4299.00, 4299.00, 'INR', 1.00000000, 'INR', 4, 'cs_test_a15dBABn0NijlhjzqyqNVmZ6ilsDuIH7DPOxXJuEXdgcHrZ9Q7IpYNUoh3', NULL, '2026-06-04 11:32:12', '2026-06-04 12:02:12');

--
-- Dumping data for table `personal_access_tokens`
--

INSERT INTO `personal_access_tokens` (`id`, `tokenable_type`, `tokenable_id`, `name`, `token`, `abilities`, `last_used_at`, `expires_at`, `created_at`, `updated_at`) VALUES
(1, 'App\\Models\\User', 2, 'API Token', '744dcae573bb381e8cc18243c2bdbb87d586b387acf75ea2c6962050ae151d98', '[\"*\"]', NULL, NULL, '2026-04-30 07:51:29', '2026-04-30 07:51:29'),
(4, 'App\\Models\\User', 1, 'API Token', '3da1a003c6e031f699e0a4567e4ab9d96ae45b54df43855fdd5a4f7027b632ad', '[\"*\"]', '2026-04-30 10:19:54', NULL, '2026-04-30 08:27:14', '2026-04-30 10:19:54'),
(5, 'App\\Models\\User', 1, 'API Token', 'a0a6eae875120afc64c8f9473235441b0ea2f45c137f158da82308106fc628d0', '[\"*\"]', NULL, NULL, '2026-05-04 05:55:06', '2026-05-04 05:55:06'),
(6, 'App\\Models\\User', 1, 'API Token', '476487b670c3689a757e0c27bf4cdca15eec9522dee5b8ebedb2ca1d6bffa359', '[\"*\"]', '2026-05-04 05:58:52', NULL, '2026-05-04 05:58:26', '2026-05-04 05:58:52'),
(7, 'App\\Models\\User', 1, 'API Token', '07161936fa7d67e9d055a9d5044cb1804162ba28343633fdb89ebf955049b926', '[\"*\"]', NULL, NULL, '2026-05-20 10:03:26', '2026-05-20 10:03:26'),
(8, 'App\\Models\\User', 1, 'API Token', '67b547c424de56b0b91e0fffbe17f8f3b21c347f3eee2574eb36e0f7861818e0', '[\"*\"]', NULL, NULL, '2026-05-20 10:03:28', '2026-05-20 10:03:28'),
(9, 'App\\Models\\User', 1, 'API Token', '042f5ce53afcdecdf7baae7f27ef99581bc41fce57ac69fb92813751e896fc45', '[\"*\"]', NULL, NULL, '2026-05-20 10:03:30', '2026-05-20 10:03:30'),
(10, 'App\\Models\\User', 1, 'API Token', 'd41ad4a278dca69c1ee8cefe0eeae7f19f89f3542f53646a4c66bdd6850fcf68', '[\"*\"]', NULL, NULL, '2026-05-20 10:25:32', '2026-05-20 10:25:32'),
(11, 'App\\Models\\User', 1, 'API Token', '3f9a0a0685af673e0cab47d8854cbdd8aefa19ac2fcef2568a99125c56cb59cf', '[\"*\"]', NULL, NULL, '2026-05-20 10:25:34', '2026-05-20 10:25:34'),
(12, 'App\\Models\\User', 1, 'API Token', '73235cbb70ba80e85091a7f297939a9214f48309ee8b77e70dbdb881b14d0d3d', '[\"*\"]', NULL, NULL, '2026-05-20 10:25:38', '2026-05-20 10:25:38'),
(13, 'App\\Models\\User', 1, 'API Token', '34e13e7c3c166589843a24686248a2ae5fb97d67a53ddfc9428e8492d9e02c8b', '[\"*\"]', NULL, NULL, '2026-05-20 10:25:38', '2026-05-20 10:25:38'),
(14, 'App\\Models\\User', 1, 'API Token', '92ddf4530313571b77bd9f93ccfec9318cc4539759907e3f41570c557ad0d47b', '[\"*\"]', NULL, NULL, '2026-05-20 10:30:00', '2026-05-20 10:30:00'),
(15, 'App\\Models\\User', 1, 'API Token', '00a5e1881c8b069e999a85b5e00eb936685505dfe6a2edaf1b9c5a0e85070de2', '[\"*\"]', NULL, NULL, '2026-05-20 10:45:12', '2026-05-20 10:45:12'),
(16, 'App\\Models\\User', 1, 'API Token', '9fc0762436189fbc2df50ef62e06f54a8e6173035cb812c7c381ae20baa327f9', '[\"*\"]', NULL, NULL, '2026-05-20 10:45:15', '2026-05-20 10:45:15'),
(17, 'App\\Models\\User', 1, 'API Token', '93d12d95c975c7b97c7b1bcc99534f148a025fc71c9f7604d90e098fa7e50049', '[\"*\"]', NULL, NULL, '2026-05-20 10:45:16', '2026-05-20 10:45:16'),
(18, 'App\\Models\\User', 1, 'API Token', 'dc87d91f51471759f19059e95c45713516fcc7169e21385a0db71022b5694fa0', '[\"*\"]', NULL, NULL, '2026-05-20 10:45:21', '2026-05-20 10:45:21'),
(19, 'App\\Models\\User', 1, 'API Token', '636499f8c5e065f3363ca5f7e650c453ddf2ed3f21d83e5cab1a7050b67bbcb6', '[\"*\"]', NULL, NULL, '2026-05-20 10:45:23', '2026-05-20 10:45:23'),
(20, 'App\\Models\\User', 1, 'API Token', '85a23ef6bcaff84e7211878cdaebedbd39adc29952a9605a12f6a4a9a5797485', '[\"*\"]', NULL, NULL, '2026-05-20 10:45:25', '2026-05-20 10:45:25'),
(21, 'App\\Models\\User', 1, 'API Token', 'd6eaf330d831bb38c0049af784a492accf93518430fdb1dfb5bd76a4a0c1a75c', '[\"*\"]', NULL, NULL, '2026-05-20 10:50:21', '2026-05-20 10:50:21'),
(22, 'App\\Models\\User', 1, 'API Token', '286c95086bd25279b8a4a3120c939217ce4236add70aa563d1912c8cb615125d', '[\"*\"]', NULL, NULL, '2026-05-20 10:52:38', '2026-05-20 10:52:38'),
(23, 'App\\Models\\User', 1, 'API Token', '8e204bd2d4342a5c4641dbb93bd81dfd8725e76352ca241b63ded1aff0e20bcd', '[\"*\"]', NULL, NULL, '2026-05-20 10:54:25', '2026-05-20 10:54:25'),
(24, 'App\\Models\\User', 1, 'API Token', 'e77e8181105893a2f1bb41c63784e5b9dcc6881d1de0fb16def0a8c43eb1d7ba', '[\"*\"]', NULL, NULL, '2026-05-20 10:54:56', '2026-05-20 10:54:56'),
(25, 'App\\Models\\User', 1, 'API Token', '74e4228a0629092eaf2ecc0b1c35a97edf716a3a53b81ff6184c95ba27b44478', '[\"*\"]', NULL, NULL, '2026-05-20 10:55:29', '2026-05-20 10:55:29'),
(26, 'App\\Models\\User', 1, 'API Token', '4078c4157c1c390d4ca56d636a4cc84e7eabb36349415f8dc9768ee3ca5fc22f', '[\"*\"]', NULL, NULL, '2026-05-20 10:55:40', '2026-05-20 10:55:40'),
(27, 'App\\Models\\User', 1, 'API Token', 'f4839801b661fee3a9bcff26ecc0db90c7474f7ed888f7c1006a8e541e0f1829', '[\"*\"]', NULL, NULL, '2026-05-20 10:56:27', '2026-05-20 10:56:27'),
(28, 'App\\Models\\User', 1, 'API Token', '439f5b48b8a5d38bd4b49af9ba2b8f4c4ea8b4d8b43a2b165c5c2c3b5203da71', '[\"*\"]', NULL, NULL, '2026-05-20 10:57:13', '2026-05-20 10:57:13'),
(29, 'App\\Models\\User', 1, 'API Token', '7e94b8fe9e53fa3d6d2db59fbcebbf222c5036145450a57f681766bd08ee1f1b', '[\"*\"]', NULL, NULL, '2026-05-21 04:48:27', '2026-05-21 04:48:27'),
(30, 'App\\Models\\User', 1, 'API Token', '6fc45156188b1dbf14df420eb4405f5628a69e68e31bddbcb93bd20210b31eaa', '[\"*\"]', NULL, NULL, '2026-05-25 06:05:33', '2026-05-25 06:05:33');

--
-- Dumping data for table `refunds`
--

INSERT INTO `refunds` (`id`, `refund_id`, `amount`, `currency`, `status`, `user_id`, `payment_id`, `booking_id`, `reason`, `note`, `created_at`, `updated_at`) VALUES
(1, NULL, 11000.00, 'INR', 4, 2, 27, 36, 'Booking Cancelled', NULL, '2026-05-05 13:33:16', '2026-05-07 08:49:53'),
(2, NULL, 5398.20, 'INR', 3, 16, 28, 37, 'Booking Cancelled', NULL, '2026-05-06 04:47:02', '2026-05-06 04:47:02'),
(3, NULL, 5398.20, 'INR', 4, 16, 28, 37, 'zzzzzz', NULL, '2026-05-06 05:17:57', '2026-05-06 10:12:58'),
(4, NULL, 9300.00, 'INR', 3, 16, 29, 38, 'Plan Changed', NULL, '2026-05-06 05:22:39', '2026-05-07 06:43:46'),
(5, NULL, 5490.00, 'INR', 1, 16, 61, 70, 'Plan changed', NULL, '2026-05-06 07:59:09', '2026-05-06 07:59:31'),
(6, NULL, 1880.00, 'INR', 4, 16, 55, 64, 'yyyy', NULL, '2026-05-06 08:07:59', '2026-05-06 10:12:50'),
(7, NULL, 1710.00, 'INR', 1, 16, 62, 71, 'Testing', NULL, '2026-05-06 09:12:42', '2026-05-06 09:12:53'),
(8, 'pi_3TU3ZPLOdhBME3Ik0aNa7Yy3', 81.00, 'INR', 1, 23, 63, 72, 'Test Refund', NULL, '2026-05-06 13:27:51', '2026-05-06 13:28:21'),
(9, NULL, 9300.00, 'INR', 3, 22, 66, 75, 'Test', NULL, '2026-05-07 04:18:07', '2026-05-07 05:26:21'),
(10, 'pi_3TUJgpLOdhBME3Ik0kLiLlVY', 9300.00, 'INR', 1, 22, 67, 76, 'Test Final', NULL, '2026-05-07 04:38:12', '2026-05-07 04:39:09'),
(11, 'pi_3TUJlGLOdhBME3Ik0fTxxiXj', 3860.00, 'INR', 1, 22, 68, 77, 'Test Refund Response', NULL, '2026-05-07 04:43:14', '2026-05-07 04:44:03'),
(12, 'pi_3TUJoSLOdhBME3Ik1TaGWEeX', 3600.00, 'INR', 1, 22, 69, 78, 'IDK what\'s Happninig', NULL, '2026-05-07 04:46:00', '2026-05-07 04:46:44'),
(13, 'pi_3TUK2NLOdhBME3Ik0mNTsaD7', 13.00, 'INR', 1, 22, 70, 79, 'asdfasf', NULL, '2026-05-07 05:01:47', '2026-05-07 05:14:01'),
(14, 're_3TUKShLOdhBME3Ik1WO9WBhR', 35.50, 'INR', 1, 22, 71, 80, 'Test Againnn', NULL, '2026-05-07 05:27:33', '2026-05-07 05:43:28'),
(15, 're_3TUKXYLOdhBME3Ik150DjoFs', 1725.99, 'INR', 1, 22, 72, 81, 'Last and Final Test', NULL, '2026-05-07 05:38:46', '2026-05-07 05:44:13'),
(16, 're_3TUKmfLOdhBME3Ik02p2lIYf', 4163.06, 'INR', 1, 22, 73, 82, 'Has to Change Room', NULL, '2026-05-07 05:52:51', '2026-05-07 05:53:19'),
(17, 're_3TUKr2LOdhBME3Ik1n7aGk22', 373.71, 'INR', 1, 22, 74, 83, 'Transaction Test 1', NULL, '2026-05-07 06:44:29', '2026-05-07 06:44:40');

--
-- Dumping data for table `reviews`
--

INSERT INTO `reviews` (`id`, `hotel_id`, `user_id`, `booking_id`, `rating`, `cleaning`, `services`, `food`, `hospitality`, `comment`, `deleted_at`, `created_at`, `updated_at`) VALUES
(1, 10, 1, 2, 4, 4, 3, 5, 4, 'Food was Great, other facilities are quite good at this Price', NULL, '2026-04-27 10:38:41', '2026-05-02 04:59:16'),
(6, 1, 1, 1, 4, NULL, NULL, NULL, NULL, NULL, NULL, '2026-04-27 11:26:40', '2026-04-27 12:00:41'),
(7, 11, 1, 18, 4, 4, 3, 5, 4, 'Nice Services', NULL, '2026-05-01 11:22:48', '2026-05-01 11:22:48'),
(8, 5, 1, 17, 5, 4, 5, 3, 5, 'Best Hotel', NULL, '2026-05-01 11:23:07', '2026-05-01 11:23:07'),
(9, 11, 1, 19, 5, 5, 5, 5, 5, 'Nice Place', NULL, '2026-05-01 11:23:29', '2026-05-01 11:23:29'),
(10, 10, 22, 29, 4, 4, 5, 5, 5, NULL, NULL, '2026-05-07 04:15:04', '2026-05-07 04:15:04');

--
-- Dumping data for table `rooms`
--

INSERT INTO `rooms` (`id`, `hotel_id`, `room_detail_id`, `room_number`, `created_at`, `updated_at`, `status`) VALUES
(1, 1, 1, 'DD251', NULL, NULL, 1),
(2, 1, 1, 'DD252', NULL, NULL, 1),
(3, 1, 1, 'DD253', NULL, '2026-05-02 04:24:40', 0),
(4, 1, 1, 'DD254', NULL, '2026-05-02 04:24:41', 0),
(5, 1, 1, 'DD255', NULL, '2026-05-02 04:24:42', 0),
(6, 1, 1, 'DD256', NULL, '2026-05-02 04:24:43', 0),
(7, 1, 1, 'DD257', NULL, '2026-05-02 04:24:45', 0),
(8, 1, 1, 'DD258', NULL, '2026-05-02 04:24:47', 0),
(9, 1, 1, 'DD259', NULL, NULL, 1),
(10, 1, 1, 'DD260', NULL, NULL, 1),
(11, 1, 2, 'PF271', NULL, NULL, 1),
(12, 1, 2, 'PF272', NULL, NULL, 1),
(13, 1, 2, 'PF273', NULL, NULL, 1),
(14, 1, 2, 'PF274', NULL, NULL, 1),
(15, 1, 2, 'PF275', NULL, NULL, 1),
(16, 1, 3, 'SST385', NULL, NULL, 1),
(17, 1, 3, 'SST386', NULL, NULL, 1),
(18, 1, 3, 'SST387', NULL, NULL, 1),
(19, 1, 3, 'SST388', NULL, NULL, 1),
(20, 1, 3, 'SST389', NULL, '2026-05-02 04:25:19', 0),
(21, 1, 3, 'SST390', NULL, '2026-05-02 04:25:28', 0),
(22, 1, 3, 'SST391', NULL, '2026-05-02 04:25:27', 0),
(23, 1, 3, 'SST392', NULL, '2026-05-02 04:25:26', 0),
(24, 1, 3, 'SST393', NULL, '2026-05-02 04:25:15', 0),
(25, 1, 3, 'SST394', NULL, '2026-05-02 04:25:18', 0),
(26, 1, 3, 'SST395', NULL, '2026-05-02 04:25:17', 0),
(27, 1, 3, 'SST396', NULL, '2026-05-02 04:25:24', 0),
(28, 1, 3, 'SST397', NULL, '2026-05-02 04:25:21', 0),
(29, 1, 3, 'SST398', NULL, '2026-05-02 04:25:20', 0),
(30, 1, 3, 'SST399', NULL, '2026-05-02 04:25:23', 0),
(31, 1, 4, 'DT341', NULL, NULL, 1),
(32, 1, 4, 'DT342', NULL, NULL, 1),
(33, 1, 4, 'DT343', NULL, '2026-05-02 04:24:24', 0),
(34, 1, 4, 'DT344', NULL, '2026-05-02 04:24:26', 0),
(35, 1, 4, 'DT345', NULL, '2026-05-02 04:24:27', 0),
(36, 1, 4, 'DT346', NULL, '2026-05-02 04:24:28', 0),
(37, 1, 4, 'DT347', NULL, '2026-05-02 04:24:29', 0),
(38, 1, 4, 'DT348', NULL, '2026-05-02 04:24:30', 0),
(39, 1, 4, 'DT349', NULL, '2026-05-02 04:24:33', 0),
(40, 1, 4, 'DT350', NULL, NULL, 1),
(41, 1, 5, 'LD121', NULL, NULL, 1),
(42, 1, 5, 'LD122', NULL, NULL, 1),
(43, 1, 5, 'LD123', NULL, NULL, 1),
(44, 1, 5, 'LD124', NULL, NULL, 1),
(45, 1, 5, 'LD125', NULL, NULL, 1),
(46, 3, 6, 'SST501', NULL, NULL, 1),
(47, 3, 6, 'SST502', NULL, '2026-05-02 04:22:49', 0),
(48, 3, 6, 'SST503', NULL, NULL, 1),
(49, 3, 6, 'SST504', NULL, '2026-05-02 04:22:54', 0),
(50, 3, 6, 'SST505', NULL, NULL, 1),
(51, 3, 6, 'SST506', NULL, '2026-05-02 04:22:50', 0),
(52, 3, 6, 'SST507', NULL, '2026-05-02 04:22:51', 0),
(53, 3, 6, 'SST508', NULL, '2026-05-02 04:22:53', 0),
(54, 3, 6, 'SST509', NULL, '2026-05-02 04:22:55', 0),
(55, 3, 6, 'SST510', NULL, NULL, 1),
(56, 3, 7, 'DD401', NULL, NULL, 1),
(57, 3, 7, 'DD402', NULL, NULL, 1),
(58, 3, 7, 'DD403', NULL, NULL, 1),
(59, 3, 7, 'DD404', NULL, '2026-05-02 04:23:53', 0),
(60, 3, 7, 'DD405', NULL, '2026-05-02 04:23:54', 0),
(61, 3, 7, 'DD406', NULL, '2026-05-02 04:23:56', 0),
(62, 3, 7, 'DD407', NULL, '2026-05-02 04:23:57', 0),
(63, 3, 7, 'DD408', NULL, '2026-05-02 04:23:58', 0),
(64, 3, 7, 'DD409', NULL, '2026-05-02 04:23:59', 0),
(65, 3, 7, 'DD410', NULL, '2026-05-02 04:24:00', 0),
(66, 4, 13, 'PF251', NULL, NULL, 1),
(67, 4, 13, 'PF252', NULL, NULL, 1),
(68, 4, 13, 'PF253', NULL, '2026-05-02 04:26:01', 0),
(69, 4, 13, 'PF254', NULL, '2026-05-02 04:26:02', 0),
(70, 4, 13, 'PF255', NULL, '2026-05-02 04:26:04', 0),
(71, 4, 13, 'PF256', NULL, '2026-05-02 04:26:05', 0),
(72, 4, 13, 'PF257', NULL, '2026-05-02 04:26:06', 0),
(73, 4, 13, 'PF258', NULL, '2026-05-02 04:26:07', 0),
(74, 4, 13, 'PF259', NULL, '2026-05-02 04:26:09', 0),
(75, 4, 13, 'PF260', NULL, '2026-05-02 04:26:10', 0),
(76, 4, 12, 'DT211', NULL, NULL, 1),
(77, 4, 12, 'DT212', NULL, NULL, 1),
(78, 4, 12, 'DT213', NULL, NULL, 1),
(79, 4, 12, 'DT214', NULL, NULL, 1),
(80, 4, 12, 'DT215', NULL, NULL, 1),
(81, 4, 11, 'DD216', NULL, NULL, 1),
(82, 4, 11, 'DD217', NULL, NULL, 1),
(83, 4, 11, 'DD218', NULL, NULL, 1),
(84, 4, 11, 'DD219', NULL, NULL, 1),
(85, 4, 11, 'DD220', NULL, NULL, 1),
(91, 3, 9, 'PF251', NULL, NULL, 1),
(92, 3, 9, 'PF252', NULL, '2026-05-01 13:18:13', 1),
(93, 3, 9, 'PF253', NULL, '2026-05-01 12:53:54', 0),
(94, 3, 9, 'PF254', NULL, '2026-05-01 12:53:55', 0),
(95, 3, 9, 'PF255', NULL, '2026-05-01 12:54:39', 0),
(96, 3, 8, 'DT301', NULL, NULL, 1),
(97, 3, 8, 'DT302', NULL, NULL, 1),
(98, 3, 8, 'DT303', NULL, NULL, 1),
(99, 3, 8, 'DT304', NULL, '2026-05-02 04:23:38', 0),
(100, 3, 8, 'DT305', NULL, '2026-05-02 04:23:39', 0),
(101, 3, 8, 'DT306', NULL, '2026-05-02 04:23:40', 0),
(102, 3, 8, 'DT307', NULL, '2026-05-02 04:23:42', 0),
(103, 3, 8, 'DT308', NULL, '2026-05-02 04:23:43', 0),
(104, 3, 8, 'DT309', NULL, '2026-05-02 04:23:44', 0),
(105, 3, 8, 'DT310', NULL, '2026-05-02 04:23:45', 0),
(106, 2, 37, 'PF101', NULL, NULL, 1),
(107, 2, 37, 'PF102', NULL, NULL, 1),
(108, 2, 37, 'PF103', NULL, NULL, 1),
(109, 2, 37, 'PF104', NULL, NULL, 1),
(110, 2, 37, 'PF105', NULL, NULL, 1),
(111, 2, 36, 'DT201', NULL, NULL, 1),
(112, 2, 36, 'DT202', NULL, NULL, 1),
(113, 2, 36, 'DT203', NULL, NULL, 1),
(114, 2, 36, 'DT204', NULL, NULL, 1),
(115, 2, 36, 'DT205', NULL, '2026-05-02 04:21:34', 0),
(116, 2, 36, 'DT206', NULL, '2026-05-02 04:21:36', 0),
(117, 2, 36, 'DT207', NULL, '2026-05-02 04:21:38', 0),
(118, 2, 36, 'DT208', NULL, '2026-05-02 04:21:39', 0),
(119, 2, 36, 'DT209', NULL, NULL, 1),
(120, 2, 36, 'DT210', NULL, NULL, 1),
(121, 2, 35, 'DD211', NULL, NULL, 1),
(122, 2, 35, 'DD212', NULL, NULL, 1),
(123, 2, 35, 'DD213', NULL, NULL, 1),
(124, 2, 35, 'DD214', NULL, NULL, 1),
(125, 2, 35, 'DD215', NULL, NULL, 1),
(126, 2, 35, 'DD216', NULL, NULL, 1),
(127, 2, 35, 'DD217', NULL, NULL, 1),
(128, 2, 35, 'DD218', NULL, NULL, 1),
(129, 2, 35, 'DD219', NULL, NULL, 1),
(130, 2, 35, 'DD220', NULL, NULL, 1),
(131, 2, 34, 'SS231', NULL, NULL, 1),
(132, 2, 34, 'SS232', NULL, NULL, 1),
(133, 2, 34, 'SS233', NULL, NULL, 1),
(134, 2, 34, 'SS234', NULL, NULL, 1),
(135, 2, 34, 'SS235', NULL, NULL, 1),
(136, 2, 34, 'SS236', NULL, NULL, 1),
(137, 2, 34, 'SS237', NULL, NULL, 1),
(138, 2, 34, 'SS238', NULL, NULL, 1),
(139, 2, 34, 'SS239', NULL, NULL, 1),
(140, 2, 34, 'SS240', NULL, NULL, 1),
(141, 5, 16, 'DT651', NULL, NULL, 1),
(142, 5, 16, 'DT652', NULL, NULL, 1),
(143, 5, 16, 'DT653', NULL, '2026-05-02 04:26:28', 0),
(144, 5, 16, 'DT654', NULL, '2026-05-02 04:26:29', 0),
(145, 5, 16, 'DT655', NULL, '2026-05-02 04:26:30', 0),
(146, 5, 16, 'DT656', NULL, '2026-05-02 04:26:32', 0),
(147, 5, 16, 'DT657', NULL, '2026-05-02 04:26:33', 0),
(148, 5, 16, 'DT658', NULL, '2026-05-02 04:26:34', 0),
(149, 5, 16, 'DT659', NULL, '2026-05-02 04:26:35', 0),
(150, 5, 16, 'DT660', NULL, '2026-05-02 04:26:36', 0),
(151, 5, 15, 'DD641', NULL, NULL, 1),
(152, 5, 15, 'DD642', NULL, NULL, 1),
(153, 5, 15, 'DD643', NULL, NULL, 1),
(154, 5, 15, 'DD644', NULL, '2026-05-02 04:23:09', 0),
(155, 5, 15, 'DD645', NULL, '2026-05-02 04:23:05', 0),
(156, 5, 15, 'DD646', NULL, '2026-05-02 04:23:06', 0),
(157, 5, 15, 'DD647', NULL, '2026-05-02 04:23:07', 0),
(158, 5, 15, 'DD648', NULL, '2026-05-02 04:23:08', 0),
(159, 5, 15, 'DD649', NULL, '2026-05-02 04:23:10', 0),
(160, 5, 15, 'DD650', NULL, '2026-05-02 04:26:17', 0),
(161, 6, 21, 'LF451', NULL, NULL, 1),
(162, 6, 21, 'LF452', NULL, NULL, 1),
(163, 6, 21, 'LF453', NULL, NULL, 1),
(164, 6, 21, 'LF454', NULL, '2026-05-02 04:26:53', 0),
(165, 6, 21, 'LF455', NULL, '2026-05-02 04:26:54', 0),
(166, 6, 21, 'LF456', NULL, '2026-05-02 04:26:55', 0),
(167, 6, 21, 'LF457', NULL, '2026-05-02 04:26:56', 0),
(168, 6, 21, 'LF458', NULL, '2026-05-02 04:26:57', 0),
(169, 6, 21, 'LF459', NULL, '2026-05-02 04:26:58', 0),
(170, 6, 21, 'LF460', NULL, '2026-05-02 04:26:59', 0),
(171, 6, 19, 'LD421', NULL, NULL, 1),
(172, 6, 19, 'LD422', NULL, NULL, 1),
(173, 6, 19, 'LD423', NULL, NULL, 1),
(174, 6, 19, 'LD424', NULL, '2026-05-02 04:27:26', 0),
(175, 6, 19, 'LD425', NULL, '2026-05-02 04:27:27', 0),
(176, 6, 19, 'LD426', NULL, '2026-05-02 04:27:28', 0),
(177, 6, 19, 'LD427', NULL, '2026-05-02 04:27:30', 0),
(178, 6, 19, 'LD428', NULL, '2026-05-02 04:27:31', 0),
(179, 6, 19, 'LD429', NULL, '2026-05-02 04:27:32', 0),
(180, 6, 19, 'LD430', NULL, '2026-05-02 04:27:34', 0),
(181, 7, 24, 'DT301', NULL, NULL, 1),
(182, 7, 24, 'DT302', NULL, NULL, 1),
(183, 7, 24, 'DT303', NULL, '2026-05-02 04:21:46', 0),
(184, 7, 24, 'DT304', NULL, NULL, 1),
(185, 7, 24, 'DT305', NULL, '2026-05-02 04:21:50', 0),
(186, 7, 24, 'DT306', NULL, '2026-05-02 04:21:51', 0),
(187, 7, 24, 'DT307', NULL, '2026-05-02 04:21:47', 0),
(188, 7, 24, 'DT308', NULL, NULL, 1),
(189, 7, 24, 'DT309', NULL, '2026-05-02 04:21:49', 0),
(190, 7, 24, 'DT310', NULL, NULL, 1),
(191, 8, 27, 'DD251', NULL, NULL, 1),
(192, 8, 27, 'DD252', NULL, NULL, 1),
(193, 8, 27, 'DD253', NULL, '2026-05-02 04:28:02', 0),
(194, 8, 27, 'DD254', NULL, '2026-05-02 04:28:03', 0),
(195, 8, 27, 'DD255', NULL, '2026-05-02 04:28:04', 0),
(196, 8, 27, 'DD256', NULL, '2026-05-02 04:28:05', 0),
(197, 8, 27, 'DD257', NULL, '2026-05-02 04:28:06', 0),
(198, 8, 27, 'DD258', NULL, '2026-05-02 04:28:07', 0),
(199, 8, 27, 'DD259', NULL, '2026-05-02 04:28:08', 0),
(200, 8, 27, 'DD260', NULL, '2026-05-02 04:28:09', 0),
(201, 9, 30, 'SS201', NULL, NULL, 1),
(202, 9, 30, 'SS202', NULL, NULL, 1),
(203, 9, 30, 'SS203', NULL, '2026-05-02 04:28:31', 0),
(204, 9, 30, 'SS204', NULL, NULL, 1),
(205, 9, 30, 'SS205', NULL, NULL, 1),
(206, 9, 30, 'SS206', NULL, '2026-05-02 04:28:34', 0),
(207, 9, 30, 'SS207', NULL, NULL, 1),
(208, 9, 30, 'SS208', NULL, '2026-05-02 04:28:37', 0),
(209, 9, 30, 'SS209', NULL, '2026-05-02 04:28:26', 0),
(210, 9, 30, 'SS210', NULL, '2026-05-02 04:28:35', 0),
(211, 9, 30, 'SS211', NULL, '2026-05-02 04:28:38', 0),
(212, 9, 30, 'SS212', NULL, '2026-05-02 04:28:40', 0),
(213, 9, 30, 'SS213', NULL, '2026-05-02 04:28:41', 0),
(214, 9, 30, 'SS214', NULL, '2026-05-02 04:28:33', 0),
(215, 9, 30, 'SS215', NULL, '2026-05-02 04:28:30', 0),
(216, 9, 30, 'SS216', NULL, '2026-05-02 04:28:28', 0),
(217, 9, 30, 'SS217', NULL, '2026-05-02 04:28:24', 0),
(218, 9, 30, 'SS218', NULL, '2026-05-02 04:28:23', 0),
(219, 9, 30, 'SS219', NULL, '2026-05-02 04:28:19', 0),
(220, 9, 30, 'SS220', NULL, '2026-05-02 04:28:15', 0),
(221, 10, 39, 'DD351', NULL, '2026-04-23 07:31:26', 1),
(222, 10, 39, 'DD352', NULL, NULL, 1),
(223, 10, 39, 'DD353', NULL, NULL, 1),
(224, 10, 39, 'DD354', NULL, '2026-05-02 04:21:21', 0),
(225, 10, 39, 'DD355', NULL, '2026-05-02 04:21:20', 0),
(226, 10, 39, 'DD356', NULL, '2026-05-02 04:21:19', 0),
(227, 10, 39, 'DD357', NULL, NULL, 1),
(228, 10, 39, 'DD358', NULL, '2026-05-02 04:21:18', 0),
(229, 10, 39, 'DD359', NULL, '2026-05-02 04:21:17', 0),
(230, 10, 39, 'DD360', NULL, '2026-05-02 04:21:15', 0),
(231, 11, 45, 'SF351', NULL, NULL, 1),
(232, 11, 45, 'SF352', NULL, '2026-04-28 04:26:42', 0),
(233, 11, 45, 'SF353', NULL, '2026-05-08 05:59:27', 1),
(234, 11, 45, 'SF354', NULL, NULL, 1),
(235, 11, 45, 'SF355', NULL, NULL, 1),
(236, 11, 45, 'SF356', NULL, '2026-05-02 04:20:39', 0),
(237, 11, 45, 'SF357', NULL, '2026-05-02 04:20:35', 0),
(238, 11, 45, 'SF358', NULL, '2026-05-02 04:20:33', 0),
(239, 11, 45, 'SF359', NULL, '2026-05-02 04:20:38', 0),
(240, 11, 45, 'SF360', NULL, '2026-05-02 04:20:36', 0),
(241, 11, 43, 'DD361', NULL, NULL, 1),
(242, 11, 43, 'DD362', NULL, NULL, 1),
(243, 11, 43, 'DD363', NULL, NULL, 1),
(244, 11, 43, 'DD364', NULL, '2026-05-02 04:20:54', 0),
(245, 11, 43, 'DD365', NULL, '2026-05-02 04:20:55', 0),
(246, 11, 43, 'DD366', NULL, '2026-05-02 04:20:58', 0),
(247, 11, 43, 'DD367', NULL, '2026-05-02 04:20:59', 0),
(248, 11, 43, 'DD368', NULL, NULL, 1),
(249, 11, 43, 'DD369', NULL, '2026-05-02 04:21:00', 0),
(250, 11, 43, 'DD370', NULL, '2026-05-02 04:21:02', 0),
(251, 6, 20, 'DT851', NULL, NULL, 1),
(252, 6, 20, 'DT852', NULL, NULL, 1),
(253, 6, 20, 'DT853', NULL, NULL, 1),
(254, 6, 20, 'DT854', NULL, NULL, 1),
(255, 6, 20, 'DT855', NULL, NULL, 1),
(256, 6, 20, 'DT856', NULL, NULL, 1),
(257, 6, 20, 'DT857', NULL, NULL, 1),
(258, 6, 20, 'DT858', NULL, NULL, 1),
(259, 6, 20, 'DT859', NULL, NULL, 1),
(260, 6, 20, 'DT860', NULL, NULL, 1),
(261, 6, 18, 'SSI981', NULL, NULL, 1),
(262, 6, 18, 'SSI982', NULL, NULL, 1),
(263, 6, 18, 'SSI983', NULL, NULL, 1),
(264, 6, 18, 'SSI984', NULL, '2026-05-02 04:22:12', 0),
(265, 6, 18, 'SSI985', NULL, '2026-05-02 04:22:09', 0),
(266, 6, 18, 'SSI986', NULL, NULL, 1),
(267, 6, 18, 'SSI987', NULL, '2026-05-02 04:22:01', 0),
(268, 6, 18, 'SSI988', NULL, NULL, 1),
(269, 6, 18, 'SSI989', NULL, NULL, 1),
(270, 6, 18, 'SSI990', NULL, '2026-05-02 04:22:03', 0),
(271, 6, 18, 'SSI991', NULL, '2026-05-02 04:22:06', 0),
(272, 6, 18, 'SSI992', NULL, '2026-05-02 04:27:49', 0),
(273, 6, 18, 'SSI993', NULL, '2026-05-02 04:22:05', 0),
(274, 6, 18, 'SSI994', NULL, '2026-05-02 04:22:15', 0),
(275, 6, 18, 'SSI995', NULL, '2026-05-02 04:22:04', 0),
(276, 6, 18, 'SSI996', NULL, '2026-05-02 04:22:07', 0),
(277, 6, 18, 'SSI997', NULL, '2026-05-02 04:22:11', 0),
(278, 6, 18, 'SSI998', NULL, '2026-05-02 04:22:13', 0),
(279, 6, 18, 'SSI999', NULL, '2026-05-02 04:27:51', 0),
(280, 6, 18, 'SSI1000', NULL, '2026-05-02 04:27:52', 0),
(294, 9, 33, 'PF251', NULL, NULL, 1),
(295, 9, 33, 'PF252', NULL, NULL, 1),
(296, 9, 33, 'PF253', NULL, NULL, 1),
(297, 9, 33, 'PF254', NULL, NULL, 1),
(298, 9, 33, 'PF255', NULL, '2026-05-02 04:29:05', 0),
(299, 9, 33, 'PF256', NULL, '2026-05-02 04:29:06', 0),
(300, 9, 33, 'PF257', NULL, '2026-05-02 04:29:07', 0),
(301, 9, 33, 'PF258', NULL, '2026-05-02 04:29:09', 0),
(302, 9, 33, 'PF259', NULL, '2026-05-02 04:29:09', 0),
(303, 9, 33, 'PF260', NULL, '2026-05-02 04:29:11', 0),
(304, 9, 31, 'DD261', NULL, NULL, 1),
(305, 9, 31, 'DD262', NULL, NULL, 1),
(306, 9, 31, 'DD263', NULL, NULL, 1),
(307, 9, 31, 'DD264', NULL, NULL, 1),
(308, 9, 31, 'DD265', NULL, NULL, 1),
(309, 9, 31, 'DD266', NULL, '2026-05-02 04:28:53', 0),
(310, 9, 31, 'DD267', NULL, '2026-05-02 04:28:54', 0),
(311, 9, 31, 'DD268', NULL, '2026-05-02 04:28:55', 0),
(312, 9, 31, 'DD269', NULL, '2026-05-02 04:28:57', 0),
(313, 9, 31, 'DD270', NULL, '2026-05-02 04:28:58', 0),
(314, 11, 44, 'DT371', NULL, NULL, 1),
(315, 11, 44, 'DT372', NULL, '2026-05-20 04:06:42', 0),
(316, 11, 44, 'DT373', NULL, '2026-04-30 07:18:36', 0),
(317, 11, 44, 'DT374', NULL, '2026-04-30 07:18:35', 0),
(318, 11, 44, 'DT375', NULL, '2026-04-30 07:18:35', 0);

--
-- Dumping data for table `room_blocks`
--

INSERT INTO `room_blocks` (`id`, `room_detail_id`, `from`, `to`, `reason`, `created_at`, `updated_at`) VALUES
(3, 37, '2026-04-30 18:30:00', '2026-05-01 18:30:00', 'Maintainance Block', '2026-04-30 12:42:36', '2026-04-30 12:42:36'),
(6, 6, '2026-04-30 18:30:00', '2026-05-02 18:30:00', 'For Testing', '2026-05-01 09:17:52', '2026-05-01 09:17:52'),
(7, 8, '2026-04-30 18:30:00', '2026-05-01 18:30:00', 'Test', '2026-05-01 10:14:27', '2026-05-01 10:14:27'),
(8, 9, '2026-05-01 18:30:00', '2026-05-02 18:30:00', 'Maintenance', '2026-05-01 12:46:59', '2026-05-01 12:46:59'),
(9, 43, '2026-05-04 18:30:00', '2026-05-05 18:30:00', 'Cleaning Work', '2026-05-02 05:00:17', '2026-05-02 05:00:17'),
(10, 44, '2026-05-07 18:30:00', '2026-05-08 18:30:00', 'Maintenance Block', '2026-05-07 12:49:19', '2026-05-07 12:49:19'),
(11, 44, '2026-05-11 18:30:00', '2026-05-12 18:30:00', NULL, '2026-05-12 12:00:56', '2026-05-12 12:00:56');

--
-- Dumping data for table `room_details`
--

INSERT INTO `room_details` (`id`, `hotel_id`, `type`, `category`, `description`, `qty`, `price`, `created_at`, `updated_at`, `max_adults`, `max_children`) VALUES
(1, 1, 'double', 'deluxe', 'A luxurious five-star hotel offering elegant rooms, world-class dining, and premium hospitality. Located in the upscale area of Ahmedabad, it provides modern amenities, refined interiors, and a comfortable stay for both business and leisure travelers.', 10, 4299.00, '2026-04-22 06:44:21', '2026-04-22 06:44:21', 2, 1),
(2, 1, 'family', 'premium', 'Spacious family premium rooms designed for comfort and convenience, featuring multiple beds, modern amenities, and elegant interiors. Ideal for families, offering ample space, high-speed WiFi, and a relaxing ambiance for a pleasant stay.', 5, 6899.00, '2026-04-22 07:35:19', '2026-04-22 08:06:04', 4, 2),
(3, 1, 'single', 'standard', 'Comfortable single standard room ideal for solo travelers, featuring a cozy bed, essential amenities, and a clean, functional layout. Perfect for a simple and budget-friendly stay with all basic conveniences.', 15, 1299.00, '2026-04-22 07:38:07', '2026-04-22 08:05:53', 1, 0),
(4, 1, 'twin', 'deluxe', 'Comfortable twin deluxe room featuring two well-appointed beds, stylish interiors, and modern amenities. Ideal for friends or colleagues, offering extra space, high-speed WiFi, and a relaxing, premium stay experience.', 10, 2999.00, '2026-04-22 07:46:48', '2026-04-22 08:05:44', 2, 0),
(5, 1, 'double', 'luxury', 'Elegant double deluxe room featuring a spacious double bed, modern furnishings, and premium amenities. Designed for comfort and relaxation, it offers ample space, high-speed WiFi, and a refined stay experience for couples or business travelers.', 5, 7899.00, '2026-04-22 07:59:13', '2026-04-22 08:05:34', 2, 0),
(6, 3, 'single', 'standard', 'Comfortable single standard room designed for solo travelers with essential amenities and a cozy setup.', 10, 1200.00, '2026-04-22 08:16:16', '2026-04-22 08:59:59', 1, 0),
(7, 3, 'double', 'deluxe', 'Elegant double deluxe room with modern interiors, spacious bedding, and premium comfort for couples.', 10, 2200.00, '2026-04-22 08:16:16', '2026-04-22 09:01:02', 2, 1),
(8, 3, 'twin', 'deluxe', 'Well-designed twin deluxe room with two separate beds and contemporary amenities for shared stays.', 10, 2000.00, '2026-04-22 08:16:16', '2026-04-22 09:10:59', 2, 1),
(9, 3, 'family', 'premium', 'Spacious family premium room offering multiple beds and ample space for a comfortable family stay.', 5, 3500.00, '2026-04-22 08:16:16', '2026-04-22 09:10:34', 4, 2),
(11, 4, 'double', 'deluxe', 'Stylish double deluxe room featuring elegant décor and enhanced amenities for a relaxing experience.', 5, 2300.00, '2026-04-22 08:16:16', '2026-04-22 09:09:41', 2, 1),
(12, 4, 'twin', 'deluxe', 'Twin deluxe room with modern furnishings and two cozy beds, perfect for friends or colleagues.', 5, 2100.00, '2026-04-22 08:16:16', '2026-04-22 09:06:15', 2, 1),
(13, 4, 'family', 'premium', 'Large family premium room designed with extra space and comfort for group or family stays.', 10, 3600.00, '2026-04-22 08:16:16', '2026-04-22 09:05:28', 4, 2),
(14, 5, 'single', 'standard', 'Simple and comfortable single room with essential facilities and a peaceful ambiance.', 0, 1100.00, '2026-04-22 08:16:16', '2026-04-22 08:16:16', 1, 0),
(15, 5, 'double', 'deluxe', 'Modern double deluxe room with refined interiors and comfortable bedding for a premium stay.', 10, 2100.00, '2026-04-22 08:16:16', '2026-04-22 09:13:22', 2, 1),
(16, 5, 'twin', 'deluxe', 'Twin room offering two beds, clean interiors, and all necessary amenities for convenience.', 10, 1900.00, '2026-04-22 08:16:16', '2026-04-22 09:13:02', 2, 1),
(17, 5, 'family', 'premium', 'Family premium room with spacious layout and multiple beds, ideal for longer stays.', 0, 3300.00, '2026-04-22 08:16:16', '2026-04-22 08:16:16', 4, 2),
(18, 6, 'single', 'suite', 'Well-maintained single room with a cozy bed and functional setup for solo travelers.', 20, 20.00, '2026-04-22 08:16:16', '2026-04-30 09:01:55', 1, 0),
(19, 6, 'double', 'luxury', 'Luxurious double deluxe room with high-end furnishings and premium facilities.', 10, 47.00, '2026-04-22 08:16:16', '2026-04-30 09:01:51', 2, 1),
(20, 6, 'twin', 'deluxe', 'Premium twin room with stylish décor and comfortable bedding for a refined stay.', 10, 45.00, '2026-04-22 08:16:16', '2026-04-30 09:01:46', 2, 1),
(21, 6, 'family', 'luxury', 'Large luxury family room with ample space and top-tier amenities.', 10, 80.00, '2026-04-22 08:16:16', '2026-04-30 09:01:40', 4, 2),
(22, 7, 'single', 'suite', 'Classic single room with elegant interiors and essential modern comforts.', 0, 25.00, '2026-04-22 08:16:16', '2026-04-22 08:37:03', 1, 0),
(23, 7, 'double', 'deluxe', 'Sophisticated double deluxe room with premium bedding and luxurious ambiance.', 0, 30.00, '2026-04-22 08:16:16', '2026-04-22 08:36:22', 2, 1),
(24, 7, 'twin', 'deluxe', 'Elegant twin room offering two beds and a refined interior experience.', 10, 45.00, '2026-04-22 08:16:16', '2026-04-22 09:14:49', 2, 1),
(25, 7, 'family', 'standard', 'Spacious family suite with luxurious setup and comfortable multi-bed arrangement.', 0, 79.00, '2026-04-22 08:16:16', '2026-04-22 08:35:14', 4, 2),
(26, 8, 'single', 'standard', 'Compact single room with modern design and essential amenities for a pleasant stay.', 0, 25.00, '2026-04-22 08:16:16', '2026-04-22 08:53:36', 1, 0),
(27, 8, 'double', 'deluxe', 'Double deluxe room featuring premium interiors and a comfortable double bed.', 10, 60.00, '2026-04-22 08:16:16', '2026-04-22 09:15:07', 2, 1),
(28, 8, 'twin', 'deluxe', 'Twin deluxe room with contemporary style and two well-appointed beds.', 0, 55.00, '2026-04-22 08:16:16', '2026-04-22 08:51:47', 2, 1),
(29, 8, 'family', 'premium', 'Spacious family room with modern features and ample space for group comfort.', 0, 90.00, '2026-04-22 08:16:16', '2026-04-22 08:51:28', 4, 2),
(30, 9, 'single', 'standard', 'Comfortable single room with modern amenities and a relaxing atmosphere.', 20, 22.00, '2026-04-22 08:16:16', '2026-04-22 09:15:33', 1, 0),
(31, 9, 'double', 'deluxe', 'Premium double deluxe room with stylish interiors and enhanced comfort.', 10, 58.00, '2026-04-22 08:16:16', '2026-04-29 08:15:16', 2, 1),
(32, 9, 'twin', 'deluxe', 'Twin room with modern design and two cozy beds for shared accommodation.', 0, 52.00, '2026-04-22 08:16:16', '2026-04-22 08:54:34', 2, 1),
(33, 9, 'family', 'premium', 'Luxury family room with spacious design and high-end facilities.', 10, 95.00, '2026-04-22 08:16:16', '2026-04-29 08:14:47', 4, 2),
(34, 2, 'single', 'standard', 'Comfortable single room with modern amenities and a relaxing atmosphere.', 10, 2200.00, '2026-04-22 08:16:16', '2026-04-22 09:12:25', 1, 0),
(35, 2, 'double', 'deluxe', 'Premium double deluxe room with stylish interiors and enhanced comfort.', 10, 5800.00, '2026-04-22 08:16:16', '2026-04-22 09:12:09', 2, 1),
(36, 2, 'twin', 'deluxe', 'Twin room with modern design and two cozy beds for shared accommodation.', 10, 5200.00, '2026-04-22 08:16:16', '2026-04-22 09:11:51', 2, 1),
(37, 2, 'family', 'premium', 'Luxury family room with spacious design and high-end facilities.', 5, 9500.00, '2026-04-22 08:16:16', '2026-04-22 09:11:32', 4, 2),
(38, 10, 'single', 'standard', 'Simple single room with clean setup and essential facilities for short stays.', 0, 1800.00, '2026-04-22 08:16:16', '2026-04-22 08:16:16', 1, 0),
(39, 10, 'double', 'deluxe', 'Double deluxe room offering modern comfort and elegant interiors.', 15, 40.00, '2026-04-22 08:16:16', '2026-04-23 07:37:34', 2, 1),
(40, 10, 'twin', 'deluxe', 'Twin room with functional design and comfortable bedding for two guests.', 0, 34.00, '2026-04-22 08:16:16', '2026-04-22 08:57:24', 2, 1),
(41, 10, 'family', 'premium', 'Family room designed with extra space and multiple sleeping arrangements.', 0, 70.00, '2026-04-22 08:16:16', '2026-04-22 08:57:12', 4, 2),
(42, 11, 'single', 'standard', 'Comfortable single room with cozy interiors and essential amenities for solo travelers.', 0, 1800.00, '2026-04-22 08:16:16', '2026-04-22 08:56:50', 1, 0),
(43, 11, 'double', 'deluxe', 'Elegant double deluxe room with modern furnishings and a relaxing ambiance.', 10, 3200.00, '2026-04-22 08:16:16', '2026-04-22 09:16:39', 2, 1),
(44, 11, 'twin', 'deluxe', 'Twin deluxe room with two beds and modern amenities for a comfortable shared stay.', 5, 3000.00, '2026-04-22 08:16:16', '2026-04-30 07:18:32', 2, 1),
(45, 11, 'family', 'suite', 'Spacious family premium room with multiple beds and a comfortable environment for families.', 10, 3500.00, '2026-04-22 08:16:16', '2026-04-22 09:16:28', 4, 2),
(50, 3, 'double', 'deluxe', 'ddddddd', 0, 101.00, '2026-04-23 06:39:15', '2026-04-23 06:40:30', 2, 1);

--
-- Dumping data for table `sessions`
--

INSERT INTO `sessions` (`id`, `user_id`, `ip_address`, `user_agent`, `payload`, `last_activity`) VALUES
('ggScNIZk7sf7FwXTcLSxhEcEkrIbUwaffXhZvZao', NULL, '127.0.0.1', 'Mozilla/5.0 (X11; Linux x86_64) AppleWebKit/537.36 (KHTML, like Gecko) Chrome/148.0.0.0 Safari/537.36', 'YTo0OntzOjY6Il90b2tlbiI7czo0MDoiUnJHbTFsU2FHQXZPVVlrbEFONTlNT1drdndvdmNmazlIVW5la3pPVSI7czoxMzoidXNlcl9sb2NhdGlvbiI7YTo3OntzOjEwOiJjb3VudHJ5X2lkIjtzOjI6IjcwIjtzOjEyOiJjb3VudHJ5X25hbWUiO3M6NToiSW5kaWEiO3M6MTI6ImNvdW50cnlfY29kZSI7czoyOiJJTiI7czoxMzoiY3VycmVuY3lfY29kZSI7czozOiJJTlIiO3M6MTU6ImN1cnJlbmN5X3N5bWJvbCI7czozOiLigrkiO3M6OToiY2l0eV9uYW1lIjtzOjY6IlJhamtvdCI7czo3OiJjaXR5X2lkIjtpOjI3O31zOjk6Il9wcmV2aW91cyI7YToyOntzOjM6InVybCI7czoyMToiaHR0cDovLzEyNy4wLjAuMTo4MDAxIjtzOjU6InJvdXRlIjtzOjExOiJjbGllbnQuaG9tZSI7fXM6NjoiX2ZsYXNoIjthOjI6e3M6Mzoib2xkIjthOjA6e31zOjM6Im5ldyI7YTowOnt9fX0=', 1781589126),
('kmcW3LOpbYAYKC0W7x79K5VX4MrsbvLx2TT7H7ZW', 2, '127.0.0.1', 'Mozilla/5.0 (X11; Linux x86_64) AppleWebKit/537.36 (KHTML, like Gecko) Chrome/148.0.0.0 Safari/537.36', 'YTo0OntzOjY6Il90b2tlbiI7czo0MDoiZ3Q2dDZvTEc4em81Umo2dVVOMk9UejBRc012UTRIY2tZYng0UFNKUiI7czo5OiJfcHJldmlvdXMiO2E6Mjp7czozOiJ1cmwiO3M6MzY6Imh0dHA6Ly8xMjcuMC4wLjE6ODAwMC9hZG1pbi9ib29raW5ncyI7czo1OiJyb3V0ZSI7czoyMDoiYWRtaW4uYm9va2luZ3MuaW5kZXgiO31zOjY6Il9mbGFzaCI7YToyOntzOjM6Im9sZCI7YTowOnt9czozOiJuZXciO2E6MDp7fX1zOjUwOiJsb2dpbl93ZWJfNTliYTM2YWRkYzJiMmY5NDAxNTgwZjAxNGM3ZjU4ZWE0ZTMwOTg5ZCI7aToyO30=', 1780916115);

--
-- Dumping data for table `states`
--

INSERT INTO `states` (`id`, `country_id`, `name`) VALUES
(1, 70, 'Andhra Pradesh'),
(2, 70, 'Arunachal Pradesh'),
(3, 70, 'Assam'),
(4, 70, 'Bihar'),
(5, 70, 'Chhattisgarh'),
(6, 70, 'Goa'),
(7, 70, 'Gujarat'),
(8, 70, 'Haryana'),
(9, 70, 'Himachal Pradesh'),
(10, 70, 'Jharkhand'),
(11, 70, 'Karnataka'),
(12, 70, 'Kerala'),
(13, 70, 'Madhya Pradesh'),
(14, 70, 'Maharashtra'),
(15, 70, 'Manipur'),
(16, 70, 'Meghalaya'),
(17, 70, 'Mizoram'),
(18, 70, 'Nagaland'),
(19, 70, 'Odisha'),
(20, 70, 'Punjab'),
(21, 70, 'Rajasthan'),
(22, 70, 'Sikkim'),
(23, 70, 'Tamil Nadu'),
(24, 70, 'Telangana'),
(25, 70, 'Tripura'),
(26, 70, 'Uttar Pradesh'),
(27, 70, 'Uttarakhand'),
(28, 70, 'West Bengal'),
(29, 70, 'Andaman and Nicobar Islands'),
(30, 70, 'Chandigarh'),
(31, 70, 'Dadra and Nagar Haveli and Daman and Diu'),
(32, 70, 'Delhi'),
(33, 70, 'Jammu and Kashmir'),
(34, 70, 'Ladakh'),
(35, 70, 'Lakshadweep'),
(36, 70, 'Puducherry'),
(197, 152, 'California'),
(198, 152, 'Texas'),
(199, 152, 'Florida'),
(200, 152, 'New York'),
(201, 151, 'England'),
(202, 151, 'Scotland'),
(203, 151, 'Wales'),
(204, 151, 'Northern Ireland'),
(205, 30, 'Ontario'),
(206, 30, 'Quebec'),
(207, 30, 'British Columbia'),
(208, 30, 'Alberta'),
(209, 8, 'New South Wales'),
(210, 8, 'Victoria'),
(211, 8, 'Queensland'),
(212, 8, 'Western Australia'),
(213, 60, 'Bavaria'),
(214, 60, 'Berlin'),
(215, 60, 'Hamburg'),
(216, 60, 'Hesse'),
(217, 56, 'Île-de-France'),
(218, 56, 'Provence-Alpes-Côte d\'Azur'),
(219, 56, 'Occitanie'),
(220, 56, 'Nouvelle-Aquitaine'),
(221, 35, 'Guangdong'),
(222, 35, 'Beijing'),
(223, 35, 'Shanghai'),
(224, 35, 'Sichuan'),
(225, 78, 'Tokyo'),
(226, 78, 'Osaka'),
(227, 78, 'Hokkaido'),
(228, 78, 'Kyoto'),
(229, 23, 'São Paulo'),
(230, 23, 'Rio de Janeiro'),
(231, 23, 'Bahia'),
(232, 23, 'Minas Gerais'),
(233, 126, 'Moscow'),
(234, 126, 'Saint Petersburg'),
(235, 126, 'Tatarstan'),
(236, 126, 'Novosibirsk'),
(237, 100, 'Jalisco'),
(238, 100, 'Nuevo León'),
(239, 100, 'Puebla'),
(240, 100, 'Yucatán'),
(241, 76, 'Lombardy'),
(242, 76, 'Lazio'),
(243, 76, 'Tuscany'),
(244, 76, 'Sicily'),
(245, 137, 'Catalonia'),
(246, 137, 'Madrid'),
(247, 137, 'Andalusia'),
(248, 137, 'Valencia'),
(249, 147, 'Istanbul'),
(250, 147, 'Ankara'),
(251, 147, 'Izmir'),
(252, 147, 'Antalya'),
(253, 128, 'Riyadh'),
(254, 128, 'Makkah'),
(255, 128, 'Eastern Province'),
(256, 128, 'Asir'),
(257, 150, 'Dubai'),
(258, 150, 'Abu Dhabi'),
(259, 150, 'Sharjah'),
(260, 150, 'Ajman'),
(261, 117, 'Punjab'),
(262, 117, 'Sindh'),
(263, 117, 'Khyber Pakhtunkhwa'),
(264, 117, 'Balochistan'),
(265, 13, 'Dhaka'),
(266, 13, 'Chittagong'),
(267, 13, 'Khulna'),
(268, 13, 'Rajshahi'),
(269, 71, 'Java'),
(270, 71, 'Sumatra'),
(271, 71, 'Bali'),
(272, 71, 'Kalimantan'),
(273, 135, 'Gauteng'),
(274, 135, 'Western Cape'),
(275, 135, 'KwaZulu-Natal'),
(276, 135, 'Eastern Cape');

--
-- Dumping data for table `subscriptions`
--

INSERT INTO `subscriptions` (`id`, `user_id`, `subscription_plan_id`, `downgrades_to_plan_id`, `stripe_price_id`, `stripe_id`, `stripe_customer_id`, `status`, `renewal_on`, `created_at`, `updated_at`) VALUES
(4, 23, 6, NULL, 'price_1Teun8LOdhBME3IkffuCVHnA', 'sub_1TevdXLOdhBME3Ik7GRGfaiw', 'cus_UeE576vcTmxIE3', 'cancelled', '2026-07-05 11:10:07', '2026-06-05 11:10:07', '2026-06-06 06:24:08');

--
-- Dumping data for table `subscriptions_histories`
--

INSERT INTO `subscriptions_histories` (`id`, `user_id`, `subscription_plan_id`, `amount`, `currency`, `converted_amount`, `converted_currency`, `stripe_session_id`, `stripe_invoice_id`, `stripe_price_id`, `status`, `created_at`, `updated_at`) VALUES
(1, 23, 6, 99.0000, 'INR', 99.0000, 'INR', 'cs_test_a1eVsNGDfjvIK6wqt57fHSZv9eNsRdZKvKLH2z5hf9IuQ3kM9C4euNMxEx', 'in_1TevdJLOdhBME3Ik9IL5XExQ', 'price_1Teun8LOdhBME3IkffuCVHnA', 1, '2026-06-05 11:09:20', '2026-06-05 11:10:07');

--
-- Dumping data for table `subscription_plans`
--

INSERT INTO `subscription_plans` (`id`, `name`, `price`, `currency`, `currency_symbol`, `stripe_price_id`, `stripe_product_id`, `facilities`, `type`, `created_at`, `updated_at`) VALUES
(6, 'Base Plan', 99.0000, 'INR', '₹', 'price_1Teun8LOdhBME3IkffuCVHnA', 'prod_UeDDLkbIZuoAcT', '[\"100% Confirmed Bookings\", \"Free Starters and Snacks\", \"Free Gym and Parking on Every Bookings\"]', 'monthly', '2026-06-05 10:15:53', '2026-06-05 10:15:53'),
(7, 'Traveller Plan', 299.0000, 'INR', '₹', 'price_1TeuqZLOdhBME3IkGSwP9yZS', 'prod_UeDHC3xLF7IJIK', '[\"100% Confirmed Bookings\", \"Food and Dining Included\", \"Free Gym and Parking on Every Bookings\", \"Flat 10% OFF on Every Booking\", \"Get Tour Guidance at Every Hotel\"]', 'monthly', '2026-06-05 10:19:27', '2026-06-05 10:19:27'),
(8, 'Explorer Plan', 599.0000, 'INR', '₹', 'price_1TeutkLOdhBME3IkXy47kLMo', 'prod_UeDKZjNZNZ670d', '[\"100% Confirmed Bookings\", \"Food and Dining Included\", \"Free Gym and Parking on Every Bookings\", \"Flat 20% OFF on Every Booking\", \"Get Tour Guidance at Every Hotel\", \"24/7 Agents Available to Explore you More\", \"Free Cabs for Pickup and Drop (T&C)\"]', 'monthly', '2026-06-05 10:22:45', '2026-06-05 10:22:45'),
(9, 'Royal Plan', 1599.0000, 'INR', '₹', 'price_1TeuyoLOdhBME3IkOidsZUME', 'prod_UeDPQKMY7ukm0k', '[\"No Waiting on Bookings (Instant Check In)\", \"Flat 40% Off on Every Booking\", \"Free Food and Dining Included\", \"Get Tour Guidance at Every Hotel\", \"Free Cabs for Pickup and Drop (T&C)\", \"Premium Lounge Access\", \"Free Fun Rides for Kids\"]', 'monthly', '2026-06-05 10:27:59', '2026-06-05 10:27:59');

--
-- Dumping data for table `transactions`
--

INSERT INTO `transactions` (`id`, `transactionable_type`, `transactionable_id`, `note`, `amount`, `converted_amount`, `currency`, `converted_currency`, `exchange_rate`, `mode`, `type`, `tax`, `tax_amount`, `hash`, `created_at`, `updated_at`) VALUES
(1, 'App\\Models\\Booking', 81, 'New Booking', 72.000000, 1854.790000, 'AED', 'INR', 25.761000, 'Stripe', 'credit', 0.0000, 0.000000, '9cd7d0b0c2538e2b66bb35932c0e3c6810d08ad87720954f6c559182a61243b0', '2026-05-07 07:53:09', '2026-05-07 07:53:09'),
(2, 'App\\Models\\Booking', 82, 'New Booking', 54.000000, 5109.210000, 'USD', 'INR', 94.615000, 'Stripe', 'credit', 0.0000, 0.000000, '945bdc6073f2fef5b7682cf4f2eb5a0a7a6561d9debf73b5e9b03079683710e9', '2026-05-07 07:53:09', '2026-05-07 07:53:09'),
(3, 'App\\Models\\Booking', 83, 'New Booking', 19.800000, 499.970000, 'SAR', 'INR', 25.251200, 'Stripe', 'credit', 0.0000, 0.000000, 'ac58d63f79270b208124a27336334af7601f17c2cfed140e3a6aab27b778e9b3', '2026-05-07 07:53:09', '2026-05-07 07:53:09'),
(4, 'App\\Models\\Refund', 17, 'New Booking', 19.800000, 499.970000, 'SAR', 'INR', 25.251200, 'Stripe', 'debit', 0.0000, 0.000000, '30e5e3d5e41f38cb4fe43634055e0a667110c7e2c0798baf4073cec988db39cc', '2026-05-07 07:53:09', '2026-05-07 07:53:09'),
(5, 'App\\Models\\Booking', 84, 'New Booking', 54.000000, 5109.210000, 'USD', 'INR', 94.615000, 'Stripe', 'credit', 0.0000, 0.000000, '876c045b70a4d51242c56938d684baee07a1ffda6d7ec1f7a52536afae101fc8', '2026-05-07 07:53:10', '2026-05-07 07:53:10'),
(6, 'App\\Models\\Booking', 85, 'New Booking', 400.000000, 400.000000, 'INR', 'INR', 1.000000, 'Stripe', 'credit', 0.0000, 0.000000, 'a140acc371b6cadc939f889d4ffed9ba2b773a3e9169e14a23151ca952df43ba', '2026-05-08 04:33:18', '2026-05-08 04:33:18'),
(7, 'App\\Models\\Booking', 83, 'New Booking', 19.800000, 499.970000, 'SAR', 'INR', 25.251200, 'Stripe', 'credit', 0.0000, 0.000000, '8cb03ab2a579ee8aac258ad5f4be64ed4050076d8397e60f2aa90ff3bd837489', '2026-05-12 11:50:36', '2026-05-12 11:50:36'),
(8, 'App\\Models\\Booking', 82, 'New Booking', 54.000000, 5109.210000, 'USD', 'INR', 94.615000, 'Stripe', 'credit', 0.0000, 0.000000, 'bd1d775b0b8881279dbd1d3df093150c7f3ad1927d669a16bf9e50fb07e6106e', '2026-05-12 11:50:36', '2026-05-12 11:50:36'),
(9, 'App\\Models\\Booking', 81, 'New Booking', 72.000000, 1854.790000, 'AED', 'INR', 25.761000, 'Stripe', 'credit', 0.0000, 0.000000, '15dec7b4345789ec1110572850f47606c8ace9dfebc515f2350a90703e6a455d', '2026-05-12 11:50:36', '2026-05-12 11:50:36'),
(10, 'App\\Models\\Booking', 83, 'New Booking', 19.800000, 499.970000, 'SAR', 'INR', 25.251200, 'Stripe', 'credit', 0.0000, 0.000000, 'f6e0189d63faf7a3faaa84c1879f3e16706193225dcaa2800fbda0f58a1abdff', '2026-05-12 11:50:36', '2026-05-12 11:50:36'),
(11, 'App\\Models\\Booking', 82, 'New Booking', 54.000000, 5109.210000, 'USD', 'INR', 94.615000, 'Stripe', 'credit', 0.0000, 0.000000, '1fd26b661bebe2449dd2713210e24381042ed4723fb01a1d9e571142263cad4d', '2026-05-12 11:50:36', '2026-05-12 11:50:36'),
(12, 'App\\Models\\Booking', 81, 'New Booking', 72.000000, 1854.790000, 'AED', 'INR', 25.761000, 'Stripe', 'credit', 0.0000, 0.000000, 'c115946de1dbd434e4ea30eb590017a179ecbd7732de6e40e9251c7ba8ed2dc4', '2026-05-12 11:50:36', '2026-05-12 11:50:36'),
(13, 'App\\Models\\Booking', 83, 'New Booking', 19.800000, 499.970000, 'SAR', 'INR', 25.251200, 'Stripe', 'credit', 0.0000, 0.000000, '17d9fa4106a7a751016a5a66e8e96489c72435057fe2f88d9ca329efbe04acdf', '2026-05-12 11:50:36', '2026-05-12 11:50:36'),
(14, 'App\\Models\\Booking', 82, 'New Booking', 54.000000, 5109.210000, 'USD', 'INR', 94.615000, 'Stripe', 'credit', 0.0000, 0.000000, '9d7a4a8d72a2a9cd16187028142d22c3629a6371adb533df9075e4513b34fc8e', '2026-05-12 11:50:36', '2026-05-12 11:50:36'),
(15, 'App\\Models\\Booking', 81, 'New Booking', 72.000000, 1854.790000, 'AED', 'INR', 25.761000, 'Stripe', 'credit', 0.0000, 0.000000, '86ea41aeb1796dea73a540335616b6a823dea3de94b851dd5a03b41d63e094d3', '2026-05-12 11:50:36', '2026-05-12 11:50:36'),
(16, 'App\\Models\\Booking', 83, 'New Booking', 19.000000, 499.000000, 'SAR', 'INR', 25.251200, 'Stripe', 'credit', 0.0000, 0.000000, '5d3131907d658cb854ba384bb4b1759f64fcead95ae6e8a94452143f9d76f343', '2026-05-12 11:50:36', '2026-05-12 11:50:36'),
(17, 'App\\Models\\Booking', 82, 'New Booking', 54.000000, 5109.000000, 'USD', 'INR', 94.615000, 'Stripe', 'credit', 0.0000, 0.000000, '8d8cfd97ecc3df324d9363215321323b637630e6f76ad445565279a5d33a1a45', '2026-05-12 11:50:36', '2026-05-12 11:50:36'),
(18, 'App\\Models\\Booking', 81, 'New Booking', 72.000000, 1854.000000, 'AED', 'INR', 25.761000, 'Stripe', 'credit', 0.0000, 0.000000, '482f38e5da3f1515b117ad2b1c4d8a84b4717812c952048e13101c3dfce97a59', '2026-05-12 11:50:36', '2026-05-12 11:50:36'),
(19, 'App\\Models\\Booking', 83, 'New Booking', 19.000000, 499.000000, 'SAR', 'INR', 25.251200, 'Stripe', 'credit', 0.0000, 0.000000, 'ecf2fa54ddffc152a89556531d2fb810dec546b285f70f83839719e24098a274', '2026-05-12 11:50:36', '2026-05-12 11:50:36'),
(20, 'App\\Models\\Booking', 82, 'New Booking', 54.000000, 5109.000000, 'USD', 'INR', 94.615000, 'Stripe', 'credit', 0.0000, 0.000000, '9c95df0ccd7669b2f5be14a09db248c75a8887d554827f7eca9dca3f44376bd7', '2026-05-12 11:50:36', '2026-05-12 11:50:36'),
(21, 'App\\Models\\Booking', 81, 'New Booking', 72.000000, 1854.000000, 'AED', 'INR', 25.761000, 'Stripe', 'credit', 0.0000, 0.000000, 'b8523b176523dd0cc3177868f4131f1872e8eb4e8d6ac997c00d85e4f3892ef8', '2026-05-12 11:50:36', '2026-05-12 11:50:36'),
(22, 'App\\Models\\Booking', 83, 'New Booking', 19.000000, 499.000000, 'SAR', 'INR', 25.251200, 'Stripe', 'credit', 0.0000, 0.000000, 'd81be08ded7587b5a5467ea1962f3cf660c3f070a04720c58768b49a213c353c', '2026-05-12 11:50:36', '2026-05-12 11:50:36'),
(23, 'App\\Models\\Booking', 82, 'New Booking', 54.000000, 5109.000000, 'USD', 'INR', 94.615000, 'Stripe', 'credit', 0.0000, 0.000000, 'c91db82ade3decd0dfbd6f4146d641f81e640a2268b575b8bcd9372cad54232e', '2026-05-12 11:50:36', '2026-05-12 11:50:36'),
(24, 'App\\Models\\Booking', 81, 'New Booking', 72.000000, 1854.000000, 'AED', 'INR', 25.761000, 'Stripe', 'credit', 0.0000, 0.000000, '0430b0f07f94c984e6660d2c42793cd8d02e0648e3fafd69f54e29c13434cf16', '2026-05-12 11:50:36', '2026-05-12 11:50:36'),
(25, 'App\\Models\\Booking', 86, 'New Booking', 1080.000000, 1080.000000, 'INR', 'INR', 1.000000, 'Stripe', 'credit', 0.0000, 0.000000, 'a7408812f09b09240766ae8ca752c183a2ffd11cd5950846a4025e468c74c000', '2026-05-12 12:04:11', '2026-05-12 12:04:11'),
(26, 'App\\Models\\Booking', 87, 'New Booking', 1980.000000, 1980.000000, 'INR', 'INR', 1.000000, 'Stripe', 'credit', 0.0000, 0.000000, '3e687c78bffe143eb2d7e290b663ef33b0cee57262d4abda5e08ea13a346f008', '2026-05-12 12:05:52', '2026-05-12 12:05:52'),
(27, 'App\\Models\\Booking', 88, 'New Booking', 1980.000000, 1980.000000, 'INR', 'INR', 1.000000, 'Stripe', 'credit', 0.0000, 0.000000, 'ed46ba802fe067cba18acb8475c5bd7d4acc69ebec070f15db2ac9e0b904843b', '2026-05-12 12:20:43', '2026-05-12 12:20:43'),
(28, 'App\\Models\\Booking', 88, 'New Booking', 1980.000000, 1980.000000, 'INR', 'INR', 1.000000, 'Stripe', 'credit', 0.0000, 0.000000, '24b6e303c8774387e4739565ee7e8f91bf5e4dd3a48a62aaa03cfb82105c6785', '2026-05-12 12:29:50', '2026-05-12 12:29:50'),
(29, 'App\\Models\\Booking', 89, 'New Booking', 2700.000000, 2700.000000, 'INR', 'INR', 1.000000, 'Stripe', 'credit', 0.0000, 0.000000, 'da5d94c0ba09d1cfc5b20ada6b8681d87225b1830d2c9681e95796275160cb6d', '2026-05-20 04:10:58', '2026-05-20 04:10:58'),
(30, 'App\\Models\\Booking', 92, 'New Booking', 6209.100000, 6209.100000, 'INR', 'INR', 1.000000, 'Stripe', 'credit', 0.0000, 0.000000, '3857b81aea80ce1b4d49d2242a6a6b16192c10e0c40c5c8edcd28920e9a0020b', '2026-05-21 07:12:33', '2026-05-21 07:12:33'),
(31, 'App\\Models\\Booking', 95, 'New Booking', 4299.000000, 4299.000000, 'INR', 'INR', 1.000000, 'Stripe', 'credit', 0.0000, 0.000000, '239c74254776dbc674490ac19702488696d099579d0d6b689f546426c205ca56', '2026-05-21 13:29:09', '2026-05-21 13:29:09'),
(32, 'App\\Models\\Booking', 96, 'New Booking', 7899.000000, 7899.000000, 'INR', 'INR', 1.000000, 'Stripe', 'credit', 0.0000, 0.000000, '278b3caedc0a77a8c4f9294ade68bcc046d09e7b982241b1af97d87ff6bd0a16', '2026-05-21 13:33:04', '2026-05-21 13:33:04'),
(33, 'App\\Models\\Booking', 97, 'New Booking', 6899.000000, 6899.000000, 'INR', 'INR', 1.000000, 'Stripe', 'credit', 0.0000, 0.000000, '3569770c5804a551d2e68bde7a880e73b7a21fcb9e9fd6f5c34f898c9bb55855', '2026-05-21 13:35:45', '2026-05-21 13:35:45'),
(34, 'App\\Models\\Booking', 98, 'New Booking', 4299.000000, 4299.000000, 'INR', 'INR', 1.000000, 'Stripe', 'credit', 0.0000, 0.000000, '43e3d6a93a6311082903f502dc404da7c27688bf8b0eb074a7496799c6c43872', '2026-05-21 13:40:19', '2026-05-21 13:40:19'),
(35, 'App\\Models\\Booking', 99, 'New Booking', 2999.000000, 2999.000000, 'INR', 'INR', 1.000000, 'Stripe', 'credit', 0.0000, 0.000000, 'eec5cdbc87e2a261e3a50b0dab577a7bc9217821858c368438adddd7d14f5231', '2026-05-21 13:47:09', '2026-05-21 13:47:09'),
(36, 'App\\Models\\Booking', 102, 'New Booking', 240.000000, 6243.720000, 'AED', 'INR', 26.015500, 'Stripe', 'credit', 0.0000, 0.000000, '439e49f2a831a36577ada6e98753b9d5d96970c12c684c3a219876ada9edb820', '2026-05-25 12:56:58', '2026-05-25 12:56:58'),
(37, 'App\\Models\\Booking', 107, 'New Booking', 156.600000, 3979.470000, 'SAR', 'INR', 25.411700, 'Stripe', 'credit', 0.0000, 0.000000, 'efd2c0744448e7f3ccb637b6a0d1aa36598cf7fd189dbca7e2d38e06f666a65e', '2026-05-25 13:37:58', '2026-05-25 13:37:58'),
(38, 'App\\Models\\Booking', 108, 'New Booking', 11198.000000, 11198.000000, 'INR', 'INR', 1.000000, 'Stripe', 'credit', 0.0000, 0.000000, '6b8076d7ae26c440fce46a4499065e958604049735811c662f9390d81499c8fd', '2026-05-29 10:39:03', '2026-05-29 10:39:03'),
(39, 'App\\Models\\Booking', 109, 'New Booking', 4299.000000, 4299.000000, 'INR', 'INR', 1.000000, 'Stripe', 'credit', 0.0000, 0.000000, '90c3be18003d10e078e78193fdb404b4c4c92f0ca9afc65aced40501d17065d2', '2026-06-01 07:24:32', '2026-06-01 07:24:32'),
(40, 'App\\Models\\Booking', 110, 'New Booking', 6899.000000, 6899.000000, 'INR', 'INR', 1.000000, 'Stripe', 'credit', 0.0000, 0.000000, '7fcb239cae91b288ced26235c1882c98dc9204f21b99bf3e4b02970ee3e6c1c7', '2026-06-01 07:25:30', '2026-06-01 07:25:30'),
(41, 'App\\Models\\Booking', 111, 'New Booking', 13798.000000, 13798.000000, 'INR', 'INR', 1.000000, 'Stripe', 'credit', 0.0000, 0.000000, '949057e8fec957a54cf0f32e8eb907831bf7cbb6bce0ffb2170eeb6fb7e975d0', '2026-06-01 07:26:28', '2026-06-01 07:26:28'),
(42, 'App\\Models\\Booking', 112, 'New Booking', 4299.000000, 4299.000000, 'INR', 'INR', 1.000000, 'Stripe', 'credit', 0.0000, 0.000000, '24bb830aa47850081905218a710ff460f3ab44edcdf4a0337deccaa47aff16f0', '2026-06-03 09:06:32', '2026-06-03 09:06:32'),
(43, 'App\\Models\\SubscriptionsHistory', 6, 'Subscribed By Ibrahim Garana for Plan - Test 4', 49.990000, 49.990000, 'USD', 'USD', 1.000000, 'stripe', 'credit', 0.0000, 0.000000, 'a231847c773d25a7b8d6b0d406140adc83291b747a1683231ca2a2412d54d728', '2026-06-04 06:00:13', '2026-06-04 06:00:13'),
(44, 'App\\Models\\Booking', 113, 'Booking By Ibrahim Garana for Hotel - Burj Al Arab Jumeirah', 20.000000, 520.550000, 'AED', 'INR', 26.027500, 'Stripe', 'credit', 0.0000, 0.000000, 'a9fb3f7d856189ff6c959c43328aab29eb63f3b743136462bddf611a19706580', '2026-06-04 06:02:06', '2026-06-04 06:02:06'),
(45, 'App\\Models\\SubscriptionsHistory', 1, 'Subscribed By Ibrahim Garana for Plan - Test 2', 18.999900, 18.999900, 'USD', 'USD', 1.000000, 'stripe', 'credit', 0.0000, 0.000000, 'a7534ec0ee45a554667c9b51fef352b02537e0a9c952bb77b521d500b74e218c', '2026-06-04 11:20:40', '2026-06-04 11:20:40'),
(46, 'App\\Models\\SubscriptionsHistory', 3, 'Subscribed By Ibrahim Garana for Plan - Test 2', 18.999900, 18.999900, 'USD', 'USD', 1.000000, 'stripe', 'credit', 0.0000, 0.000000, '52a4b45cf434a5ac8908529d73d43ca04c51e8ab5b9fc160655852d483d008b9', '2026-06-04 11:40:29', '2026-06-04 11:40:29'),
(47, 'App\\Models\\SubscriptionsHistory', 4, 'Subscribed By Ibrahim Garana for Plan - Test 2', 18.999900, 18.999900, 'USD', 'USD', 1.000000, 'stripe', 'credit', 0.0000, 0.000000, '2589a0d2734b8226dbcae100a05cbb6b310c9dca50b04e562157599e81cb4d11', '2026-06-04 11:56:30', '2026-06-04 11:56:30'),
(48, 'App\\Models\\SubscriptionsHistory', 5, 'Subscribed By Ibrahim Garana for Plan - Test 2', 18.999900, 18.999900, 'USD', 'USD', 1.000000, 'stripe', 'credit', 0.0000, 0.000000, 'c3a7c9dd18cb705a100e37969a92f1a6632ff566386e90f6ee7ad45622bd6ab1', '2026-06-04 12:22:29', '2026-06-04 12:22:29'),
(49, 'App\\Models\\SubscriptionsHistory', 6, 'Subscribed By Ibrahim Garana for Plan - Test 2', 18.999900, 18.999900, 'USD', 'USD', 1.000000, 'stripe', 'credit', 0.0000, 0.000000, 'a175a26c8087e7ac690eeabf6e149d937175ad0902f0fd5429bf34278fd809f7', '2026-06-04 12:23:33', '2026-06-04 12:23:33'),
(50, 'App\\Models\\SubscriptionsHistory', 7, 'Subscribed By Toy Crist DVM for Plan - Test 2', 18.999900, 18.999900, 'USD', 'USD', 1.000000, 'stripe', 'credit', 0.0000, 0.000000, 'd700d8cda284c98b4149d9528c7e918edafd6bca4807d1ed57d0bb129afe0fff', '2026-06-04 13:33:37', '2026-06-04 13:33:37'),
(51, 'App\\Models\\SubscriptionsHistory', 8, 'Subscribed By Toy Crist DVM for Plan - Test 2', 18.999900, 18.999900, 'USD', 'USD', 1.000000, 'stripe', 'credit', 0.0000, 0.000000, '5acf42971840fc5d92914e6b8a19636211544af2952995a9a846ae92ae05dc9a', '2026-06-04 13:41:02', '2026-06-04 13:41:02'),
(52, 'App\\Models\\SubscriptionsHistory', 9, 'Subscribed By Lorenz Daugherty DDS for Plan - Test Plan 3 (Edited)', 699.000000, 699.000000, 'USD', 'USD', 1.000000, 'stripe', 'credit', 0.0000, 0.000000, '600f1e378d2af4841f91f6d88ab0c95b3fa81795c7e4396becc3d5c7555fd53f', '2026-06-05 06:32:04', '2026-06-05 06:32:04'),
(53, 'App\\Models\\SubscriptionsHistory', 10, 'Subscribed By Lorenz Daugherty DDS for Plan - Test 2', 18.999900, 18.999900, 'USD', 'USD', 1.000000, 'stripe', 'credit', 0.0000, 0.000000, 'e5e673420048dde9efec3c08279cbf20624d4c168cdd78ec15006fa2f024d9dc', '2026-06-05 06:58:50', '2026-06-05 06:58:50'),
(54, 'App\\Models\\SubscriptionsHistory', 11, 'Subscribed By Lorenz Daugherty DDS for Plan - Test 2', 18.999900, 18.999900, 'USD', 'USD', 1.000000, 'stripe', 'credit', 0.0000, 0.000000, '93aa8d937cc4a09f7a4e81657cb49db303407eb143e8cb14686577a633c465b1', '2026-06-05 09:01:19', '2026-06-05 09:01:19'),
(55, 'App\\Models\\SubscriptionsHistory', 1, 'Subscribed By Lorenz Daugherty DDS for Plan - Base Plan', 99.000000, 99.000000, 'INR', 'INR', 1.000000, 'stripe', 'credit', 0.0000, 0.000000, 'c8b7cb4b3439d235e7b979a549ade69cbbb50ef76927849c9b9c3156759341bf', '2026-06-05 11:10:08', '2026-06-05 11:10:08');

--
-- Dumping data for table `users`
--

INSERT INTO `users` (`id`, `name`, `email`, `email_verified_at`, `password`, `phone`, `role`, `remember_token`, `created_at`, `updated_at`, `deleted_at`) VALUES
(1, 'Ibrahim Garana', 'ibrahim.g@techxperts.co.in', NULL, '$2y$12$l6WIo/grHKLaH.pgh/YLxeSfkJbLcdD7JfdV5zmytZwZ4Yq2KHjFS', '9725847556', 'customer', 'nyLtyg8XO8KhqnxjT1LYfI76lbhxE41Cqs4wUSvYBTs58sS4rYdCIkYnLAyZ', '2026-04-22 04:46:15', '2026-05-01 07:27:13', NULL),
(2, 'Admin of System', 'ibrahimgarana704@gmail.com', NULL, '$2y$12$dcU9Zw29JHBakCGN2cO6pu1cz3eWp9eYLB8eE4P0ClA4OEgYoNOr2', '9100292900', 'admin', NULL, '2026-04-22 05:12:51', '2026-04-22 05:12:51', NULL),
(3, 'Manager of Hotel X', 'manager@example.com', NULL, '$2y$12$eg5r/OPYwpfQ4Mu53aipPu4FJoZeLAxOw9uNBQecQsZ5brNGr0Fpq', '9004587766', 'manager', NULL, '2026-04-22 05:15:14', '2026-04-22 05:15:14', NULL),
(4, 'Jeramy Larson', 'allison.cole@example.org', '2026-04-22 05:16:51', '$2y$12$iu/tmeLgGbLtR2b5x3O/Xe.Dvri6jT6OrbSL7HqFUON1PYH8N1Rj.', NULL, 'customer', 'qKlQZv065v', '2026-04-22 05:16:51', '2026-05-02 06:26:24', '2026-05-02 06:26:24'),
(5, 'Toy Crist DVM', 'roxanne.mitchell@example.org', '2026-04-22 05:16:51', '$2y$12$iu/tmeLgGbLtR2b5x3O/Xe.Dvri6jT6OrbSL7HqFUON1PYH8N1Rj.', NULL, 'customer', 'p0VoxfuJif', '2026-04-22 05:16:51', '2026-05-02 06:26:36', NULL),
(6, 'Ruben Kling', 'lubowitz.emiliano@example.net', '2026-04-22 05:16:51', '$2y$12$iu/tmeLgGbLtR2b5x3O/Xe.Dvri6jT6OrbSL7HqFUON1PYH8N1Rj.', NULL, 'customer', '5SEmefSLst', '2026-04-22 05:16:51', '2026-04-22 05:16:51', NULL),
(7, 'Curt Hansen', 'xbahringer@example.com', '2026-04-22 05:16:51', '$2y$12$iu/tmeLgGbLtR2b5x3O/Xe.Dvri6jT6OrbSL7HqFUON1PYH8N1Rj.', NULL, 'customer', 'urzCdtiGEK', '2026-04-22 05:16:51', '2026-04-22 05:16:51', NULL),
(8, 'Mr. Kraig Frami', 'camryn.ohara@example.org', '2026-04-22 05:16:51', '$2y$12$iu/tmeLgGbLtR2b5x3O/Xe.Dvri6jT6OrbSL7HqFUON1PYH8N1Rj.', NULL, 'customer', 'BvQDURZDGd', '2026-04-22 05:16:51', '2026-04-22 05:16:51', NULL),
(9, 'Jaren Vandervort III', 'ggreen@example.com', '2026-04-22 05:16:51', '$2y$12$iu/tmeLgGbLtR2b5x3O/Xe.Dvri6jT6OrbSL7HqFUON1PYH8N1Rj.', NULL, 'customer', 'i9OlKXu1Rfke1MdrJslopblidIU1HQKr0xDl2bMpGwWRpxbgnVrjBNIwdxpT', '2026-04-22 05:16:51', '2026-04-22 05:16:51', NULL),
(10, 'Neoma Little', 'ashlee57@example.com', '2026-04-22 05:16:51', '$2y$12$iu/tmeLgGbLtR2b5x3O/Xe.Dvri6jT6OrbSL7HqFUON1PYH8N1Rj.', NULL, 'customer', 'DDDUkmQUNP', '2026-04-22 05:16:51', '2026-04-22 05:16:51', NULL),
(11, 'Prof. Carson Schuppe', 'knicolas@example.com', '2026-04-22 05:16:51', '$2y$12$iu/tmeLgGbLtR2b5x3O/Xe.Dvri6jT6OrbSL7HqFUON1PYH8N1Rj.', NULL, 'customer', '17Sz6e2Z3v', '2026-04-22 05:16:51', '2026-04-22 05:16:51', NULL),
(12, 'Dr. Joany Pollich Jr.', 'hassie.okon@example.net', '2026-04-22 05:16:51', '$2y$12$iu/tmeLgGbLtR2b5x3O/Xe.Dvri6jT6OrbSL7HqFUON1PYH8N1Rj.', NULL, 'customer', 'MtfZDhq7t7', '2026-04-22 05:16:51', '2026-04-22 05:16:51', NULL),
(13, 'Michele Welch', 'alyce.abshire@example.org', '2026-04-22 05:16:51', '$2y$12$iu/tmeLgGbLtR2b5x3O/Xe.Dvri6jT6OrbSL7HqFUON1PYH8N1Rj.', NULL, 'customer', 'mjuf3EKIf1', '2026-04-22 05:16:51', '2026-04-22 05:16:51', NULL),
(14, 'Tyrell Schulist', 'lwaelchi@example.net', '2026-04-22 05:16:51', '$2y$12$iu/tmeLgGbLtR2b5x3O/Xe.Dvri6jT6OrbSL7HqFUON1PYH8N1Rj.', NULL, 'customer', 'dXxV0mAPME', '2026-04-22 05:16:51', '2026-05-01 07:10:22', '2026-05-01 07:10:22'),
(15, 'Derek Tremblay', 'kaleb.bode@example.com', '2026-04-22 05:16:51', '$2y$12$iu/tmeLgGbLtR2b5x3O/Xe.Dvri6jT6OrbSL7HqFUON1PYH8N1Rj.', NULL, 'customer', 'Zd0suImCWG', '2026-04-22 05:16:51', '2026-04-22 05:16:51', NULL),
(16, 'Anabelle Hammes', 'rogahn.braden@example.net', '2026-04-22 05:16:51', '$2y$12$iu/tmeLgGbLtR2b5x3O/Xe.Dvri6jT6OrbSL7HqFUON1PYH8N1Rj.', '8574698425', 'customer', 'WVSTGsZaSk', '2026-04-22 05:16:52', '2026-05-06 07:29:21', NULL),
(17, 'Jess Purdy', 'marques.spencer@example.org', '2026-04-22 05:16:51', '$2y$12$iu/tmeLgGbLtR2b5x3O/Xe.Dvri6jT6OrbSL7HqFUON1PYH8N1Rj.', NULL, 'customer', 'ScxsAs8Y5G', '2026-04-22 05:16:52', '2026-04-22 05:16:52', NULL),
(18, 'Mrs. Trycia Lakin', 'herman51@example.com', '2026-04-22 05:16:51', '$2y$12$iu/tmeLgGbLtR2b5x3O/Xe.Dvri6jT6OrbSL7HqFUON1PYH8N1Rj.', NULL, 'customer', 'w4ISayzchV', '2026-04-22 05:16:52', '2026-04-22 05:16:52', NULL),
(19, 'Obie Kshlerin', 'braxton85@example.org', '2026-04-22 05:16:51', '$2y$12$iu/tmeLgGbLtR2b5x3O/Xe.Dvri6jT6OrbSL7HqFUON1PYH8N1Rj.', NULL, 'customer', 'e6OIsyGKi3', '2026-04-22 05:16:52', '2026-04-22 05:16:52', NULL),
(20, 'Armand Effertz', 'mortimer.breitenberg@example.net', '2026-04-22 05:16:51', '$2y$12$iu/tmeLgGbLtR2b5x3O/Xe.Dvri6jT6OrbSL7HqFUON1PYH8N1Rj.', NULL, 'customer', 'dBVreRxF6Z', '2026-04-22 05:16:52', '2026-04-22 05:16:52', NULL),
(21, 'Mr. Stewart Pagac II', 'pfeffer.leonie@example.net', '2026-04-22 05:16:51', '$2y$12$iu/tmeLgGbLtR2b5x3O/Xe.Dvri6jT6OrbSL7HqFUON1PYH8N1Rj.', NULL, 'customer', '6rqgpJWnex', '2026-04-22 05:16:52', '2026-04-22 05:16:52', NULL),
(22, 'Dr. Clement Marvin', 'teagan.lebsack@example.org', '2026-04-22 05:16:51', '$2y$12$iu/tmeLgGbLtR2b5x3O/Xe.Dvri6jT6OrbSL7HqFUON1PYH8N1Rj.', NULL, 'customer', '7nM4DiS4Jl59TJs0AqWjq3C86YR1xuQtNwohIU9ZYLCQUc2KK9ofHXIyZHBm', '2026-04-22 05:16:52', '2026-04-22 05:16:52', NULL),
(23, 'Lorenz Daugherty DDS', 'hsmith@example.net', '2026-04-22 05:16:51', '$2y$12$iu/tmeLgGbLtR2b5x3O/Xe.Dvri6jT6OrbSL7HqFUON1PYH8N1Rj.', NULL, 'customer', '29zmEB8Ivh', '2026-04-22 05:16:52', '2026-04-22 05:16:52', NULL),
(24, 'test', 'user1@example.com', NULL, '$2y$12$Xo5dWhWKfKxvNBDPAx.yVuO.7umdgUZdX6.2Vg6Qt0jwaBBTtCNXK', '685461', 'customer', NULL, '2026-04-23 12:36:58', '2026-04-23 12:36:58', NULL),
(25, 'Profile 2', 'garana07060@gmail.com', NULL, '$2y$12$7q/LjBhGE9X4f3Rq3dqkiefxBDIrgAAmfq9EORYZSgc3UbfWh14Xq', '9585748523', 'customer', NULL, '2026-04-28 06:53:53', '2026-04-28 06:53:53', NULL),
(26, 'test edit', 'testedit@example.com', NULL, '$2y$12$ct7Zjib9NBIFW8nJ4BJF2OHt68xLeJpFPYm6.TzwDbe0LL/cbAWGu', '8888888888', 'customer', NULL, '2026-05-01 07:41:10', '2026-05-01 09:06:52', NULL);

--
-- Dumping data for table `user_profiles`
--

INSERT INTO `user_profiles` (`id`, `user_id`, `gender`, `dob`, `address`, `city_id`, `pincode`, `id_type`, `id_number`, `created_at`, `updated_at`) VALUES
(1, 1, 'male', '2004-06-07', 'Jetpur', 27, '360370', 'passport', '2004005250056', '2026-04-22 05:08:20', '2026-04-22 05:08:20'),
(2, 16, NULL, NULL, NULL, NULL, NULL, NULL, NULL, '2026-05-06 07:29:21', '2026-05-06 07:29:21');
SET FOREIGN_KEY_CHECKS=1;
COMMIT;

/*!40101 SET CHARACTER_SET_CLIENT=@OLD_CHARACTER_SET_CLIENT */;
/*!40101 SET CHARACTER_SET_RESULTS=@OLD_CHARACTER_SET_RESULTS */;
/*!40101 SET COLLATION_CONNECTION=@OLD_COLLATION_CONNECTION */;
